20,0.0631620278973787
20,-0.0147274519730071
20,0.12569585344636
20,0.245437503774367
20,0.172389098198894
20,0.29050089162013
20,0.253296132687334
20,-0.0827700995899851
20,0.173667781708144
20,0.121316102653301
20,0.108701950596111
20,0.126740426266718
20,0.239939699952978
20,0.104065440573007
20,0.118244867449653
20,0.237656297526859
20,0.0314539423405315
20,0.193331734884563
20,0.245003030599336
20,0.175563582554185
20,0.190501407724595
20,0.106187317376462
20,0.0242059739760235
20,0.159179858055026
20,0.121662837519982
20,0.223406458398868
20,0.0637182780540246
20,0.109049620184747
20,0.171135001465485
20,-0.0614984291408201
20,0.130755580116533
20,0.131396725061122
20,0.086714402586178
20,0.18302165869715
20,0.0987895935403416
20,0.219737866415609
20,0.144760233754911
20,0.193929699894416
20,0.113752461674804
20,0.106458507889483
20,0.158972347955353
20,0.0599397788728357
20,0.196524355362135
20,0.0459519545535593
20,0.222991896926167
20,0.101925279788064
20,-0.108138246690181
20,0.105844734934354
20,0.187836551559688
20,0.152447346787278
20,-0.060328056958295
20,0.177444217698652
20,0.0457197206804077
20,0.0831172294026213
20,0.215989430093616
20,0.204308618882524
20,-0.112075358798922
20,0.10031238814061
20,0.0897900236304836
20,0.0947716204012994
20,0.16198505503682
20,0.199174458366115
20,0.0891251498287447
20,0.247257203410376
20,0.0749988869796591
20,0.0693206436967818
20,0.214729892014893
20,0.238654405569926
20,0.126211620315773
20,0.156938404546602
20,0.200708835938369
20,-0.0139861315181328
20,0.115814033435476
20,0.214502999444076
20,0.0626110975464603
20,0.194639478889903
20,0.1079925413086
20,0.126800564574185
20,0.187550749452172
20,0.183989319590684
20,0.244991694161115
20,0.0594486741531616
20,0.223496806707698
20,0.241281790284833
20,0.184536049664372
20,0.213299936377877
20,0.0764712977584189
20,0.230105840307247
20,0.169307223303638
20,0.18570467215707
20,0.192631876793324
20,0.0539173632739153
20,0.0771519384011228
20,0.205119166074825
20,0.104301208191363
20,0.198596993593736
20,0.13339213896904
20,0.0979920462516564
20,0.0429304573859983
20,0.184558149219913
40,0.163697663766835
40,0.16108474893643
40,0.13352641209346
40,0.187756744656245
40,0.14334497127354
40,0.187417465345079
40,0.221435866076559
40,0.194011959641541
40,0.255198566709459
40,0.195977062383375
40,0.263486425262401
40,0.22323455917796
40,0.146988559327051
40,0.120122256837579
40,0.190839193139287
40,0.220252629511128
40,0.233073080275061
40,0.155321726211168
40,0.223392811166849
40,0.186142883437288
40,0.200157261447354
40,0.146386846289314
40,0.199263009242769
40,0.179761741422912
40,0.241221946530245
40,0.233125751577708
40,0.216415865125005
40,0.0726351047461331
40,0.116284701725039
40,0.0398202729513458
40,0.12943673501402
40,0.176213991128169
40,0.179991465597792
40,0.200199355385739
40,0.252450655341956
40,0.204632809558739
40,0.172252953600408
40,0.0822123050161893
40,0.106527210565141
40,0.102536665628687
40,0.123517937841688
40,0.157326718023681
40,0.0332756222730679
40,0.185305487652574
40,0.174289655788124
40,0.0501691227448125
40,0.16150167364501
40,0.135265848155208
40,0.153360927040527
40,0.142830731937977
40,0.0890998004780184
40,0.180558936288719
40,0.0758622226530371
40,0.121676433969466
40,0.205539658914244
40,0.126649874690913
40,0.106598218346628
40,0.145486091850819
40,0.193973366585834
40,0.242843784597195
40,0.22272036261506
40,0.16631027115855
40,0.213279961951776
40,0.140514728630222
40,0.00521620829803932
40,0.24557014769753
40,0.221412454018118
40,0.16146045028428
40,0.222665443665179
40,0.0812107669775881
40,0.159937210805927
40,0.188544180578525
40,0.0775065524896098
40,0.0160422830194577
40,0.132679985581578
40,0.145102423976458
40,0.146103666331706
40,0.228515747167495
40,0.200298815617392
40,0.220150778143466
40,0.192097986661905
40,0.153667630134457
40,0.22625014710617
40,0.167688289128832
40,0.20101523738562
40,0.195331679316552
40,0.0965103853769022
40,0.118208324787266
40,0.151120395053687
40,0.167738905998375
40,0.157457393709682
40,0.124990512894831
40,0.19274658621547
40,0.207919055373896
40,0.147850028842671
40,0.244630604810328
40,0.138896886441523
40,0.142094338477023
40,0.174485042526699
40,0.263810015328956
60,0.133713187596208
60,0.178504452217907
60,0.204128802379934
60,0.174015019093972
60,0.286693083669727
60,0.0604292096133552
60,-0.00121612065603446
60,0.1895465766442
60,0.107693811363705
60,0.122196375349774
60,0.116779490399719
60,0.164477906599348
60,0.102952929010179
60,0.00633954053727551
60,0.135786737310624
60,0.201331377343608
60,0.187376821471691
60,0.164087565375843
60,0.197447046606428
60,0.158660273166594
60,0.15890260616298
60,0.223116142682815
60,0.251271394275229
60,0.21204836809819
60,0.0939481563855605
60,0.142937115669489
60,0.177346179341164
60,0.204312962784752
60,0.141688353567427
60,0.0636789090412242
60,0.0127161954373731
60,0.238273006874449
60,0.195678027230558
60,0.0918503092141975
60,0.244284792826712
60,0.183042752775783
60,0.202311826487897
60,0.138973596641035
60,0.2052658054441
60,0.169461974384611
60,0.205227437807523
60,0.105496602988585
60,0.185969023782744
60,0.0987280270655242
60,0.126765532333658
60,0.111501917720327
60,0.13066836966595
60,0.117088029287929
60,0.229534799239216
60,0.190807705448941
60,0.240743539518072
60,0.135012658705248
60,0.199173532946
60,0.19919127370936
60,0.119510615689224
60,0.211561958689932
60,0.107474902992716
60,0.149967836381876
60,0.24382077549189
60,0.0885541436088697
60,0.147809899508317
60,0.113570466363214
60,0.106922579644368
60,0.233055943756531
60,0.170608835380917
60,0.201887223983906
60,0.181189469474571
60,0.111006568646057
60,0.198789372759842
60,0.187004340499235
60,0.254641244009877
60,0.111801789967239
60,0.161567804736773
60,0.233079313326117
60,0.230917416919963
60,0.135636726753554
60,0.10546316963721
60,0.108139996562715
60,0.212778897683709
60,0.173698481897957
60,0.199200924732338
60,0.212021510228232
60,0.0922325750347182
60,0.203428003406929
60,0.248455326750476
60,0.216504631670779
60,0.174649551547967
60,0.0203424179417882
60,0.172436234314445
60,0.137883528802394
60,0.0731758547830116
60,0.187409870194424
60,0.163856950765004
60,0.10774845647849
60,0.164356985552768
60,0.173219670286098
60,0.17889094268785
60,0.205414725828809
60,0.219372241099041
60,0.205428149081992
80,0.126132946470273
80,0.190128989979594
80,0.138538678823363
80,0.204545912143113
80,0.115653802026266
80,0.231996512687325
80,0.19969671260371
80,0.156428471402044
80,0.19607969830209
80,0.148040399103053
80,0.133005275631
80,0.152944684502608
80,0.114614326977939
80,0.250330669133653
80,0.178049224135029
80,0.167424911462461
80,0.183983735893855
80,0.174821182986304
80,0.225877810831435
80,0.148920644587333
80,0.18751511417647
80,0.14215551652967
80,0.203742268786562
80,0.192585110560003
80,0.123041916280246
80,0.0976711282088037
80,0.142844287444102
80,0.162010207591538
80,0.212758386813496
80,0.112679565564157
80,0.137936862247265
80,0.225890765720507
80,0.166840422252678
80,0.116957858234982
80,0.17911919190851
80,0.082276065099589
80,0.0948876931730607
80,0.154269406152951
80,0.226416289332163
80,0.213188303872144
80,0.237352027723786
80,0.116429326884272
80,0.163674876124767
80,0.233114307133387
80,0.199041587467614
80,0.177671937751629
80,0.157196054589746
80,0.152590258062111
80,0.185629898259028
80,0.216500967410159
80,0.22492633701376
80,0.193466182935251
80,0.224728713522112
80,0.0991717278526119
80,0.191550727991771
80,0.132531792223214
80,0.243040122088576
80,0.175506674108197
80,0.185452283598166
80,0.220750795324871
80,0.121398000627475
80,0.153538836151212
80,0.184005002566588
80,0.190903873959606
80,0.217957020309635
80,0.134434550979082
80,0.154307913425734
80,0.230011660282965
80,0.157007947417923
80,0.132116386532883
80,0.212831606766372
80,0.202502592054856
80,0.129817346987456
80,0.274806472777177
80,0.225012227059135
80,0.228845177339006
80,0.157597541312269
80,0.0760685283906376
80,0.159820282167894
80,0.260092372909354
80,0.20573779241812
80,0.205652720791462
80,0.196068515822223
80,0.0787686653283454
80,0.145799145834636
80,0.185102534122692
80,0.198493911871391
80,0.171574647073034
80,0.212117755061503
80,0.166411892945672
80,0.190267423871583
80,0.133199559393268
80,0.245136291012199
80,0.143100202551974
80,0.0952098311444757
80,0.167338375801492
80,0.130088806004081
80,0.152887677412146
80,0.145868146807928
80,0.19772732893193
100,0.114515190479507
100,0.227685720431547
100,0.225822676511499
100,0.210647621300026
100,0.129980610193098
100,0.173215602903279
100,0.197899994257038
100,0.23971793651727
100,0.142231973514568
100,0.12127225158488
100,0.188167808922562
100,0.123369966381056
100,0.217066839041338
100,0.166311560040027
100,0.156919355634119
100,0.205835482851497
100,0.165129015143894
100,0.190928453562222
100,0.213420609075065
100,0.151883208263923
100,0.151904639684074
100,0.0879215686393258
100,0.169127792792039
100,0.219302613209784
100,0.227336629478877
100,0.170202850667218
100,0.220951457510313
100,0.258901990166825
100,0.235162750719961
100,0.136182270962488
100,0.203624226129719
100,0.211894308217399
100,0.16470076403302
100,0.23396995931975
100,0.140024920200722
100,0.178911671625691
100,0.244269463762529
100,0.172286032458189
100,0.240145228847172
100,0.0877011478256635
100,0.191774344353236
100,0.13964536819778
100,0.196466487154338
100,0.127820293086255
100,0.16298589370556
100,0.233823789686416
100,0.227950166530178
100,0.102075538079944
100,0.15762604226406
100,0.223247152789579
100,0.154823283256933
100,0.199792547724697
100,0.212802484790759
100,0.129880028826352
100,0.23604819334509
100,0.208485053849588
100,0.179183345822272
100,0.199500014379091
100,0.143049532808468
100,0.164253801736229
100,0.136913617915522
100,0.118121861424356
100,0.153698690473397
100,0.215896260577482
100,0.147530540752534
100,0.139334399870937
100,0.213631862457285
100,0.143859523333519
100,0.171854438586713
100,0.200693414012907
100,0.154837406870908
100,0.174104422532705
100,0.19593226852664
100,0.210674433293835
100,0.243975009610699
100,0.0732555576119976
100,0.160376069938979
100,0.180783493477209
100,0.110657899649617
100,0.150955473067123
100,0.155270138904535
100,0.106648414828108
100,0.254400596117724
100,0.175837857197679
100,0.182698006117153
100,0.215465515513599
100,0.187144646866554
100,0.22447238519616
100,0.204207793333358
100,0.084619817681993
100,0.222034801667867
100,0.0982008173181227
100,0.196729997930831
100,0.122332131424068
100,0.0976433967597965
100,0.141339809212807
100,0.0841993342158495
100,0.117234668348595
100,0.149249126327396
100,0.218677549512986
120,0.115098569201385
120,0.142242126295253
120,0.206627647593655
120,0.203245622077219
120,0.154167774259774
120,0.167513149829592
120,0.200383708923019
120,0.0978368189989953
120,0.129608989023779
120,0.20409353008519
120,0.248902619856488
120,0.204778825946385
120,0.189970841229625
120,0.194636735794098
120,0.224165693375465
120,0.150334739861856
120,0.248564413527624
120,0.173170197253159
120,0.207843100395189
120,0.166679123507911
120,0.15578703446117
120,0.229998759217004
120,0.1707413867799
120,0.210784139783165
120,0.169651424287723
120,0.130182310079349
120,0.21554671958928
120,0.189059249770947
120,0.152197097321481
120,0.155865051645873
120,0.193948222010612
120,0.201773839214379
120,0.17831140421731
120,0.14045209286852
120,0.174548089298233
120,0.138727997099836
120,0.209123447296035
120,0.13385902554382
120,0.176680527437877
120,0.139732836437806
120,0.164934403040964
120,0.206111293167416
120,0.189482649975094
120,0.133869582821288
120,0.167625978235093
120,0.16049122146655
120,0.216254397798064
120,0.195867396961068
120,0.157986212902803
120,0.143346008444873
120,0.127931616460627
120,0.107918266628242
120,0.197466438426727
120,0.199540577795907
120,0.223515054697192
120,0.163562897090378
120,0.204592894235787
120,0.230124645384138
120,0.085983302314421
120,0.144885145507771
120,0.134873646230659
120,0.205563738063741
120,0.170446451024326
120,0.0964948072926369
120,0.132689721581613
120,0.153370564776986
120,0.22621183783155
120,0.148234244893405
120,0.106217583611719
120,0.119254269455329
120,0.239412394312056
120,0.156114268196297
120,0.179756703748214
120,0.18326260375518
120,0.156138473829767
120,0.236833841537811
120,0.130264790347948
120,0.213370831238199
120,0.198290425159833
120,0.174721859222838
120,0.200867423975673
120,0.196509496995695
120,0.242706101942272
120,0.161670218025334
120,0.209354672014275
120,0.152300279495728
120,0.113961155125798
120,0.132402170175825
120,0.216119788131813
120,0.174586926991975
120,0.119582524477015
120,0.103232374662677
120,0.175172320048718
120,0.204808718282948
120,0.138616433786188
120,0.208605459992495
120,0.174773299396521
120,0.169614091621505
120,0.177327046389406
120,0.206061758581224
140,0.149332472671288
140,0.220280337007866
140,0.220250555664405
140,0.15415179254378
140,0.195343140461185
140,0.227482103868754
140,0.204478364466589
140,0.156545392311882
140,0.161975934389964
140,0.249081046670331
140,0.150550266632837
140,0.136239480045312
140,0.22778496630263
140,0.190851520728611
140,0.127622036810864
140,0.111568562167788
140,0.137231373612003
140,0.185400780444321
140,0.240561828518431
140,0.211772791845936
140,0.168356225537856
140,0.19597409537954
140,0.227461218023597
140,0.178064487205703
140,0.225707715424841
140,0.212713769197154
140,0.172877708145872
140,0.242466449307425
140,0.106458642478192
140,0.237905247117224
140,0.242364150737751
140,0.168102606155766
140,0.188980937891133
140,0.240667647727931
140,0.197612050791175
140,0.160108518325792
140,0.145964653291747
140,0.216864979684477
140,0.148000615137591
140,0.181261597516525
140,0.192999096102017
140,0.165836920930992
140,0.154147686549749
140,0.16963250592583
140,0.181121682443232
140,0.200906161231277
140,0.182605693663671
140,0.134313442080619
140,0.216075319571642
140,0.166491468653908
140,0.142899981933247
140,0.193492297586382
140,0.192043846154768
140,0.233912460111679
140,0.163258690166921
140,0.257895276352402
140,0.259082427822351
140,0.183393810201874
140,0.229706893864258
140,0.206764844174849
140,0.218278541127675
140,0.094681714887295
140,0.216858524918748
140,0.178669208781118
140,0.218415039719859
140,0.0699316878549451
140,0.201559468379098
140,0.137011073318651
140,0.19991816590495
140,0.169509026026002
140,0.128436866626441
140,0.174996137818178
140,0.222860106108632
140,0.228182934296003
140,0.168824481412916
140,0.151348768656798
140,0.202606646032706
140,0.170705888470505
140,0.207835128465047
140,0.154913531830025
140,0.25546762963548
140,0.212887164309576
140,0.214535621514698
140,0.186534501247638
140,0.203444482726373
140,0.23163705171453
140,0.139278601747541
140,0.105932363758947
140,0.102565572164747
140,0.127850492884447
140,0.137059209997322
140,0.187513518233391
140,0.164606149520991
140,0.179408108970782
140,0.190858035653747
140,0.198960583695448
140,0.185706944491759
140,0.184574282680901
140,0.139592124522344
140,0.210903096600637
160,0.171582202730482
160,0.180646506139082
160,0.128076790089763
160,0.228820986685632
160,0.130033278029837
160,0.145776200680739
160,0.202373661406156
160,0.152397775105667
160,0.229976081310301
160,0.155688945046673
160,0.183210908126983
160,0.216612433595619
160,0.224386185784154
160,0.204389873126995
160,0.190918136954501
160,0.198951824399135
160,0.191853349194575
160,0.218206459384055
160,0.163374880190958
160,0.158741730620783
160,0.238312076911561
160,0.150340028457348
160,0.143149331799219
160,0.190850896042638
160,0.137284814766025
160,0.173420079187
160,0.23498671796458
160,0.164441555580253
160,0.208825409506681
160,0.230587637481574
160,0.174637990803323
160,0.190870166759389
160,0.166171649230437
160,0.135314679359313
160,0.210854851575987
160,0.170413335412991
160,0.193901579801183
160,0.189077838186377
160,0.223279540761094
160,0.226638014445434
160,0.17758162918181
160,0.1554721163537
160,0.225650234633918
160,0.184984712020108
160,0.158651937353382
160,0.18307020576075
160,0.206951121624815
160,0.134764379308731
160,0.141160640893921
160,0.142065098467731
160,0.178880583795253
160,0.18722475453122
160,0.20704547167662
160,0.170383506488932
160,0.201168706118559
160,0.131380085512519
160,0.125313808082727
160,0.188751765561748
160,0.18582659860544
160,0.154735345193875
160,0.192617051274364
160,0.174427036355176
160,0.189062243856537
160,0.203645375767742
160,0.212650143105547
160,0.186616934118586
160,0.152227204521912
160,0.212718800914505
160,0.178678035023825
160,0.157139890478042
160,0.199628928934257
160,0.2011501046847
160,0.138153108133992
160,0.164275156628008
160,0.196499473325583
160,0.175830085561284
160,0.193859835371423
160,0.145718545722839
160,0.208840680706402
160,0.182746361340909
160,0.220004361859648
160,0.117964902310826
160,0.162801444774012
160,0.133247049392733
160,0.155798970502107
160,0.200438101872801
160,0.24529340245764
160,0.080441314370166
160,0.219792161770831
160,0.232463238726763
160,0.166647302547591
160,0.213463878907754
160,0.161684699337174
160,0.166745948078749
160,0.207783918648288
160,0.227510961878914
160,0.0974727720396882
160,0.112171922852841
160,0.165055554350711
160,0.104091922038322
180,0.113201527456095
180,0.150333872310084
180,0.202361735486337
180,0.171248799106802
180,0.127165879278075
180,0.199946209050637
180,0.187154662719526
180,0.144875727874164
180,0.216763343243901
180,0.233385149338001
180,0.19286144788558
180,0.194952313792763
180,0.220715050418
180,0.212454493969831
180,0.203674231378662
180,0.179167262331833
180,0.182399556428479
180,0.181009410748905
180,0.0772488571338043
180,0.210773183202084
180,0.117776902049329
180,0.11130352947512
180,0.157813278754918
180,0.233775427057264
180,0.144291543138988
180,0.164713760507688
180,0.233766717010164
180,0.184880729342947
180,0.154845451619325
180,0.142207738770365
180,0.211902559795597
180,0.163351811557775
180,0.233223510886601
180,0.166565350031825
180,0.220568939079023
180,0.226988389311694
180,0.223187654439014
180,0.189922569787971
180,0.163971826111431
180,0.207988161749153
180,0.158835340415475
180,0.185191941771717
180,0.197472919579634
180,0.157736010030191
180,0.172582418110575
180,0.236369465391028
180,0.177376722904571
180,0.194058384760262
180,0.215184229040588
180,0.229569452095944
180,0.245877823585939
180,0.193135164994223
180,0.114124273538114
180,0.253264300200836
180,0.112837004176987
180,0.228328815406521
180,0.180282685564553
180,0.2016353832141
180,0.107728495617876
180,0.163866418404378
180,0.163179385326001
180,0.184564655480629
180,0.194560046821376
180,0.2354599287061
180,0.140881466919899
180,0.117290741433626
180,0.124620161349857
180,0.120401234657885
180,0.233944774321641
180,0.223040468711034
180,0.167620978487964
180,0.215105528553747
180,0.202255881016683
180,0.0812711921918539
180,0.195806151280017
180,0.234284944164412
180,0.209459264574866
180,0.234829137458786
180,0.156939606731435
180,0.157553003865605
180,0.166233951540082
180,0.129861355732235
180,0.220260355618789
180,0.191259202471793
180,0.236004160962691
180,0.215522050223576
180,0.202727117400259
180,0.163357282152108
180,0.211815082906877
180,0.239614861213414
180,0.147338767043387
180,0.211970857073719
180,0.15910272407876
180,0.118228610699571
180,0.159998319662014
180,0.164084912970371
180,0.15440452529859
180,0.146599961451021
180,0.113495733415751
180,0.171330855935413
200,0.203666334555327
200,0.159859497151199
200,0.167721605438358
200,0.156368347989926
200,0.15828663971387
200,0.217537176227593
200,0.221680650691014
200,0.234749979804372
200,0.148177274347509
200,0.214667005168881
200,0.151904405096213
200,0.177775404834288
200,0.146118999905928
200,0.209454364669704
200,0.23105128904531
200,0.129410839723921
200,0.20209096428141
200,0.185275951233473
200,0.151096552130856
200,0.193755780546398
200,0.198145676020783
200,0.195337519294462
200,0.187816346087868
200,0.211292603256996
200,0.153754465137296
200,0.165472095124611
200,0.188133777014683
200,0.236770897768299
200,0.140639732119152
200,0.201378700459279
200,0.204932772525072
200,0.242118609673493
200,0.14554497953261
200,0.185248511494058
200,0.191804726429773
200,0.176489644005112
200,0.183246632466162
200,0.244065799816666
200,0.187234819822203
200,0.144034084492626
200,0.200317499415814
200,0.215416683137697
200,0.234964706886648
200,0.226800937043858
200,0.190462693074955
200,0.202129198984124
200,0.144607991970411
200,0.077864142190423
200,0.194562472215926
200,0.216328281070832
200,0.159927315807871
200,0.120385245978874
200,0.255477135337364
200,0.169708504191663
200,0.204406857491491
200,0.203916029388586
200,0.192984499437033
200,0.194958897733432
200,0.18398333060386
200,0.232574861375236
200,0.172389163130917
200,0.234575758988494
200,0.199193965510516
200,0.217763376164467
200,0.192244227892067
200,0.210845835372654
200,0.214649643376644
200,0.242658807865667
200,0.161702511883483
200,0.140557415658411
200,0.183892173246072
200,0.138217298775282
200,0.170650879263506
200,0.194244740419419
200,0.220094264149051
200,0.172566005968559
200,0.225245145869271
200,0.210077860708231
200,0.156018607750557
200,0.185857725508859
200,0.13370996489408
200,0.19471366354934
200,0.166103710708352
200,0.188653066780895
200,0.153316596055818
200,0.212079567136634
200,0.251623507532551
200,0.158578512525447
200,0.204331463248598
200,0.166983069341447
200,0.195311273702135
200,0.123256533115744
200,0.223630468999843
200,0.178958296489971
200,0.193322223241396
200,0.195737105119829
200,0.188345277373675
200,0.185288472425912
200,0.198942614774993
200,0.191609686653942
220,0.21485917142522
220,0.180254173928545
220,0.108047930867263
220,0.188684220284136
220,0.209180837983263
220,0.215177264708678
220,0.206455429092183
220,0.104698881862192
220,0.224925343942876
220,0.16781863091405
220,0.153802281345095
220,0.0836433865700828
220,0.198737311607936
220,0.226054921147995
220,0.179437763047888
220,0.220083283433205
220,0.201476596662603
220,0.174040718497889
220,0.197197404822425
220,0.208164285807018
220,0.219813362115809
220,0.226239551463966
220,0.167770309683048
220,0.18507608654424
220,0.180521580649265
220,0.176024316012309
220,0.184060440037206
220,0.193512166155558
220,0.182072677617182
220,0.237096281391737
220,0.209755102405058
220,0.143077648648957
220,0.14239731974424
220,0.160325259719338
220,0.228796101180529
220,0.198668111795315
220,0.202515263245167
220,0.166347567657399
220,0.235324794919145
220,0.186160624679049
220,0.203494679500227
220,0.166648998216269
220,0.177979103160026
220,0.147737901705778
220,0.238744600765861
220,0.202178702246836
220,0.208896013725334
220,0.206319261988023
220,0.172048773670484
220,0.213768809449584
220,0.21881339328598
220,0.171651696804832
220,0.167683073162703
220,0.161785583714686
220,0.188982005326358
220,0.211516314924876
220,0.215789164008221
220,0.198689081984868
220,0.131158412038457
220,0.225941742300497
220,0.187326530420656
220,0.22047099578963
220,0.15277509251029
220,0.220931782975807
220,0.127311424221547
220,0.179963859089225
220,0.190920915084975
220,0.145219482934892
220,0.143240644954716
220,0.191339660032249
220,0.185546195386703
220,0.153563288431095
220,0.192038126969217
220,0.221328985960831
220,0.143901152444851
220,0.216678524918923
220,0.144619295494608
220,0.193278680141576
220,0.211597126292605
220,0.17002197619888
220,0.206874553594149
220,0.234710970753237
220,0.227850105486337
220,0.186887577444987
220,0.185429726337701
220,0.146533155583812
220,0.179766342684649
220,0.231901382120175
220,0.194547153071396
220,0.158446654140179
220,0.167114181439651
220,0.214985578656121
220,0.207832562791067
220,0.139501863862763
220,0.141215282547773
220,0.132121792731036
220,0.224115604446546
220,0.223330381002562
220,0.199327331792067
220,0.202518707543459
240,0.205990836447576
240,0.20300013035945
240,0.182397408485831
240,0.194900685476512
240,0.199295581059083
240,0.204625992944848
240,0.168094280434718
240,0.203726150406982
240,0.221836231434537
240,0.167068060595846
240,0.147727101908987
240,0.227269899304515
240,0.173698584567736
240,0.202323843968273
240,0.23645012603139
240,0.202730712509076
240,0.140579415638028
240,0.223934038666565
240,0.217828847692811
240,0.199572328223612
240,0.138456976211018
240,0.156966055709833
240,0.182634949148181
240,0.209807340822902
240,0.196673746991522
240,0.149966861905867
240,0.19294503561444
240,0.189675576195171
240,0.189680921129517
240,0.229111648207029
240,0.157694056678477
240,0.166617763357938
240,0.174983289236021
240,0.188562079432999
240,0.215880213307992
240,0.193210479697293
240,0.183952042731384
240,0.18079482424772
240,0.183747152441233
240,0.148972453656255
240,0.156944682889479
240,0.152026613766079
240,0.226718940039375
240,0.200881099015377
240,0.176189395041036
240,0.244522224311375
240,0.10923775419271
240,0.173064374875448
240,0.169584769827087
240,0.196488711678073
240,0.198900478796977
240,0.172656695704677
240,0.152297021400105
240,0.158913206269786
240,0.240789048450848
240,0.175584443417055
240,0.206582513705291
240,0.211918948065849
240,0.129528479760521
240,0.208341898924094
240,0.195535384398859
240,0.194775277034945
240,0.239038016910838
240,0.191174266529853
240,0.184399161228444
240,0.207477855552029
240,0.169236610010772
240,0.17974583855246
240,0.185673712020735
240,0.245741509249897
240,0.178965907845064
240,0.165167727546044
240,0.217721497517298
240,0.124606538584615
240,0.159549538861255
240,0.218603219338173
240,0.159785442701625
240,0.181493560137008
240,0.225679481570028
240,0.13403713286257
240,0.174064123425121
240,0.200597550029097
240,0.178852241913088
240,0.169898559639167
240,0.205063977941411
240,0.191412357973201
240,0.182966596219587
240,0.225126244980805
240,0.204887234560896
240,0.233574257576079
240,0.16091769437772
240,0.250890471524962
240,0.130114265822172
240,0.146101065523094
240,0.191548920270134
240,0.201930315426693
240,0.202950086624117
240,0.169907505892201
240,0.23384436758113
240,0.163712650434477
260,0.177983748318781
260,0.220787696929086
260,0.137698535197855
260,0.171289623395913
260,0.148228205410935
260,0.172051127835331
260,0.181611139364871
260,0.169825383863363
260,0.196153585096659
260,0.225452050014574
260,0.176954909913545
260,0.1683414112257
260,0.197883659311161
260,0.226307931313956
260,0.173820030451943
260,0.129673166921281
260,0.198664231413318
260,0.141940883354873
260,0.220290463074039
260,0.211141583684991
260,0.1971239063367
260,0.141784779624346
260,0.245581458560494
260,0.221192978918448
260,0.23142623661034
260,0.217032701378005
260,0.213388788987038
260,0.219927866778954
260,0.170811509538371
260,0.183354939256504
260,0.176297656522696
260,0.191725726044347
260,0.178214888506344
260,0.207390692115665
260,0.228057018417023
260,0.221468389506488
260,0.132682289932529
260,0.178453542439309
260,0.173704230869924
260,0.19752314450326
260,0.217668653718803
260,0.140051737943427
260,0.174453225098029
260,0.206318635465433
260,0.239872404593819
260,0.184000634853857
260,0.222309382411372
260,0.205620635371778
260,0.130954605780716
260,0.199941612943687
260,0.215369180832914
260,0.21835950969199
260,0.163300649941675
260,0.19329461365214
260,0.185978086790209
260,0.165986048808184
260,0.194710236796554
260,0.230098776046174
260,0.213868390121785
260,0.124120260148633
260,0.178860752669534
260,0.20001492299578
260,0.205755533846928
260,0.200498540450282
260,0.13948976261429
260,0.222565271048787
260,0.198377965514549
260,0.187761108423876
260,0.178093234721564
260,0.179371360337483
260,0.143973831857851
260,0.256647858703921
260,0.201180840902402
260,0.162139884211825
260,0.131783560147034
260,0.183117518619047
260,0.183716454419863
260,0.15563039357691
260,0.161765079427738
260,0.21274452515595
260,0.17832186780907
260,0.13819305170794
260,0.171362080237383
260,0.152816820767775
260,0.225950456181186
260,0.184361048634275
260,0.179838691312079
260,0.221176486836561
260,0.199727868867711
260,0.164770223525544
260,0.161594895895024
260,0.225097524767523
260,0.18910326433156
260,0.230127703676075
260,0.204921034575974
260,0.157839790714684
260,0.241116718889017
260,0.172933154392573
260,0.235533540348065
260,0.164249399591979
280,0.227170148426032
280,0.240017823836586
280,0.169092075369219
280,0.21452190758104
280,0.155654153924243
280,0.172822872026412
280,0.23881202091204
280,0.17357493620326
280,0.165155038703556
280,0.177916971360008
280,0.188887365650808
280,0.216591849737951
280,0.224806000965182
280,0.192091484790675
280,0.199232959098078
280,0.247851949964902
280,0.223988165778597
280,0.180960884118844
280,0.1555713487567
280,0.2219635273151
280,0.209254002840904
280,0.219761393510455
280,0.14921776048441
280,0.175582297046201
280,0.20423968338962
280,0.183242787505409
280,0.220572379860378
280,0.177708324992491
280,0.229968177568399
280,0.16995698748426
280,0.17475384832768
280,0.186189482033896
280,0.192656958592972
280,0.209812827174606
280,0.182780118314465
280,0.190758407247985
280,0.19685903142742
280,0.185695371173882
280,0.162773103184396
280,0.16843203242912
280,0.195823417959447
280,0.198529238610663
280,0.207398990778734
280,0.220917139970443
280,0.229617649298117
280,0.145599691504235
280,0.181398238275158
280,0.21529485825471
280,0.201568207040656
280,0.164609502091733
280,0.220018146553173
280,0.128214478123681
280,0.153737916014046
280,0.218379646897867
280,0.169473268829256
280,0.1849390817134
280,0.212657724658827
280,0.140495419313218
280,0.156718316468503
280,0.160212657746073
280,0.153515215941182
280,0.182608067422634
280,0.174260349585386
280,0.19451552821558
280,0.238088895394506
280,0.139775365020802
280,0.123275872742731
280,0.202320172404458
280,0.190637905275178
280,0.212018550041935
280,0.21160407062813
280,0.210258909764398
280,0.184451134289233
280,0.211662178281641
280,0.139822833689362
280,0.162973928852088
280,0.153503724680064
280,0.182378020249812
280,0.151038774110703
280,0.129205430135991
280,0.237875631664522
280,0.24382910619837
280,0.153981225981531
280,0.165703137030062
280,0.231661832244635
280,0.235922738139922
280,0.2245568054007
280,0.175631500491425
280,0.223024476523813
280,0.129367203661852
280,0.234330338027763
280,0.21302107841212
280,0.102936361177003
280,0.202469268769934
280,0.220690005388425
280,0.139177311740931
280,0.198429703276307
280,0.181145482208868
280,0.148991473393642
280,0.240927159786848
300,0.202112156259084
300,0.203845372636587
300,0.164863222027747
300,0.194024641697928
300,0.208478160530175
300,0.172194970725694
300,0.178821662468695
300,0.182787034368585
300,0.263593055747385
300,0.220201329491168
300,0.205086080096058
300,0.222305835661435
300,0.235636441004556
300,0.196774199215554
300,0.214223149468805
300,0.181854831119577
300,0.201564530107776
300,0.174930078341292
300,0.204107786112191
300,0.212300775395261
300,0.192483649790908
300,0.175742689753794
300,0.192971908698881
300,0.216615051353745
300,0.218345798709002
300,0.179102432613661
300,0.192275739952002
300,0.198801879982051
300,0.205066360159945
300,0.225221639968415
300,0.231558780440954
300,0.213857639803177
300,0.21084629433911
300,0.139740728141938
300,0.186347958991311
300,0.180454360171755
300,0.206571019997488
300,0.165474498046892
300,0.203680792992097
300,0.207288922507547
300,0.217979342573817
300,0.200694672296046
300,0.198549840092916
300,0.170050102145197
300,0.209486435842011
300,0.197513758306407
300,0.182877785864141
300,0.150051419128018
300,0.101262549459
300,0.176799831334825
300,0.167168687168961
300,0.178731799374161
300,0.14789671529966
300,0.204614463831552
300,0.182201804190304
300,0.200656536694847
300,0.188891276500552
300,0.178268170508674
300,0.177333969634642
300,0.23452440489948
300,0.20691791247031
300,0.189720721106177
300,0.185877371495893
300,0.188424071670981
300,0.180367933351296
300,0.184729844974365
300,0.201426516101079
300,0.212210380123257
300,0.161664195085053
300,0.262229750683433
300,0.232727452409669
300,0.190321074946556
300,0.177415631450124
300,0.122932300931167
300,0.195787256057603
300,0.194788285093183
300,0.174968042924446
300,0.202783372946907
300,0.217452866903483
300,0.140561802236234
300,0.190884567699986
300,0.174481224956017
300,0.174602654767195
300,0.194433416515545
300,0.205316923634573
300,0.179692759419803
300,0.196541452876964
300,0.194688938967188
300,0.189911975998923
300,0.165689706036942
300,0.196167675541279
300,0.216795537284929
300,0.221830050861897
300,0.183776851761911
300,0.210652873527234
300,0.190004206028956
300,0.220320307127798
300,0.201056349631934
300,0.14618641948827
300,0.147985489740697
320,0.208074150842055
320,0.171781274149627
320,0.120781384200363
320,0.175281228116069
320,0.140307128827532
320,0.184549248155419
320,0.152411072649949
320,0.186720418914103
320,0.176102840294339
320,0.219170788492346
320,0.195268876930821
320,0.108741095790416
320,0.203543948019544
320,0.1780716220017
320,0.191264223612832
320,0.221282167528943
320,0.167996886382753
320,0.156635119899729
320,0.122765836988929
320,0.141431114650501
320,0.212810297562129
320,0.201019386280866
320,0.220574351181627
320,0.193182387680974
320,0.201320500513319
320,0.216358819149855
320,0.194140448042496
320,0.183306127955984
320,0.215815062830395
320,0.154008655750507
320,0.20315192920921
320,0.137733314449189
320,0.217046378763288
320,0.191429938305952
320,0.222595635246753
320,0.199018241828016
320,0.216487072188903
320,0.196798796671456
320,0.224688824271223
320,0.177887791137331
320,0.182204349552736
320,0.201068992027569
320,0.232988467433402
320,0.149360885482988
320,0.18815997286324
320,0.198482941995591
320,0.194476983882048
320,0.127305586077861
320,0.190100888715753
320,0.142341377210359
320,0.111919402004959
320,0.217562948993778
320,0.162089998566521
320,0.214682250163785
320,0.154680356094031
320,0.151268335755598
320,0.229969370060688
320,0.187918439315474
320,0.16861536721516
320,0.154504012665596
320,0.15225557428738
320,0.202798301571754
320,0.183226595313387
320,0.150511195098461
320,0.19460406008683
320,0.201353638285623
320,0.188543683360252
320,0.178388617151991
320,0.139975579887889
320,0.219475214084935
320,0.168981710798602
320,0.215850667459215
320,0.149491162695209
320,0.185507397972289
320,0.237447034966148
320,0.147442095151546
320,0.201074547983551
320,0.138691741864769
320,0.160041111742435
320,0.159839231667443
320,0.204376268342843
320,0.147984693792378
320,0.182979108293044
320,0.169407163914154
320,0.166206541829965
320,0.198546384430775
320,0.208481310135739
320,0.180153008557303
320,0.170131007469183
320,0.228564757604942
320,0.199000714314685
320,0.201422520734113
320,0.203258413528248
320,0.264947071491098
320,0.147003385006759
320,0.224632950582291
320,0.208851660529115
320,0.200343456354723
320,0.182338359571643
320,0.170092862898835
400,0.207655564100552
400,0.165047608858561
400,0.176756517146553
400,0.222230474197447
400,0.190837615816095
400,0.20023343077997
400,0.191622154706367
400,0.188979882119906
400,0.192383387238183
400,0.20432390064425
400,0.14979965906235
400,0.150141134158809
400,0.202515220471339
400,0.221759221365606
400,0.227211149092264
400,0.216261201877607
400,0.196714839007932
400,0.166080568370612
400,0.23779916252323
400,0.22912030425282
400,0.177714578977763
400,0.168566920162603
400,0.200289186107364
400,0.182362171067735
400,0.174291618295982
400,0.244113937089586
400,0.220944393009851
400,0.183798569554085
400,0.225537898544807
400,0.168850844537949
400,0.195637543847305
400,0.212245146918831
400,0.203247063228986
400,0.196613578205063
400,0.191235835769771
400,0.174916009055734
400,0.14120547916471
400,0.186782712141501
400,0.210717944820024
400,0.204480242771729
400,0.156712539804345
400,0.155465477348523
400,0.221613003254525
400,0.191933103064045
400,0.157064079355423
400,0.216737814653501
400,0.156612024069252
400,0.227480987530702
400,0.220224924558054
400,0.192284661024681
400,0.19823097595682
400,0.209570430030936
400,0.11603152663623
400,0.232468180650899
400,0.172768762865046
400,0.220723190647855
400,0.233243397970216
400,0.181231786726178
400,0.20953223708816
400,0.202131173206241
400,0.188991269316978
400,0.158533806353712
400,0.200597202540526
400,0.178345660164327
400,0.215120894624657
400,0.212039788440585
400,0.191860026704189
400,0.187945924578455
400,0.167449720833339
400,0.182036060622866
400,0.198020371399684
400,0.111144705565223
400,0.233881879707689
400,0.187056767547888
400,0.184492279383293
400,0.156778390180986
400,0.154947974387876
400,0.164288001435899
400,0.152370602081198
400,0.190336238563037
400,0.230380878585473
400,0.152919475547879
400,0.183354020829486
400,0.112293894375227
400,0.176531696752863
400,0.226061603537626
400,0.227704561379278
400,0.198432953179425
400,0.195667491963411
400,0.193194677144542
400,0.213333562337811
400,0.197800234408436
400,0.181066594980926
400,0.222763115555133
400,0.210075702416252
400,0.237762068407234
400,0.159324584992248
400,0.174682390502769
400,0.213499408525674
400,0.175056031282463
480,0.145326146660879
480,0.189932543020338
480,0.197374004433454
480,0.178659355331506
480,0.190993038475892
480,0.204486373671589
480,0.184852294965203
480,0.214012042413115
480,0.20304498914459
480,0.186199106136508
480,0.222919363562073
480,0.198299588587719
480,0.137937640436864
480,0.197837419483808
480,0.200111962027494
480,0.142713909735043
480,0.174490972586065
480,0.203281626495041
480,0.182775591726836
480,0.234173456471372
480,0.233161976281428
480,0.238533503788048
480,0.221576512570413
480,0.221479977657433
480,0.224315768657118
480,0.158828987417012
480,0.180302826201995
480,0.185704279121366
480,0.234471057281522
480,0.179124950032578
480,0.170733903351146
480,0.21229380976829
480,0.179790828298581
480,0.176793154002316
480,0.157473147865781
480,0.182141171686209
480,0.181798014643591
480,0.207021038990063
480,0.162924122751639
480,0.193585076932299
480,0.173513215969052
480,0.190012165218237
480,0.174586972283231
480,0.246038692154752
480,0.169129912695322
480,0.232130681761275
480,0.221775842258295
480,0.198949220199893
480,0.192231624624844
480,0.14327650366826
480,0.157707114646802
480,0.139064889727293
480,0.212363482898843
480,0.183331513625254
480,0.201853780687769
480,0.214393204450544
480,0.200210001451625
480,0.170033803107165
480,0.194102642684109
480,0.182076288185201
480,0.188197845656776
480,0.215737700758254
480,0.190396755446118
480,0.147482602359369
480,0.214763714144109
480,0.174573009988061
480,0.202984580812866
480,0.170277935622477
480,0.223528445370059
480,0.188174777035671
480,0.229262466105309
480,0.151526247014783
480,0.154662659588704
480,0.208066853073559
480,0.182801732582678
480,0.194033457779982
480,0.172610663340701
480,0.182375401134117
480,0.185569232182354
480,0.229071591277148
480,0.195513096095223
480,0.169469966867974
480,0.158870364140854
480,0.143052842701744
480,0.19767843801553
480,0.17781193082457
480,0.210000069166493
480,0.195585671171554
480,0.214733576035342
480,0.203836662068203
480,0.17338753276824
480,0.165237458180991
480,0.24928743304777
480,0.163969510438533
480,0.176419376380275
480,0.208873550834305
480,0.197421691062807
480,0.203677268127675
480,0.199855252428393
480,0.187544312642205
560,0.149743747996676
560,0.175842934433343
560,0.15704852273314
560,0.218538054068429
560,0.215340441363087
560,0.220497232278027
560,0.191416162217623
560,0.195365341925741
560,0.196574666904553
560,0.200482141142014
560,0.216731964747971
560,0.217849110474012
560,0.159865853207163
560,0.20399803530375
560,0.184158971877993
560,0.185651874905883
560,0.153663719480591
560,0.23474881722906
560,0.170752816243927
560,0.214299909006487
560,0.180716460054938
560,0.177039042918751
560,0.225885073255404
560,0.191886652320274
560,0.192801705487113
560,0.178852762220875
560,0.165066025008247
560,0.159680851575022
560,0.18641490090219
560,0.169443728249008
560,0.185226696305879
560,0.15347262908006
560,0.170140340301861
560,0.196066606464388
560,0.156565539488807
560,0.161172648200263
560,0.207266563628096
560,0.183333875426866
560,0.195715600717904
560,0.190500347675967
560,0.17428260839833
560,0.201075381562084
560,0.222612481613968
560,0.20630968433321
560,0.176006131125891
560,0.199947800704536
560,0.167025928721139
560,0.174985468739089
560,0.188329278321827
560,0.181324475416488
560,0.195792348956175
560,0.18842244265968
560,0.214774814727811
560,0.209429577844208
560,0.236251568333666
560,0.203604751602048
560,0.170772836951591
560,0.210148909172585
560,0.183326783524221
560,0.156383139718937
560,0.203643718275394
560,0.167943781097115
560,0.1985955076588
560,0.151470111012729
560,0.193891716534635
560,0.208515144398276
560,0.171244386948432
560,0.155510681721643
560,0.20234105282891
560,0.227887570323906
560,0.190475096304703
560,0.192286778245152
560,0.152267823377005
560,0.183148337579053
560,0.22216406999569
560,0.206252233519993
560,0.20288465566733
560,0.208164141222662
560,0.213078165532634
560,0.206591472562259
560,0.177313740452886
560,0.177622847306051
560,0.182340392225386
560,0.225575735431568
560,0.21053232860961
560,0.213045821337976
560,0.200064607455263
560,0.181714150977181
560,0.211632505340467
560,0.21995483883521
560,0.145845695699515
560,0.187617525255022
560,0.200387157040753
560,0.182575737000535
560,0.202126577033154
560,0.175559722140346
560,0.197067192746824
560,0.17767517713886
560,0.209996792288393
560,0.209330553547942
640,0.231762573844474
640,0.194988678337584
640,0.218794238387066
640,0.214292647317691
640,0.190178423681303
640,0.190232091191684
640,0.209576938568619
640,0.161849042236138
640,0.198171538399108
640,0.140502816524299
640,0.22297819595455
640,0.153511283788086
640,0.144522909233742
640,0.166227538551709
640,0.181449778872015
640,0.208083262648969
640,0.209752280114849
640,0.211769790171463
640,0.192360302814135
640,0.16518153542189
640,0.191171066392737
640,0.200017482480193
640,0.190157038757839
640,0.248273622047791
640,0.223358127142061
640,0.209451270461632
640,0.206693291280689
640,0.211695093657152
640,0.166856651826174
640,0.148871084773851
640,0.239675753099096
640,0.202282886033556
640,0.189622675984201
640,0.185656712390453
640,0.221535153438225
640,0.159332043309002
640,0.201409679082307
640,0.191216883756599
640,0.133370985970243
640,0.183684479205623
640,0.210975916356332
640,0.206329495043177
640,0.226015189507648
640,0.19756324564296
640,0.211594885264765
640,0.16375419168062
640,0.186283738514798
640,0.235018443404781
640,0.20693680579586
640,0.156988574234503
640,0.210724303926396
640,0.180629633578838
640,0.161965250442777
640,0.17642382579457
640,0.168392235580506
640,0.190511781672163
640,0.184019141826385
640,0.217255299367577
640,0.2198907194768
640,0.1654526379621
640,0.193988827868604
640,0.190404993804416
640,0.219506456451145
640,0.165295401834132
640,0.187525895469102
640,0.219493029842526
640,0.204599250168839
640,0.208238687711517
640,0.206487725866932
640,0.208197636213876
640,0.211035393726899
640,0.174373217719669
640,0.179681702237701
640,0.202881229817032
640,0.194199239586805
640,0.163074726125811
640,0.181465978430792
640,0.174968213180563
640,0.174551775712519
640,0.171426587019173
640,0.184082911542487
640,0.190657014155206
640,0.195336541804788
640,0.171833076973519
640,0.144256392870571
640,0.151256789973247
640,0.195415489984631
640,0.194526386795527
640,0.168364482928
640,0.205362046191422
640,0.219167043750451
640,0.193580927013715
640,0.204784357729163
640,0.154955729491286
640,0.184204486482589
640,0.216487210374139
640,0.253634066329997
640,0.161104583696252
640,0.214769856443011
640,0.222312772438925
720,0.174975342097943
720,0.210581307664809
720,0.192237425543676
720,0.22707982890213
720,0.173670764391245
720,0.191286205052224
720,0.203223687405984
720,0.174670296901408
720,0.228896844012192
720,0.168506725709179
720,0.226195663696108
720,0.18273537570363
720,0.195782566054867
720,0.205789821624136
720,0.22367610854861
720,0.153611154756093
720,0.179914335955645
720,0.203354254010522
720,0.167527851392362
720,0.171417309870984
720,0.224090392267543
720,0.198980340815832
720,0.167033469916595
720,0.216138760559914
720,0.171982709126734
720,0.2026782003731
720,0.174969530982704
720,0.218317536329149
720,0.201592495211129
720,0.199081053211176
720,0.220450675966355
720,0.181846260275387
720,0.158722347695998
720,0.196240614702197
720,0.221157964491975
720,0.206849618079999
720,0.209703309851227
720,0.18501735651152
720,0.223656457241183
720,0.168483896164153
720,0.184427390821708
720,0.212111756853127
720,0.170245777745734
720,0.191532983625115
720,0.218270386378269
720,0.174706376605064
720,0.194659564301715
720,0.216307967617842
720,0.193503087062591
720,0.158411457624106
720,0.206511066941219
720,0.162036416517838
720,0.22751425584994
720,0.186696031410479
720,0.244517776017871
720,0.180054432722433
720,0.197301565183723
720,0.188045372083355
720,0.214722125404539
720,0.194219474010588
720,0.184693153808683
720,0.214813317050264
720,0.19803024483293
720,0.183941283890461
720,0.231699042416583
720,0.19801540518855
720,0.18535944475115
720,0.211878332114201
720,0.198638208159006
720,0.174253571058333
720,0.158646565227423
720,0.174661793900164
720,0.206263248357303
720,0.189441456575529
720,0.214271061769207
720,0.207635986810789
720,0.240869661782627
720,0.185157205598403
720,0.163537203977904
720,0.22517977502792
720,0.195261623916269
720,0.163635225819231
720,0.176395189106921
720,0.175076364299932
720,0.210627215327574
720,0.201493339454651
720,0.1747782559315
720,0.17142149191279
720,0.204205671700352
720,0.198152588128412
720,0.212663694700072
720,0.222051058985724
720,0.209415875561682
720,0.205223143114656
720,0.178639398388052
720,0.180013055855669
720,0.19198447361899
720,0.179557859031037
720,0.238509992808965
720,0.216076126255099
800,0.184982354663592
800,0.205908211719931
800,0.189629238742037
800,0.195408002944737
800,0.171960120171625
800,0.215112989131953
800,0.190402609504882
800,0.162557909633269
800,0.183779269880863
800,0.186856002421815
800,0.213535522337231
800,0.174842392137758
800,0.216975803001277
800,0.205796365490904
800,0.186989076469309
800,0.167064401543141
800,0.156179408665494
800,0.180391033372413
800,0.224792296558682
800,0.220917537101164
800,0.218653494258251
800,0.198048539136626
800,0.14733610231384
800,0.19293466241829
800,0.17507629490359
800,0.167996198796214
800,0.170885556612027
800,0.219406809894274
800,0.186617462189878
800,0.194148736461118
800,0.178966743380651
800,0.1534465589682
800,0.175753966017457
800,0.205498982128837
800,0.189948724806205
800,0.211034147394183
800,0.224525414623599
800,0.212679609967068
800,0.206250607001422
800,0.202224742497902
800,0.175389743719635
800,0.16797277297283
800,0.179959982538166
800,0.19865631676098
800,0.184295784793081
800,0.208094752755305
800,0.179263033106348
800,0.215829526415082
800,0.170960055566522
800,0.174146657433548
800,0.22083050465076
800,0.203410716140327
800,0.232694104971333
800,0.171550398568978
800,0.233139923182063
800,0.140668592569115
800,0.200494102807213
800,0.156351868037688
800,0.226440221003964
800,0.195447456186389
800,0.170382412439832
800,0.216304134537744
800,0.181438341526448
800,0.152105560924633
800,0.208797247576421
800,0.174225217502992
800,0.176222111033601
800,0.195149606691139
800,0.139881424899428
800,0.215795613207281
800,0.196195262928942
800,0.199438201515733
800,0.220062376946747
800,0.205438373665636
800,0.216542775051189
800,0.182798456175339
800,0.123505773026865
800,0.208163712500427
800,0.187157494845573
800,0.175587241344663
800,0.200505829602805
800,0.186895439794647
800,0.188513130566558
800,0.195899770714927
800,0.204765176289592
800,0.194458778207257
800,0.161959563027539
800,0.171359845513877
800,0.222571006912121
800,0.191736438895281
800,0.13410383720213
800,0.185022504235135
800,0.182760206572184
800,0.217909974848086
800,0.222306349717676
800,0.188045021709566
800,0.208065321107951
800,0.185753881674592
800,0.175521759446719
800,0.207122909064475
880,0.203581183208862
880,0.167064481033471
880,0.208182127504563
880,0.178488014698071
880,0.195339460941898
880,0.170788688621833
880,0.194531296702423
880,0.168303776681277
880,0.152868110496393
880,0.171933435785799
880,0.180704714452583
880,0.198599433673456
880,0.162674502020872
880,0.203646411945548
880,0.189457782477902
880,0.184518541971437
880,0.178496001316399
880,0.169315160014241
880,0.192145435098635
880,0.165446318088623
880,0.16001656384384
880,0.19012272316489
880,0.205817171348347
880,0.209858644591194
880,0.200699822043614
880,0.225888772887327
880,0.193435407351745
880,0.192232495908928
880,0.184902808578411
880,0.192338287062113
880,0.205875311508125
880,0.22055011252217
880,0.206604445001521
880,0.199041568517235
880,0.201970263007633
880,0.173921407288435
880,0.226721114768041
880,0.171144204358228
880,0.204480004114146
880,0.200549567442206
880,0.206070326425441
880,0.22852659981624
880,0.227595674049659
880,0.173477992549008
880,0.195159958163775
880,0.15951887914375
880,0.173048170050016
880,0.175925644219438
880,0.180973285512018
880,0.224947495766277
880,0.204677326519184
880,0.188123336492319
880,0.179444944847149
880,0.212208506316309
880,0.217280572206079
880,0.190668258284686
880,0.157430546691224
880,0.186528139727347
880,0.194046511235553
880,0.174089575698513
880,0.223853471178789
880,0.171368460479992
880,0.166710314782817
880,0.227833798273855
880,0.160261042470838
880,0.185287233158678
880,0.193924840164065
880,0.155618046043662
880,0.157117270741553
880,0.195969956084027
880,0.224801836940363
880,0.196882263793181
880,0.189809969135607
880,0.148683357319913
880,0.180767079227726
880,0.168391680732851
880,0.20915960354442
880,0.200826528623056
880,0.203795735816959
880,0.177739268539845
880,0.2234124079729
880,0.199951661650303
880,0.160361360879695
880,0.178953186945485
880,0.178383245843793
880,0.215323211625808
880,0.173036113224362
880,0.234810366832683
880,0.192234776790665
880,0.165149582078928
880,0.188085745912136
880,0.153849700853476
880,0.192973008338364
880,0.118308142879884
880,0.192869191407405
880,0.201708680933696
880,0.194565240263843
880,0.181086325688029
880,0.197933506166981
880,0.17045662349966
960,0.167498429300244
960,0.209171911212434
960,0.193601859264707
960,0.182268887364043
960,0.216180760988964
960,0.206509278658132
960,0.242341264462474
960,0.201664466130989
960,0.176206462471288
960,0.210867656015953
960,0.181034669647208
960,0.193098695273984
960,0.205082666907034
960,0.166765580052981
960,0.16275611337709
960,0.177925718550578
960,0.152456317690131
960,0.162921953566706
960,0.229567896296697
960,0.168751005162987
960,0.204539898689809
960,0.217943335853485
960,0.178211696785985
960,0.185405112289161
960,0.179886657667739
960,0.166169979540666
960,0.219757631169528
960,0.211118727486928
960,0.194971821709492
960,0.18434665349499
960,0.208594609614028
960,0.203854271915552
960,0.223661517257518
960,0.207536662431922
960,0.200065915289434
960,0.192594869531218
960,0.179847269585418
960,0.175953846850439
960,0.188960393121371
960,0.197360666391813
960,0.199014741795796
960,0.210626968972582
960,0.183311266978978
960,0.209442833073718
960,0.209864003944286
960,0.192504010781556
960,0.175298081043052
960,0.20627466092867
960,0.193985468540505
960,0.175551094834178
960,0.180225240193841
960,0.188716965041663
960,0.183245295764145
960,0.153160560067342
960,0.188502333093926
960,0.218550596393964
960,0.200835930349298
960,0.206352678002133
960,0.186156399502926
960,0.217264210287989
960,0.212508713334778
960,0.186027330948008
960,0.228818335357766
960,0.173619585311417
960,0.190438073303165
960,0.198453654207766
960,0.186360799881414
960,0.200902149155718
960,0.186207514427741
960,0.155643337811574
960,0.230365392136377
960,0.200708669863616
960,0.164416537832984
960,0.170687068833549
960,0.192677414427012
960,0.212559049054127
960,0.229879081904529
960,0.215737911671959
960,0.184003993156009
960,0.208336756362127
960,0.189553639912893
960,0.208522910592033
960,0.22216942535956
960,0.152134680878263
960,0.174112922747528
960,0.202605326732201
960,0.195900330905604
960,0.176398425017958
960,0.183461183239375
960,0.182466799402163
960,0.173786927085458
960,0.182602114130798
960,0.176422981692633
960,0.199809314098467
960,0.173925943481914
960,0.184875277657205
960,0.199522654322524
960,0.181265272162052
960,0.189734898981946
960,0.197071410188413
1040,0.192097919087366
1040,0.182322140311099
1040,0.194773354161987
1040,0.177725702379501
1040,0.214195628222576
1040,0.195799364391847
1040,0.179678003980852
1040,0.22130704494633
1040,0.191842709100974
1040,0.17220667501323
1040,0.187991950327677
1040,0.16306985728353
1040,0.186910772229806
1040,0.168002585023644
1040,0.198220465755153
1040,0.214445750250615
1040,0.210934465827866
1040,0.197224745465789
1040,0.175672038342189
1040,0.175285446960709
1040,0.200610954177959
1040,0.192036103673167
1040,0.156122086574637
1040,0.189873672754624
1040,0.171916225929586
1040,0.194117857528915
1040,0.202664032889011
1040,0.138160651906613
1040,0.155586969210546
1040,0.212456007662532
1040,0.201914254248903
1040,0.21994552871706
1040,0.173931388579368
1040,0.207036159074874
1040,0.189545790634929
1040,0.191578341311909
1040,0.203703137171575
1040,0.205767184768852
1040,0.203842919266566
1040,0.134830205493347
1040,0.231700417124127
1040,0.183279585493122
1040,0.172742545842177
1040,0.180902398971988
1040,0.204725678120253
1040,0.180038311095834
1040,0.182529358389144
1040,0.195736254837405
1040,0.191793600143407
1040,0.220526740207711
1040,0.199123805683016
1040,0.167099781947208
1040,0.231430980799756
1040,0.222124485851166
1040,0.176537589615074
1040,0.208589359912842
1040,0.190317371800634
1040,0.183177691105207
1040,0.2302209104658
1040,0.181701093368479
1040,0.196682350390137
1040,0.179070820486623
1040,0.163905595505026
1040,0.194287231818052
1040,0.167049004853961
1040,0.206006036618893
1040,0.179384696919608
1040,0.174581196756385
1040,0.185147085328942
1040,0.197220675664715
1040,0.193397125786591
1040,0.155829667666161
1040,0.199068075010233
1040,0.211647211493123
1040,0.20126832420576
1040,0.254235750878647
1040,0.200514440920745
1040,0.169888368324578
1040,0.202457665251844
1040,0.169252815346621
1040,0.185176918571019
1040,0.185916876895683
1040,0.20053880744288
1040,0.164248200263939
1040,0.2125839655457
1040,0.151651662656272
1040,0.175684100799293
1040,0.205433940385527
1040,0.197975564792679
1040,0.174401685044276
1040,0.184959319485367
1040,0.21024116337939
1040,0.201941469799588
1040,0.201346810825289
1040,0.188498692019368
1040,0.19583682504454
1040,0.183319468476928
1040,0.208779791762276
1040,0.213110656377627
1040,0.207825335255873
1120,0.192280492121695
1120,0.182125717868839
1120,0.185928483851298
1120,0.164855839592633
1120,0.188102089711975
1120,0.189695655136024
1120,0.208453625846116
1120,0.203593121820953
1120,0.189764427936271
1120,0.212534783844147
1120,0.200752400337869
1120,0.213649418647497
1120,0.173320412364268
1120,0.190342742595556
1120,0.194347656231726
1120,0.223869466777398
1120,0.193666694133398
1120,0.170337057405343
1120,0.157907870074284
1120,0.160902183327361
1120,0.199274458981779
1120,0.184241920032159
1120,0.167628907045851
1120,0.22028375682395
1120,0.186543296293437
1120,0.163854153187611
1120,0.231133283573707
1120,0.207343806263639
1120,0.169199236442576
1120,0.172085348335955
1120,0.178515927873564
1120,0.163122167947046
1120,0.184684388104258
1120,0.16998183999375
1120,0.192224312007181
1120,0.203405163487073
1120,0.170044679506419
1120,0.188826087591671
1120,0.202691797749503
1120,0.218746757529434
1120,0.184294021952508
1120,0.179826998503071
1120,0.214701552167339
1120,0.194641813559601
1120,0.215309092569012
1120,0.178466352716978
1120,0.210273889974872
1120,0.169404807253537
1120,0.177049208904201
1120,0.179680354288959
1120,0.183995531572614
1120,0.190634547488606
1120,0.172102988463252
1120,0.202214341045035
1120,0.151960655148708
1120,0.171287455549934
1120,0.228052112410605
1120,0.185211733684362
1120,0.188930649624994
1120,0.174484509946963
1120,0.193431138261099
1120,0.203376986703949
1120,0.207664537180552
1120,0.204115119020881
1120,0.187840107824018
1120,0.18028537417586
1120,0.196558363839347
1120,0.205083128021645
1120,0.203786731817826
1120,0.205149103270302
1120,0.208432983456827
1120,0.216097495613138
1120,0.19077750522992
1120,0.211517222062958
1120,0.188704703802851
1120,0.155687824042903
1120,0.223288971519017
1120,0.196698657438915
1120,0.183124443111883
1120,0.195243801956208
1120,0.202618266635281
1120,0.223185629015269
1120,0.180555767587987
1120,0.190269926544108
1120,0.227655777612259
1120,0.164923271113552
1120,0.162089646895132
1120,0.222988412699841
1120,0.23358478692666
1120,0.136735291917221
1120,0.212807207688541
1120,0.190061136238446
1120,0.189398181291645
1120,0.229313060874839
1120,0.206476727794496
1120,0.163096993016074
1120,0.216184545657414
1120,0.186797048887782
1120,0.211271107525615
1120,0.174452577087899
1200,0.173381422109045
1200,0.17885452100337
1200,0.185436658742893
1200,0.177690158818377
1200,0.20427773015327
1200,0.199252268268762
1200,0.140827514821982
1200,0.169467097041321
1200,0.174224323355663
1200,0.191901919243401
1200,0.197718093424226
1200,0.198878100946922
1200,0.218042739254418
1200,0.202532826651686
1200,0.205301480638942
1200,0.188019183082371
1200,0.19550972016342
1200,0.202851022956382
1200,0.180583841486532
1200,0.154295614048472
1200,0.196298080042587
1200,0.178587133732312
1200,0.187458638146653
1200,0.228890411083786
1200,0.19775387847575
1200,0.186000966667421
1200,0.204128135575615
1200,0.199820815300875
1200,0.161819119825289
1200,0.18592166017635
1200,0.208530495465226
1200,0.159148652796817
1200,0.200772566399532
1200,0.202239947007641
1200,0.167959647127412
1200,0.214627320631219
1200,0.166347671486528
1200,0.197563316070986
1200,0.203921760570075
1200,0.199773599882769
1200,0.181533172991938
1200,0.179686115084141
1200,0.199709049761015
1200,0.206634845337393
1200,0.185202243769977
1200,0.180530059600468
1200,0.219624989386285
1200,0.180486008735888
1200,0.214003232881196
1200,0.19594705592297
1200,0.190808545778922
1200,0.182235552306452
1200,0.207343424400126
1200,0.179656439649381
1200,0.218850631485457
1200,0.169974430256103
1200,0.165966868862373
1200,0.215283229026155
1200,0.222547359544875
1200,0.212508263219679
1200,0.189109398043989
1200,0.138797173129048
1200,0.203423316589993
1200,0.184470421362756
1200,0.165249086453468
1200,0.167133560832149
1200,0.173995750173188
1200,0.184544003586307
1200,0.185083775908759
1200,0.222421813961365
1200,0.198588353538849
1200,0.163450163931423
1200,0.20363574061119
1200,0.171015782885953
1200,0.185223439904183
1200,0.193750461080526
1200,0.160088454664673
1200,0.149650227734867
1200,0.195856408071749
1200,0.190319683161539
1200,0.181714920799241
1200,0.231466846451208
1200,0.229424671674785
1200,0.185718646725149
1200,0.193294827955556
1200,0.198911986829055
1200,0.195458294432403
1200,0.176044937626689
1200,0.195013119764575
1200,0.21398884297786
1200,0.206166619987853
1200,0.198371424508483
1200,0.179342282635826
1200,0.190086186914083
1200,0.186805304764954
1200,0.205140763143414
1200,0.196209837921031
1200,0.210816872018433
1200,0.209143836094297
1200,0.178137651394566
1280,0.201931687818286
1280,0.194492649136257
1280,0.202342687552244
1280,0.194273100833443
1280,0.159288650872204
1280,0.208038058624427
1280,0.220292831696467
1280,0.216837859072577
1280,0.1767610945121
1280,0.192284826452304
1280,0.169504259137946
1280,0.222247933537535
1280,0.204874257653487
1280,0.146957640879977
1280,0.163642086861503
1280,0.208188038704509
1280,0.193703406473713
1280,0.173078686355578
1280,0.199279022773895
1280,0.202154593933222
1280,0.191304497922826
1280,0.186547351217346
1280,0.181802557304746
1280,0.166978720933773
1280,0.150035253127218
1280,0.197229383092327
1280,0.203654227048371
1280,0.199007556661654
1280,0.227600874463505
1280,0.180331910525702
1280,0.183710664985106
1280,0.200223888926914
1280,0.201928448237273
1280,0.173267490220167
1280,0.190625428070928
1280,0.15674700598593
1280,0.174312266709042
1280,0.226628395203258
1280,0.182012880562599
1280,0.193173409773163
1280,0.200538067660491
1280,0.173800468873823
1280,0.218846501419385
1280,0.150715955212013
1280,0.183638436885348
1280,0.176184310170781
1280,0.196983630080743
1280,0.206444833820067
1280,0.176773034143626
1280,0.203343368802363
1280,0.198794456887152
1280,0.204995254656449
1280,0.209635461765521
1280,0.194125561826926
1280,0.197923507250117
1280,0.198214284191223
1280,0.168134279378903
1280,0.171811649479643
1280,0.203495190376406
1280,0.192241937488346
1280,0.21277973264706
1280,0.217056076366346
1280,0.215371129802092
1280,0.176234002641117
1280,0.174957917774786
1280,0.191190545999492
1280,0.181092004989865
1280,0.216361980678742
1280,0.181676220506538
1280,0.211031358204633
1280,0.181451415988609
1280,0.175202397520484
1280,0.180598512569392
1280,0.220771264064671
1280,0.181682847216099
1280,0.214951097039769
1280,0.181076114964399
1280,0.205647650165504
1280,0.180795480648309
1280,0.203039099296147
1280,0.221871368582504
1280,0.196273314277802
1280,0.189182966570593
1280,0.186206465043002
1280,0.188755014614165
1280,0.179417288679623
1280,0.210974582466383
1280,0.192800115389011
1280,0.179117242902656
1280,0.178459970049531
1280,0.185996851417411
1280,0.204042277181437
1280,0.179041664279747
1280,0.153276709162552
1280,0.177841677141999
1280,0.201299848463599
1280,0.148457937179519
1280,0.198447902815247
1280,0.192444843702049
1280,0.225788440335222
1360,0.188262021311708
1360,0.153481955584117
1360,0.170013688616807
1360,0.211807387462046
1360,0.161434593750899
1360,0.194902864526658
1360,0.195599000926116
1360,0.202813218845284
1360,0.217700717822176
1360,0.164545914914629
1360,0.188848339657992
1360,0.153972372330624
1360,0.18780453756171
1360,0.177616030749778
1360,0.167983708195132
1360,0.175373136077561
1360,0.160638294274393
1360,0.223079570922893
1360,0.177040216996823
1360,0.213629641236186
1360,0.210596650911189
1360,0.173133672384065
1360,0.200027196636517
1360,0.17987808102569
1360,0.201936654926477
1360,0.20944516408858
1360,0.210260167381576
1360,0.175500208735746
1360,0.190476007694863
1360,0.21956202072222
1360,0.175511774379771
1360,0.210573477149552
1360,0.189143348120911
1360,0.193320628233446
1360,0.191601503488281
1360,0.170323059739253
1360,0.176108389434786
1360,0.19410511211838
1360,0.176183278080031
1360,0.20628589289122
1360,0.193947821240032
1360,0.198866613743482
1360,0.199593699015869
1360,0.174511774351789
1360,0.189032220354575
1360,0.171483823332489
1360,0.186316074816051
1360,0.214940611812584
1360,0.202402480889454
1360,0.166671211838221
1360,0.213616472021727
1360,0.179420129168271
1360,0.167328001872699
1360,0.192623083378436
1360,0.200904660169066
1360,0.19453435973454
1360,0.202536391894967
1360,0.212153556407519
1360,0.20871199145664
1360,0.181824885064366
1360,0.192270870531986
1360,0.189364656833773
1360,0.198246838732388
1360,0.17233454059601
1360,0.195456819437362
1360,0.200634833118703
1360,0.167545607173188
1360,0.189225123494087
1360,0.182452639154865
1360,0.181682473402884
1360,0.231745016152994
1360,0.198815452847356
1360,0.194418620999971
1360,0.165836314249508
1360,0.18142738221629
1360,0.205131629328556
1360,0.220159867270918
1360,0.172634314243775
1360,0.195619153115984
1360,0.183451716609752
1360,0.183281116137575
1360,0.181891223170562
1360,0.160163662385043
1360,0.230191734646213
1360,0.197266617598478
1360,0.184056407163281
1360,0.189849867451783
1360,0.178075581288769
1360,0.197849160296857
1360,0.196260243244957
1360,0.200303379933016
1360,0.22086094111258
1360,0.17572364469402
1360,0.184567266357657
1360,0.153195599560159
1360,0.19149918896717
1360,0.209436634979006
1360,0.191180250825876
1360,0.177811305935118
1360,0.202612083405002
1440,0.156509287537181
1440,0.169842713479711
1440,0.205120899244511
1440,0.166906273797728
1440,0.223274062253251
1440,0.198968361996562
1440,0.188231713781505
1440,0.204614946146479
1440,0.191594531085835
1440,0.206776890811396
1440,0.216360738709135
1440,0.181952263515883
1440,0.176592301525785
1440,0.189040553402599
1440,0.191546760288555
1440,0.195099246504889
1440,0.171680776252947
1440,0.192017871244704
1440,0.172398577827387
1440,0.221476617147222
1440,0.194200408754492
1440,0.176579450704176
1440,0.190458870526334
1440,0.19639996215831
1440,0.161621743146309
1440,0.192320405754373
1440,0.198669001854581
1440,0.177817170206226
1440,0.200256535197888
1440,0.201785491470317
1440,0.21729606106623
1440,0.183519424121873
1440,0.187819781191218
1440,0.207670641612882
1440,0.215526092843671
1440,0.205500106472357
1440,0.196947837592759
1440,0.176863342236248
1440,0.208569565249159
1440,0.187843822607391
1440,0.208523126091968
1440,0.175471991448854
1440,0.172204939999357
1440,0.182032887880888
1440,0.197929711059727
1440,0.178548823974695
1440,0.174118691649439
1440,0.217745080041138
1440,0.187656015126429
1440,0.191808384231807
1440,0.197265908566812
1440,0.196899132790894
1440,0.214303408850278
1440,0.164219352512234
1440,0.172919797517703
1440,0.216760849570066
1440,0.17046032339169
1440,0.190821356496641
1440,0.181962322426215
1440,0.207590616406179
1440,0.191977256503487
1440,0.17930250107038
1440,0.199735216866113
1440,0.149484516647865
1440,0.228974293251042
1440,0.195027667482099
1440,0.207408499321326
1440,0.191902946618031
1440,0.181174714522312
1440,0.19503319044503
1440,0.172852717927612
1440,0.181112829267826
1440,0.207915345384207
1440,0.184668183698524
1440,0.238029650187503
1440,0.182428912742952
1440,0.180000597920054
1440,0.207939133580549
1440,0.194439806776654
1440,0.177350926971725
1440,0.216346011666968
1440,0.167226162891585
1440,0.198448047873065
1440,0.215990201327493
1440,0.202979883671636
1440,0.194133285395246
1440,0.182683321095806
1440,0.191000015674241
1440,0.207561453104985
1440,0.20651988342366
1440,0.190774680279703
1440,0.185020424163282
1440,0.16288179177899
1440,0.178074671403654
1440,0.192597852911916
1440,0.193972309408177
1440,0.190844919609242
1440,0.170402606412745
1440,0.194858102251765
1440,0.211466155350242
