20,0.149711045612305
20,0.20958446374021
20,0.270458056220974
20,0.262854160118263
20,0.0635500816245807
20,0.223766582142097
20,0.157517847552292
20,0.213675093389588
20,0.275828885952043
20,0.189790200875317
20,0.0421166008400282
20,0.220932544379899
20,0.277667890280274
20,0.195651368737738
20,0.156486582721077
20,0.00578004664698913
20,0.253575210758798
20,0.266504144661957
20,0.252244809877754
20,0.287300013639122
20,0.137171557573004
20,0.234567249859727
20,0.278720410114848
20,0.244829998448554
20,0.151375150187951
20,0.312666442000086
20,0.156892695939662
20,0.191572004517899
20,0.285035939455219
20,0.183036943915806
20,0.276864960504964
20,0.106671579087873
20,0.0294455555152163
20,0.253691665000369
20,0.26235728513871
20,0.238580595796309
20,0.222929895373062
20,0.196027150583836
20,-0.0660487843747323
20,0.197295924402356
20,0.112034391658988
20,0.219040041722891
20,0.190985489549362
20,0.220143521813652
20,0.0809314664338531
20,0.250890377570108
20,0.240181516078135
20,0.254964879600103
20,0.203866548773434
20,0.150642355097271
20,0.304348074732036
20,0.0680228021295083
20,0.0956257596241987
20,0.235417008427156
20,0.247301717816862
20,0.172577494101528
20,0.184981007565043
20,0.0751731428049454
20,0.185662350278672
20,0.209460791233515
20,0.258475723557989
20,0.261095380002471
20,0.200528805935084
20,0.258566690812261
20,0.190975355333732
20,0.268169183617936
20,0.24113298948498
20,0.0951478668753287
20,0.121215244194469
20,0.182755556828693
20,0.11494670608912
20,0.0199766617140745
20,0.22447919731437
20,0.145642941172346
20,0.264243992961719
20,0.0163870404569611
20,0.237400166535824
20,0.188498278078973
20,0.178305925035776
20,-0.0321936208272246
20,0.349563293245917
20,0.315455677002394
20,0.155315971754055
20,0.285693017290619
20,0.264497056335974
20,0.2103721938023
20,0.265559900480091
20,0.118290569464582
20,0.24168815937428
20,0.291502619805573
20,0.245517561922802
20,0.204334325436909
20,0.254911546513147
20,0.247261993414889
20,0.185377536575392
20,0.204330719102295
20,0.265236696531773
20,0.239522840848761
20,0.0604846635931169
20,0.0459733308615125
40,0.284929384297606
40,0.230928128650977
40,0.193093180914835
40,0.296016736002317
40,0.203431364889002
40,0.149466327339286
40,0.255757819604402
40,0.221073449507205
40,0.274311403004012
40,0.249226850556776
40,0.237756408851274
40,0.325346346401785
40,0.260121930712702
40,0.272983054912554
40,0.249903433538404
40,0.00508353184330327
40,0.287340890585069
40,0.168895826400476
40,-0.0106657071338549
40,-0.00834976519809233
40,0.321753126477159
40,0.26218019409263
40,0.308036464545152
40,0.235473978161954
40,0.143338510798794
40,0.281289063499897
40,0.250306917281033
40,0.301652537310118
40,0.11573466886856
40,0.167482289234733
40,0.221619015930859
40,0.275479155192421
40,0.185443552992151
40,0.213096957934423
40,0.301787058020251
40,0.238364776052211
40,0.206404041935606
40,0.130910713149158
40,0.252488393762962
40,0.22749805667439
40,0.0843756024143317
40,0.208120462569507
40,0.0718314117740073
40,0.168254170427648
40,0.21107142861027
40,0.312892025507978
40,0.180385855061512
40,0.311576435928218
40,0.245131792289501
40,0.255384857173097
40,0.291789881191396
40,0.274208616431317
40,0.213560961080329
40,0.296733958048074
40,0.217149030744497
40,0.0722825005945359
40,0.10247792116214
40,0.163793180255944
40,0.209411347379306
40,0.260760318337444
40,0.282882599512451
40,0.166193513494515
40,0.167488202014943
40,0.276792875844694
40,0.310230619057261
40,0.27572692337113
40,0.257933237925729
40,0.197468931021307
40,0.25513458779155
40,0.17503683788362
40,0.151914797976733
40,0.270043890454884
40,0.235749519546238
40,0.297381043690177
40,0.184700984700954
40,0.233768767800686
40,0.250908700005154
40,0.303840128633083
40,0.238741346169244
40,0.177136204091899
40,0.242681780413876
40,0.32255196918979
40,0.249714594196566
40,0.262575620606338
40,0.287937901678108
40,0.137210430240482
40,0.158374423443542
40,0.339483378800457
40,0.110407991613627
40,0.326500416322797
40,0.221362049740933
40,0.238654291137196
40,0.205769490303221
40,0.272006186105868
40,0.314737523252397
40,0.176853096341034
40,0.231881927011753
40,0.195153440437401
40,0.192540983366837
40,0.197381576064615
60,0.299791292616123
60,0.14918152492654
60,0.284968778946227
60,0.271360509604565
60,0.297235953793982
60,0.262919488329602
60,0.293963873082098
60,0.315956501849785
60,0.262915717941043
60,0.21803154814415
60,0.35964200268679
60,0.28417994689579
60,0.271446309659549
60,0.298159440153111
60,0.255367686563739
60,0.309134164338921
60,0.313543510993872
60,0.205028689694199
60,0.310094119762968
60,0.350165522996441
60,0.340955894309223
60,0.295474136255785
60,0.335718828618155
60,0.306356740951228
60,0.217146413865831
60,0.216980817334857
60,0.299451453331704
60,0.257293329820111
60,0.237689598580571
60,0.320718925446834
60,0.303034014269018
60,0.321429886093438
60,0.294745308979628
60,0.295720708821167
60,0.295851622121793
60,0.302530909354597
60,0.305027386201517
60,0.239326890056474
60,0.336500575163475
60,0.319099190244179
60,0.303141928721503
60,0.296456270612857
60,0.219440460953751
60,0.358567314093238
60,0.258567857418319
60,0.189860359163668
60,0.263492245779005
60,0.268974886342394
60,0.311205553389422
60,0.315124484054231
60,0.319651353901689
60,0.241075599659392
60,0.204511725219684
60,0.246537832883499
60,0.296431595582018
60,0.176679063278649
60,0.180805703294103
60,0.300968010328269
60,0.188890043102775
60,0.263660513106241
60,0.292868938222191
60,0.307292825300475
60,0.318281081569628
60,0.348639365466626
60,0.34266840416042
60,0.321809539577501
60,0.276244216192761
60,0.297170682070967
60,0.294457289677307
60,0.286516746895223
60,0.336828021612087
60,0.214524346901518
60,0.299448165386876
60,0.347521382555572
60,0.31751762814252
60,0.300619352321522
60,0.289031036662384
60,0.278188280364455
60,0.272210021715059
60,0.270669041256807
60,0.103528298938541
60,0.366135265179865
60,0.340151928097917
60,0.320046361834242
60,0.332308414575808
60,0.2840804799602
60,0.336156762702341
60,0.284561173176789
60,0.228730267054565
60,0.197257716611641
60,0.28800188470276
60,0.299022377636675
60,0.255740690496787
60,0.203744205422564
60,0.36003472659187
60,0.276193426577044
60,0.234458313041455
60,0.284456285921958
60,0.302069850736694
60,0.222794535324725
80,0.288688186205218
80,0.296729050907608
80,0.333801688789474
80,0.299031858400986
80,0.194835732333024
80,0.324624218779936
80,0.231492573632965
80,0.303577399899139
80,0.332981306541671
80,0.259731907843821
80,0.264173358075142
80,0.317643014544591
80,0.264197801317156
80,0.31845961968624
80,0.328327931774085
80,0.229081916733618
80,0.31633568855936
80,0.236511016391627
80,0.292041404510349
80,0.357891548231045
80,0.210056533454823
80,0.237474795018638
80,0.314946986938488
80,0.30041830926649
80,0.302592900255677
80,0.306554523380649
80,0.247640030919334
80,0.308881649429027
80,0.36032489788332
80,0.308008561032823
80,0.243209143649562
80,0.365984164896039
80,0.367699786458256
80,0.251205872873111
80,0.324794349598084
80,0.339515779704108
80,0.32945279846683
80,0.271064349939417
80,0.343545821063956
80,0.31937217667937
80,0.296006479816313
80,0.297691986488484
80,0.300782851464612
80,0.219048856920894
80,0.359127254564169
80,0.301827398204801
80,0.333067144102977
80,0.346668121323206
80,0.290859119680928
80,0.263801353728741
80,0.316127778240104
80,0.326574932089818
80,0.289772371878231
80,0.357326518092533
80,0.345156918872616
80,0.307955766420318
80,0.227016389969548
80,0.315993511291485
80,0.330140186851955
80,0.287875029638102
80,0.314673760905211
80,0.309973506549009
80,0.226747985145846
80,0.318565994154122
80,0.301275679479178
80,0.342889142126433
80,0.306949694358955
80,0.328875523470169
80,0.217772805351095
80,0.33543654484204
80,0.298207734731597
80,0.250910590069269
80,0.319762018526964
80,0.331361949073379
80,0.243717033551106
80,0.23890375355155
80,0.316681686739249
80,0.300178790037139
80,0.0600403457197135
80,0.26500046676999
80,0.354794539755896
80,0.322004241006764
80,0.249963077676678
80,0.302553364448709
80,0.272358553754791
80,0.202153992798177
80,0.261718440981612
80,0.199977362781795
80,0.321800663708993
80,0.237024296798381
80,0.356264018966857
80,0.254195319332857
80,0.313662251195292
80,0.352772459578642
80,0.211291128470581
80,0.312078719785247
80,0.287972125753235
80,0.274191959500182
80,0.328941524696406
80,0.345596759121892
100,0.24919707210328
100,0.257025866434663
100,0.299356365723161
100,0.317021867694843
100,0.306885758013125
100,0.319424980425999
100,0.324392434222075
100,0.339610344606465
100,0.326945832458491
100,0.324751204201839
100,0.227320710011284
100,0.21695537404239
100,0.357729323636791
100,0.34447084747263
100,0.278779887320051
100,0.313243708981662
100,0.299945843964303
100,0.331892239424211
100,0.381986577661132
100,0.32816547059612
100,0.270682866974949
100,0.35436896383217
100,0.343142478589185
100,0.34972068163737
100,0.335692186634608
100,0.342043962140389
100,0.288967607777957
100,0.326150493390012
100,0.33533036871857
100,0.329037533543972
100,0.283549686624688
100,0.334359587994221
100,0.359531170092695
100,0.366189106990551
100,0.317075153153205
100,0.353135114954319
100,0.296984385281091
100,0.344334606062311
100,0.32110422063945
100,0.300549358381101
100,0.322912026956637
100,0.290546787807371
100,0.355150868986694
100,0.225317249260344
100,0.300618080900641
100,0.357057469600843
100,0.312856735914389
100,0.338207492983104
100,0.374823079045033
100,0.301897420367487
100,0.35430326186052
100,0.365373419917364
100,0.2397948555819
100,0.303678330214803
100,0.293175014330681
100,0.328363605650617
100,0.22006481426639
100,0.342894662357681
100,0.33470993156202
100,0.31014635491802
100,0.349983505653421
100,0.311567082481165
100,0.35156045889923
100,0.307019202072808
100,0.375701533401437
100,0.324049407681666
100,0.302690070297726
100,0.334468219612066
100,0.332155884839734
100,0.316695715744646
100,0.340520533548188
100,0.221106224635699
100,0.310649492081746
100,0.31902961769742
100,0.319048752167486
100,0.279548102496314
100,0.305787610475824
100,0.341333325605779
100,0.311431277190908
100,0.283451170078451
100,0.341070483888968
100,0.365650893598872
100,0.373819641856052
100,0.330201137273054
100,0.274057277312372
100,0.276231877400017
100,0.295453857949203
100,0.347139266413872
100,0.331085592128043
100,0.297977467694907
100,0.26450031831012
100,0.268879885263668
100,0.366837973411912
100,0.300034207722833
100,0.35327837844777
100,0.279486748804032
100,0.183210219325801
100,0.314707490674741
100,0.347628338691515
100,0.277883939410027
120,0.296248492509253
120,0.341676599114699
120,0.315699442772968
120,0.330995359674064
120,0.289717227464639
120,0.378272193381196
120,0.34962372398479
120,0.357973780213202
120,0.296306478991711
120,0.34261042958382
120,0.321007202593455
120,0.368519385042786
120,0.325413692086532
120,0.342879642143262
120,0.34085363786298
120,0.320622639741963
120,0.34206976535357
120,0.322918968446541
120,0.274800699045068
120,0.274651969567063
120,0.334697102234531
120,0.358416380951018
120,0.334636391948947
120,0.307721360359891
120,0.313040611173328
120,0.265852181275925
120,0.350937584545619
120,0.221352198978338
120,0.351048719191358
120,0.370050697522652
120,0.298405989754212
120,0.37519921843366
120,0.349366056804276
120,0.296215852185346
120,0.353191966426727
120,0.332761799696807
120,0.347633747872718
120,0.339354973389628
120,0.353600914376298
120,0.345054158978803
120,0.394218037163673
120,0.237495340155377
120,0.336035047501982
120,0.34555071830918
120,0.329923364288548
120,0.324435402082825
120,0.362031082872308
120,0.330499546472182
120,0.384689617287057
120,0.331922429227052
120,0.377079233892938
120,0.309774437519462
120,0.283446803024994
120,0.359141058395975
120,0.338857157217418
120,0.357320207908723
120,0.346084020955491
120,0.264233752128956
120,0.365569047369893
120,0.304526020272899
120,0.341695531390226
120,0.332712774356379
120,0.372892662182651
120,0.335483873765587
120,0.314224814726457
120,0.312282618411684
120,0.359817326525424
120,0.314314262258035
120,0.305293973664314
120,0.364699569092888
120,0.354346625082349
120,0.332345073655884
120,0.370795233470762
120,0.355425442622541
120,0.291948843280965
120,0.332927727661864
120,0.32606600712943
120,0.340562775284073
120,0.29992747509229
120,0.325970972722645
120,0.365475185766278
120,0.331014911401662
120,0.314662145220144
120,0.34528509261844
120,0.317771546280759
120,0.348162740504668
120,0.317579771923427
120,0.343257230792309
120,0.365892834718727
120,0.34228182349101
120,0.325175520627752
120,0.378213478907125
120,0.359206861812639
120,0.347788868734415
120,0.320305104752604
120,0.293801615418464
120,0.342077486284458
120,0.380705005018614
120,0.272433558543499
120,0.333231863311151
140,0.340894022328792
140,0.290001100355818
140,0.296519839980635
140,0.312906770451104
140,0.375540673580749
140,0.344621387613917
140,0.367917447398187
140,0.348404253023145
140,0.328023311988047
140,0.326524587141862
140,0.399267611153666
140,0.3060039982357
140,0.368581053329434
140,0.324766350256084
140,0.2636605531976
140,0.276296766302325
140,0.350705665912971
140,0.367756258749862
140,0.320716956124396
140,0.32804135869096
140,0.299807351644166
140,0.311814909721957
140,0.340028436341025
140,0.309390445718832
140,0.370009954692513
140,0.309146095397868
140,0.343716053331477
140,0.332942175086704
140,0.33832569548637
140,0.360324208566735
140,0.380310283378797
140,0.347469401096438
140,0.332578619647937
140,0.362380210375925
140,0.328896800381372
140,0.335021746100671
140,0.284052570823205
140,0.375316085072093
140,0.295985771892328
140,0.338197493774847
140,0.308325643352453
140,0.327939173689134
140,0.266192243705877
140,0.289197099656252
140,0.367654958570513
140,0.339635479692762
140,0.349821463265546
140,0.298167213807276
140,0.32818378086448
140,0.350752061928913
140,0.297838060361853
140,0.340826331241668
140,0.359585262166626
140,0.256270890563676
140,0.31173042407266
140,0.31074676341287
140,0.35611505429393
140,0.353343534264308
140,0.333051404528527
140,0.312708883012171
140,0.335755532928671
140,0.335762888804097
140,0.306938209324462
140,0.317598222853389
140,0.337164891720908
140,0.332855281453965
140,0.365407385802801
140,0.34475567772147
140,0.304671172447025
140,0.30679097625581
140,0.340921137309749
140,0.33887870439717
140,0.31634926370458
140,0.361357145199566
140,0.315083895312242
140,0.336009110547457
140,0.288420488504504
140,0.346548580223963
140,0.307811064011137
140,0.33712434884562
140,0.350428124681693
140,0.318149693576269
140,0.353110649427602
140,0.314133297015569
140,0.364170934002661
140,0.312120682909305
140,0.365409785506402
140,0.369305794640481
140,0.335133465667482
140,0.320051443703496
140,0.392064970112484
140,0.326828290994335
140,0.310159547908796
140,0.320376289553143
140,0.354973913601175
140,0.328609629616607
140,0.338908153924407
140,0.309385251883339
140,0.345740089303785
140,0.323972438740495
160,0.310207345262042
160,0.3246757670565
160,0.193688127873982
160,0.340129241787151
160,0.373880490841933
160,0.294880987952196
160,0.344663911056615
160,0.340450914644929
160,0.360394806815547
160,0.307625579374338
160,0.340009874762218
160,0.303446980650982
160,0.293174827208554
160,0.3088849128636
160,0.277007790527081
160,0.371505540919028
160,0.297643561125901
160,0.335546882365922
160,0.333200772575353
160,0.311832598796664
160,0.359480210714179
160,0.330710312726354
160,0.375208739702054
160,0.328191061079561
160,0.384490755987005
160,0.350335410507275
160,0.334644758188749
160,0.310149095682008
160,0.353316134034592
160,0.351691212984802
160,0.310214671114219
160,0.359175026876601
160,0.321118100442379
160,0.29368699944314
160,0.334110109062787
160,0.289784577904882
160,0.286553126478788
160,0.332337549711554
160,0.311578234964253
160,0.36495612730533
160,0.316304305728939
160,0.354256994484323
160,0.319862853804181
160,0.386350559114451
160,0.334960180972961
160,0.332088693983972
160,0.351063079225227
160,0.276834468380752
160,0.35332706705188
160,0.269612146458909
160,0.321026209388917
160,0.314241109341808
160,0.343830795231199
160,0.343176363623778
160,0.319967646453625
160,0.320150603477683
160,0.356332384202585
160,0.342582476580051
160,0.317178908167877
160,0.322097851433823
160,0.326190408566145
160,0.296183960437328
160,0.374938410373194
160,0.35409382223877
160,0.311140076122044
160,0.327487227659201
160,0.363633400487699
160,0.338592391974495
160,0.313499342973997
160,0.334942689945606
160,0.355542192057395
160,0.274193387678832
160,0.288493347203623
160,0.358081429876946
160,0.35445499864509
160,0.326378670721552
160,0.314933225977242
160,0.330384663744723
160,0.35637331139855
160,0.306299665918505
160,0.323593887779355
160,0.371263258059139
160,0.333393880151638
160,0.30721311858143
160,0.363925014694503
160,0.352027682419543
160,0.363618620925364
160,0.311210898595243
160,0.36930299205426
160,0.319346152442932
160,0.302430279289488
160,0.371623960767418
160,0.336690388540257
160,0.304625945750803
160,0.341003108883103
160,0.329441057666699
160,0.319090046049379
160,0.244141107297247
160,0.341800750283104
160,0.352702483387399
180,0.320459958297333
180,0.307341505345201
180,0.352148790356152
180,0.307441816016294
180,0.326004465919999
180,0.334447576558244
180,0.352269039675153
180,0.323873370533826
180,0.310343317210124
180,0.338908032168749
180,0.382251644259378
180,0.304253459865751
180,0.336689774941008
180,0.364952450472747
180,0.350042061915719
180,0.29288958448765
180,0.340975064837573
180,0.349288865135602
180,0.345975688426475
180,0.33341988618882
180,0.319115654677932
180,0.348251673503694
180,0.341900746425369
180,0.382774306664802
180,0.347355679068374
180,0.38055262336633
180,0.389634682143877
180,0.341700009666083
180,0.286911707773595
180,0.279941448675451
180,0.353134120646013
180,0.296871913997302
180,0.313672635703036
180,0.312712949580931
180,0.303600342143736
180,0.275930868740648
180,0.27533619269374
180,0.321302524831401
180,0.318954325481878
180,0.355197154401753
180,0.316639859031196
180,0.315456830772685
180,0.330163676185494
180,0.338526258873524
180,0.285806504139855
180,0.350963737771988
180,0.349196457557757
180,0.36370919554788
180,0.347697489060256
180,0.307454213365265
180,0.296038266776954
180,0.33994404206971
180,0.327367256280375
180,0.352613178328072
180,0.306181874027873
180,0.353965307970638
180,0.323502639539918
180,0.279269729658918
180,0.340647424123885
180,0.371964895861579
180,0.332476377567731
180,0.328752005411136
180,0.329031526776451
180,0.3448043669605
180,0.341888196361113
180,0.334358296843065
180,0.335357007140859
180,0.295556957223584
180,0.364092830734811
180,0.298105621089995
180,0.358573160568692
180,0.336736971868247
180,0.358593743431702
180,0.310790774111598
180,0.353832235598131
180,0.302203162782128
180,0.331447161059521
180,0.342789971192656
180,0.3619757562154
180,0.35279918521181
180,0.304070170244635
180,0.350598827129573
180,0.284639601709015
180,0.387075825754336
180,0.336120280208474
180,0.353323444192731
180,0.27793923355532
180,0.338346041820007
180,0.300641793426028
180,0.333713722957906
180,0.327789338485503
180,0.336273719165182
180,0.327914268991104
180,0.34194956474533
180,0.354672748307854
180,0.326688967404077
180,0.365626917999058
180,0.284971158838105
180,0.349169466201416
180,0.349059264840435
200,0.34135543435122
200,0.387222655846547
200,0.326135043324051
200,0.366904705115021
200,0.338744757886119
200,0.349728410418294
200,0.321325275483178
200,0.371659624834867
200,0.359317144200706
200,0.311403565937598
200,0.341059232853303
200,0.360996215716273
200,0.346117811246421
200,0.309268176642624
200,0.311704104970939
200,0.331367742485723
200,0.29606773643975
200,0.280134797251513
200,0.320152159536464
200,0.327174617572881
200,0.319421128432017
200,0.355713216503345
200,0.307599529298797
200,0.295975818823706
200,0.377605528771371
200,0.351311394560475
200,0.346024917472375
200,0.315791385197729
200,0.322587617121171
200,0.30407187416709
200,0.324419043859519
200,0.374172897814369
200,0.317142502179925
200,0.321076550824004
200,0.352596285135588
200,0.294042997937088
200,0.368258226968462
200,0.35775979998261
200,0.351612796454168
200,0.376154971923993
200,0.358751213284551
200,0.326805418943083
200,0.37751019697694
200,0.337298885844354
200,0.330646403749074
200,0.326914513890502
200,0.331197349681313
200,0.344060604235634
200,0.324986577912775
200,0.352314587485788
200,0.364310497723833
200,0.366078176589042
200,0.346321339507356
200,0.32513063364654
200,0.299456377357769
200,0.30500139038857
200,0.346549714091594
200,0.332327979564604
200,0.337598559708184
200,0.355910252952554
200,0.320728028705203
200,0.345239724301897
200,0.318419497667783
200,0.342593584728928
200,0.357710422430842
200,0.35712219974474
200,0.342534608992628
200,0.368461545906003
200,0.329709712144957
200,0.351306973214827
200,0.364980440639777
200,0.340307468717423
200,0.347723007501738
200,0.311971336380393
200,0.310706816636143
200,0.334743968341921
200,0.325874669161568
200,0.338513858035102
200,0.333010036363783
200,0.299591074637956
200,0.320318383366109
200,0.291619631310688
200,0.352521552116388
200,0.378076324044773
200,0.332660755458214
200,0.331372475006718
200,0.352820297647231
200,0.34719461724247
200,0.343432652387317
200,0.346691734664168
200,0.326249524873523
200,0.293920699058192
200,0.365802743185417
200,0.31287801763389
200,0.316670440869801
200,0.308317613964758
200,0.345461963667205
200,0.35771887857126
200,0.338989971342591
200,0.3481315812947
220,0.313553576164436
220,0.345194978942074
220,0.335317658350493
220,0.338226961113368
220,0.358878902168075
220,0.346941871606494
220,0.352336149347052
220,0.378926789077602
220,0.378264152536042
220,0.306283467998844
220,0.339754170790681
220,0.332842572574553
220,0.322341995148767
220,0.268285098877383
220,0.345011289824877
220,0.339286500036477
220,0.309424742473864
220,0.370694174764907
220,0.348741979230421
220,0.272553723307104
220,0.365359661605692
220,0.341318726443208
220,0.312997416832507
220,0.320765519270185
220,0.350109407424321
220,0.345462795004182
220,0.300961461642444
220,0.360787944527404
220,0.326660990552247
220,0.349003587286162
220,0.290944113067321
220,0.355694011830565
220,0.279521135700825
220,0.26188434074699
220,0.349449049115142
220,0.315066620718449
220,0.366302253938953
220,0.346391375587708
220,0.324535562747019
220,0.332428626577418
220,0.320713727112413
220,0.385144789457416
220,0.375215628904939
220,0.298650039843109
220,0.289799981388961
220,0.309370299146778
220,0.334001243747312
220,0.352217866922813
220,0.268606613094781
220,0.366763597132896
220,0.375117290882667
220,0.33313398826662
220,0.355792641935546
220,0.34552734248596
220,0.348485489249838
220,0.354802682831409
220,0.332167073443644
220,0.369767126606992
220,0.333956196232586
220,0.341009708811666
220,0.353360182177975
220,0.34501742538779
220,0.320127363725135
220,0.316857846152735
220,0.3913688612735
220,0.37703668155148
220,0.371811582442332
220,0.374043755177078
220,0.312521153098927
220,0.350421222868338
220,0.322082128940878
220,0.35005589537785
220,0.356240492937058
220,0.336828212501057
220,0.361447584211037
220,0.342125963509802
220,0.336767775268128
220,0.374059011008744
220,0.341245660854205
220,0.33491768213578
220,0.352754108658996
220,0.36729512055078
220,0.352577336971141
220,0.376490648867533
220,0.381504527167894
220,0.359031927438058
220,0.230975248710067
220,0.370095094106554
220,0.342554759891197
220,0.326641091474241
220,0.356011815305083
220,0.34313842981717
220,0.356022947901143
220,0.357886717856369
220,0.376682931631344
220,0.367371581731983
220,0.30730749154521
220,0.286244459678019
220,0.325373056837148
220,0.351365757887068
240,0.346357411893307
240,0.364245665680155
240,0.23968751552202
240,0.331425501432625
240,0.351368969017713
240,0.339972650765369
240,0.346761555337657
240,0.361786989031087
240,0.357212169123232
240,0.346120689827343
240,0.32650831064964
240,0.353603482801759
240,0.329596281129638
240,0.356228520610789
240,0.347151617081517
240,0.336357994459281
240,0.356404201796331
240,0.358142330858156
240,0.335337904411815
240,0.351806982887076
240,0.268075416349701
240,0.349323145977143
240,0.304982485442091
240,0.337622398386802
240,0.324479869971765
240,0.308326777220514
240,0.366699168506914
240,0.301547835727313
240,0.341949512108946
240,0.348144867574135
240,0.315961311730602
240,0.344888094223349
240,0.379883563557773
240,0.313814195058558
240,0.320168876933266
240,0.337299772877691
240,0.35912733089803
240,0.344172431402608
240,0.363463476896769
240,0.348125345949707
240,0.355371089405497
240,0.353287178327886
240,0.298797074691231
240,0.362479464627468
240,0.335119671865948
240,0.349543044402633
240,0.337367602250896
240,0.337709768680443
240,0.323218541563
240,0.368985508851567
240,0.346222926738531
240,0.31348042181576
240,0.347876955589002
240,0.253206091251859
240,0.325047259335069
240,0.317928536555304
240,0.335482214684929
240,0.345201499082935
240,0.350888950861765
240,0.327220392931865
240,0.365858948291169
240,0.300866610040396
240,0.31208098536106
240,0.36408481256143
240,0.349955017298043
240,0.353023608545055
240,0.341124164717395
240,0.374052082905177
240,0.346199795550003
240,0.309947652794532
240,0.35631292468972
240,0.363214472879386
240,0.340820097223237
240,0.277483445936727
240,0.348331937313633
240,0.354251968653682
240,0.325022057851748
240,0.33769128248003
240,0.365254540932474
240,0.302621215140358
240,0.326319355653881
240,0.362010930011705
240,0.336370658964352
240,0.348603782508332
240,0.300760350957618
240,0.387492148841824
240,0.339423454210322
240,0.346872206515957
240,0.358552206770716
240,0.291858880002791
240,0.301172348461471
240,0.371574080135375
240,0.324211261699591
240,0.301887466440909
240,0.347886268276271
240,0.336267275763305
240,0.392743280162476
240,0.333675064671166
240,0.33422096797567
240,0.316173514639259
260,0.351464532856613
260,0.363422650939936
260,0.333410046005747
260,0.355492917864253
260,0.340888458478129
260,0.37042395777918
260,0.339707579049105
260,0.345022941368597
260,0.286237921731656
260,0.336513298641232
260,0.360209325519021
260,0.328051490317974
260,0.336590526324086
260,0.358584556853417
260,0.357213721226006
260,0.321804079799376
260,0.333384316164726
260,0.308131621714361
260,0.327568548240313
260,0.325051575887614
260,0.276544206420169
260,0.303948799404103
260,0.324853779513175
260,0.335818122429394
260,0.35676424137476
260,0.378072293178556
260,0.338461783737696
260,0.323077555786829
260,0.347653234871057
260,0.275475866471872
260,0.328959696816821
260,0.349165407023203
260,0.335865864281085
260,0.367125759749314
260,0.355165929449724
260,0.363492725051379
260,0.366323859416835
260,0.282800980333945
260,0.338427293734854
260,0.304519859718565
260,0.349328897897853
260,0.332801439629135
260,0.292285708050006
260,0.343936662335095
260,0.34456913277759
260,0.361691369660663
260,0.329194984887922
260,0.302001876789409
260,0.306792610995539
260,0.331998455846238
260,0.345227513472212
260,0.375860750541911
260,0.356534680240877
260,0.347471627881838
260,0.308326165485588
260,0.334837087650355
260,0.337782688658762
260,0.304855915788638
260,0.350065578354043
260,0.348660023393405
260,0.33315917903529
260,0.354110250289584
260,0.360552452824901
260,0.330171108004421
260,0.326485180653646
260,0.370049609695808
260,0.35032608052351
260,0.337938699520945
260,0.310653905928784
260,0.358319818503032
260,0.373725778342916
260,0.364397882374387
260,0.347860659793058
260,0.352605175594482
260,0.313179334120269
260,0.358321527454865
260,0.354313720747779
260,0.3553203437795
260,0.327243110567853
260,0.359715860655926
260,0.342648198922184
260,0.352173643970946
260,0.375731578870946
260,0.323954710803641
260,0.316044583987162
260,0.357915759397938
260,0.33740447500169
260,0.35668040288281
260,0.357768136316992
260,0.335719605600355
260,0.322540733797252
260,0.355733098757016
260,0.303279490161704
260,0.365274629693741
260,0.332909944028302
260,0.291526507851253
260,0.259871789311703
260,0.369601782259031
260,0.330600932953024
260,0.344196495254527
280,0.256768671921191
280,0.349437404830925
280,0.342584094933166
280,0.269355989949736
280,0.388563191624141
280,0.336539346901288
280,0.308154166977413
280,0.358688624357083
280,0.353215526602808
280,0.349058361927375
280,0.334570683377535
280,0.336346520408408
280,0.352686376593353
280,0.336789550870711
280,0.344915279808219
280,0.328158557218559
280,0.32884379489831
280,0.371264760580616
280,0.367464310671749
280,0.309075320001923
280,0.320916551803802
280,0.350158603481707
280,0.345188823986792
280,0.38171698627777
280,0.342179018883578
280,0.365700868393702
280,0.35697464312395
280,0.351677704273283
280,0.367942871197644
280,0.293249609182744
280,0.341256648546981
280,0.344868145250164
280,0.305051776163042
280,0.348196484026599
280,0.321500718910652
280,0.306327003816675
280,0.318913232507862
280,0.335862850010075
280,0.355998920914398
280,0.351993431450386
280,0.356995139806183
280,0.346363693220095
280,0.345246952772642
280,0.344498487602183
280,0.324358254981643
280,0.388611373295728
280,0.35270428464554
280,0.360102620509675
280,0.322159352965832
280,0.295298686936133
280,0.33584164030403
280,0.354292192207769
280,0.338198854526711
280,0.376350449902026
280,0.315805610872901
280,0.365203689057269
280,0.357324312384113
280,0.341504608195232
280,0.364984503429422
280,0.341887073490025
280,0.336259029724145
280,0.366676100021642
280,0.291325104152425
280,0.356608169479549
280,0.343472165900743
280,0.36523518216819
280,0.346191681544433
280,0.328814910372126
280,0.325763306860463
280,0.312536165718586
280,0.335918148658897
280,0.37203204328675
280,0.323544159890311
280,0.356436823500905
280,0.335095513962669
280,0.318891515105727
280,0.331626735380583
280,0.311073425200514
280,0.35646902118482
280,0.320480454890064
280,0.366936430579805
280,0.319367298725785
280,0.340662218742372
280,0.342996165679697
280,0.312228962330827
280,0.323689560688364
280,0.313370822000503
280,0.306640504914817
280,0.335468343330738
280,0.353577176237748
280,0.326406913761776
280,0.350508707511586
280,0.316486917220676
280,0.361388877628542
280,0.351989873080577
280,0.333701557079226
280,0.339154785497885
280,0.331720853115719
280,0.338262398331711
280,0.318791613104158
300,0.343003678802542
300,0.280402231679465
300,0.352901691854741
300,0.34445704981108
300,0.343379507405151
300,0.356368796438817
300,0.30213543485865
300,0.332490951156951
300,0.333549441177165
300,0.303298880974056
300,0.303399227893251
300,0.333445258466226
300,0.286997121793849
300,0.3577460913336
300,0.336312298074924
300,0.3387849108077
300,0.353231651912363
300,0.343186642661393
300,0.308642902369504
300,0.338265959025962
300,0.352619308570974
300,0.333866571259796
300,0.34177658164893
300,0.343739872769133
300,0.376397478290151
300,0.334467787365914
300,0.322047276869091
300,0.336121959059315
300,0.366527009118133
300,0.320434671260269
300,0.310141276469788
300,0.360015691794925
300,0.331177935490101
300,0.359872912526538
300,0.319088886453433
300,0.370909969943783
300,0.32384603351168
300,0.341266776583585
300,0.315208074784385
300,0.35521738737249
300,0.305921041262177
300,0.344053524311324
300,0.331882364185608
300,0.322286449123042
300,0.373337803053303
300,0.354429394727405
300,0.317564278594168
300,0.334974492247549
300,0.347162411446507
300,0.35596543431917
300,0.302967090762152
300,0.352904542531249
300,0.337550553623978
300,0.326545076261817
300,0.323949949752223
300,0.344183889553871
300,0.356077813432297
300,0.34163922453323
300,0.312723724694177
300,0.3567197832119
300,0.328965550221066
300,0.316749639238484
300,0.356760174211455
300,0.32515222091063
300,0.316932730708622
300,0.31863001709655
300,0.332153751884412
300,0.312571935157226
300,0.293003650695964
300,0.362577599246034
300,0.377714201553643
300,0.38612560699574
300,0.368421700084548
300,0.350169586426564
300,0.334491291485729
300,0.370587064783529
300,0.302240213909647
300,0.374661049799087
300,0.311742473768845
300,0.342725210823446
300,0.366905037290373
300,0.35588210571052
300,0.334157032354344
300,0.356188551978824
300,0.322912650090792
300,0.34191362615475
300,0.323657280287843
300,0.339765236357841
300,0.315941990257348
300,0.364873307269558
300,0.376656396427223
300,0.343601138415197
300,0.357694367370815
300,0.351151827236248
300,0.327421470854702
300,0.330995559565037
300,0.340435251505145
300,0.330658440235266
300,0.354837333201349
300,0.340607156843842
320,0.332332043965148
320,0.371730487378976
320,0.334949750467399
320,0.333584475229886
320,0.295697229028026
320,0.336634928687283
320,0.364059594343821
320,0.335280993669404
320,0.372398982583981
320,0.364789729889143
320,0.359010456709923
320,0.357138227643719
320,0.3649353119726
320,0.337023252198978
320,0.329782860623568
320,0.343254078078213
320,0.353760610814592
320,0.350902667252622
320,0.362639490256958
320,0.351864146658305
320,0.331153823062657
320,0.338379783845268
320,0.314706097487581
320,0.341849911757618
320,0.37281621562398
320,0.335951960698115
320,0.334963426744003
320,0.308707478753022
320,0.326740308341568
320,0.349580759230216
320,0.342533449661118
320,0.297523720480455
320,0.335048623829889
320,0.30399979336773
320,0.349894375946956
320,0.326693270378953
320,0.347758151464981
320,0.382370335402592
320,0.331795616197217
320,0.31771784613928
320,0.342617651796874
320,0.327324172516088
320,0.36126213356576
320,0.337783413693713
320,0.333891243304343
320,0.314986086501726
320,0.360180737094173
320,0.346256185716228
320,0.361109849725201
320,0.304923556927781
320,0.311125413746856
320,0.340695419076008
320,0.396613540168177
320,0.334654435428079
320,0.340988763599824
320,0.382106440995913
320,0.293842466331875
320,0.320931998763188
320,0.337618094812428
320,0.33126385570115
320,0.356588528984586
320,0.347129287360592
320,0.342236859875327
320,0.331976285715616
320,0.349657590906483
320,0.271519282705298
320,0.33849839879604
320,0.343096463345078
320,0.334982488760859
320,0.379232701840051
320,0.369525753549363
320,0.314735884823105
320,0.3583876093588
320,0.398033400784498
320,0.360301472413553
320,0.332070623568868
320,0.33469410729831
320,0.367404453526464
320,0.324652949575704
320,0.341059087291779
320,0.350372793270499
320,0.341808578827815
320,0.350412296887864
320,0.38040672463474
320,0.341543100353769
320,0.360858817983189
320,0.344541790726087
320,0.352937522412262
320,0.358526015276037
320,0.303851186503311
320,0.309103410020029
320,0.292690368900691
320,0.327720136004811
320,0.345727458621543
320,0.367164028499188
320,0.351929495605603
320,0.343171842227651
320,0.30745913670297
320,0.301405554003817
320,0.331722949336811
400,0.372077864644585
400,0.342875745076868
400,0.325318068061755
400,0.313425058208443
400,0.322249622714828
400,0.300743859509361
400,0.29652543900865
400,0.314829779940303
400,0.340697111573897
400,0.311677666793256
400,0.351905402196614
400,0.386236086068122
400,0.344755905535986
400,0.370116339969958
400,0.296372630707739
400,0.346981766412886
400,0.32946543244161
400,0.364062232802881
400,0.324121006731847
400,0.334226388981579
400,0.317991503911056
400,0.308030557968705
400,0.322630193923554
400,0.348101676265538
400,0.335971773826269
400,0.322144411014074
400,0.329262370550217
400,0.356043160772446
400,0.333343469455938
400,0.356452803192009
400,0.327192541742065
400,0.342205595611731
400,0.372186363652406
400,0.320546322728133
400,0.350388821673527
400,0.344828168428852
400,0.332471745939689
400,0.277223065574101
400,0.361206585294133
400,0.321687639420052
400,0.294324012852332
400,0.35495433557897
400,0.323812554217314
400,0.325986922310455
400,0.290272664350395
400,0.311244872729262
400,0.308593681730789
400,0.347445410770394
400,0.327900856727459
400,0.34368608667543
400,0.322932494923367
400,0.335962871849696
400,0.332099249943378
400,0.329136211335733
400,0.351097846626235
400,0.312683462289289
400,0.330536166617088
400,0.344130353685524
400,0.370395803493974
400,0.346932854622795
400,0.326422624029791
400,0.307359172093333
400,0.325935678381764
400,0.347196924102496
400,0.365065377636821
400,0.336878298929636
400,0.37123813262048
400,0.335478950847859
400,0.350832151375932
400,0.331102694840315
400,0.323719017718093
400,0.306034843773381
400,0.342418974177025
400,0.304967832474667
400,0.340211751555374
400,0.337351126186056
400,0.362413105423029
400,0.333410262440904
400,0.325384360690342
400,0.343885130876788
400,0.35159031703078
400,0.346205211659609
400,0.303907151773628
400,0.376715204483062
400,0.343986211085047
400,0.344212187780011
400,0.366342958786411
400,0.311854833409017
400,0.380878784995238
400,0.365729515189602
400,0.367019785306686
400,0.317369225068015
400,0.347982833075864
400,0.308180444726083
400,0.31938317524298
400,0.338102009819837
400,0.326766369052939
400,0.336618025528037
400,0.304246033033991
400,0.355779960262019
480,0.275725428168028
480,0.348208389061318
480,0.334224845215176
480,0.30874053656004
480,0.345989105330847
480,0.352824806498804
480,0.296868764122114
480,0.340735861664412
480,0.328041023298648
480,0.283258535880188
480,0.329099804752731
480,0.331637052648761
480,0.295279395088933
480,0.305064036421346
480,0.325338785384795
480,0.354678619255379
480,0.328069353087588
480,0.353959402269983
480,0.299031326561188
480,0.367520652052302
480,0.353545976692485
480,0.344472091623343
480,0.318790234984602
480,0.315407666620521
480,0.328045454352199
480,0.352510297678666
480,0.343240524268148
480,0.337523761729217
480,0.341889901543498
480,0.34942022200822
480,0.321158739299128
480,0.336216226209666
480,0.249186897591715
480,0.312347835381634
480,0.373380645892129
480,0.327017417085728
480,0.359691031022955
480,0.338398063639591
480,0.360976638073804
480,0.332446632931255
480,0.3176403921159
480,0.319289320481463
480,0.344185192272719
480,0.334307759155893
480,0.295800924316311
480,0.328118214039737
480,0.291914787941184
480,0.326978780613054
480,0.334246923954597
480,0.299366521313335
480,0.358619658655314
480,0.333205528869403
480,0.32269261744499
480,0.330549125906052
480,0.30093641172276
480,0.348735341470432
480,0.330692104116409
480,0.327458331614457
480,0.308297813715891
480,0.302339484543983
480,0.321396276945934
480,0.329700128287053
480,0.302901021234371
480,0.299815388531664
480,0.316222904872614
480,0.311659919227178
480,0.320598866410389
480,0.33433515597235
480,0.323006961820016
480,0.344199690226044
480,0.334888301081873
480,0.319702266136912
480,0.302812808034786
480,0.358132632192591
480,0.329660962938973
480,0.323907781151285
480,0.288967288204637
480,0.295888395973708
480,0.324088959203856
480,0.332874000652288
480,0.347605504813498
480,0.344298032023735
480,0.351470242675995
480,0.329286617453662
480,0.342195584020294
480,0.302027641600263
480,0.335214503315406
480,0.333723615199103
480,0.335440652066316
480,0.315657448074188
480,0.332217518771654
480,0.284815812593355
480,0.335804540161562
480,0.305955888886001
480,0.311007783652922
480,0.300403479699619
480,0.330359611582723
480,0.35255725296639
480,0.345385388432612
480,0.350692663126392
560,0.357193617425354
560,0.312344359057964
560,0.36873787397768
560,0.309459833923559
560,0.357656367324611
560,0.349724395032419
560,0.295810566632875
560,0.334945622277063
560,0.326299329916591
560,0.342170255069491
560,0.315905853032264
560,0.311148603225377
560,0.332535386631618
560,0.349956162104704
560,0.35070757543749
560,0.307932677646487
560,0.286700998252694
560,0.244107603661782
560,0.290103072435816
560,0.270955751589627
560,0.345836987828925
560,0.326828196237686
560,0.303857292132309
560,0.320745298391711
560,0.304490635987548
560,0.337816408039818
560,0.303107888920797
560,0.33842728852931
560,0.296989405756367
560,0.313660313913849
560,0.352414785551513
560,0.333247620933456
560,0.283437062215623
560,0.337277717046058
560,0.308800385793692
560,0.311667107694205
560,0.347604749881222
560,0.300498951070718
560,0.316787080477024
560,0.342991560457935
560,0.340241530837937
560,0.329352088512921
560,0.305549490472729
560,0.345094428098535
560,0.328507415536288
560,0.342334823873991
560,0.336228542087667
560,0.321803925800309
560,0.323582171878125
560,0.352155245485091
560,0.339692578311114
560,0.318187710740623
560,0.317404908691617
560,0.326913496793952
560,0.355089711499516
560,0.328193095772618
560,0.32981830240577
560,0.313675221722062
560,0.322696176120417
560,0.343487619503864
560,0.281449912509673
560,0.291186668784564
560,0.348171078126635
560,0.298619189470772
560,0.331452057630374
560,0.295606748011948
560,0.295593442263107
560,0.320474619438936
560,0.345214522929013
560,0.325697104021306
560,0.326112069036994
560,0.330961523307287
560,0.315615860537345
560,0.324088010723722
560,0.305363545103694
560,0.321002418285263
560,0.318966603264191
560,0.307759994620802
560,0.344663950410141
560,0.27871374647096
560,0.352837543486086
560,0.328579151056449
560,0.321241094395903
560,0.301618876927532
560,0.319236457257344
560,0.324647467391464
560,0.32052142049104
560,0.336271223179625
560,0.333088801577573
560,0.272464567812505
560,0.344005803248999
560,0.316631202387838
560,0.363211237338684
560,0.334325690471684
560,0.320875212936576
560,0.313621822083504
560,0.365847042704884
560,0.312979244541467
560,0.331060917661126
560,0.345608557425924
640,0.319352056419842
640,0.306851828300124
640,0.285239435559206
640,0.334646054382672
640,0.350245493694665
640,0.298046943146317
640,0.303669808914745
640,0.3253183067809
640,0.321029233175153
640,0.327329870550678
640,0.324489963892205
640,0.318583479841148
640,0.316273662526915
640,0.326070902407925
640,0.332943847425098
640,0.316475270760306
640,0.340332480337173
640,0.353111932540976
640,0.330072574562795
640,0.338780017824765
640,0.284734180277581
640,0.319096005872955
640,0.337100698488338
640,0.349968774695039
640,0.338007390624097
640,0.34741182735251
640,0.351012096025167
640,0.323854292646543
640,0.319984251989174
640,0.333610825397978
640,0.306125908749823
640,0.313039798110637
640,0.327595170084947
640,0.31204068004061
640,0.318296051497738
640,0.307156390549244
640,0.30698751549493
640,0.313373244675238
640,0.33168853657344
640,0.333676761538436
640,0.295880375720558
640,0.32372573729019
640,0.267356240526829
640,0.338582451143817
640,0.322613027037264
640,0.305801185856883
640,0.283293796394279
640,0.316530852196058
640,0.309351093455453
640,0.315563808972748
640,0.299021848228828
640,0.287207333918979
640,0.305837003878817
640,0.285329879622777
640,0.271815716272842
640,0.302252987927522
640,0.343083766691027
640,0.305033516762823
640,0.279071800392524
640,0.283052562286789
640,0.322352065501358
640,0.293715796072466
640,0.32961675009744
640,0.344513079569817
640,0.365944683613932
640,0.275913327396893
640,0.318425236601307
640,0.315016642678502
640,0.372064959101785
640,0.309534645249522
640,0.309974235546524
640,0.345881934325773
640,0.340612259311478
640,0.325951899839036
640,0.257606733413318
640,0.29841572389656
640,0.315053472018579
640,0.312139086951987
640,0.32978296886105
640,0.299307388404788
640,0.309636096661353
640,0.317988035424483
640,0.351074972475827
640,0.307838062955532
640,0.303350037899681
640,0.341392869636215
640,0.294147518614261
640,0.290398582576332
640,0.327028752502283
640,0.299345666366163
640,0.294676672251318
640,0.334294082526355
640,0.322823103463992
640,0.328551514399581
640,0.343312157875158
640,0.337420559415784
640,0.276682474550397
640,0.340251484288374
640,0.286623459295546
640,0.347175952153678
720,0.320513885623603
720,0.321446052610141
720,0.324909794857961
720,0.288813760536266
720,0.315441708081527
720,0.319672766589887
720,0.297772790670166
720,0.319708960800038
720,0.310766788848261
720,0.303269539496358
720,0.342168293120521
720,0.263146334613798
720,0.279049879411198
720,0.300353181986531
720,0.320633607053449
720,0.338150022054533
720,0.332430365721992
720,0.341488343878447
720,0.350464325721762
720,0.357979933563937
720,0.284155157188095
720,0.298043583213686
720,0.317375547828277
720,0.337527674413967
720,0.324064922839487
720,0.304431923139828
720,0.299395681993578
720,0.327158292551305
720,0.313848038214177
720,0.283850381585261
720,0.337235540869852
720,0.333987289731933
720,0.284947128984087
720,0.311625550941705
720,0.255908042441116
720,0.332861799182377
720,0.364250101814038
720,0.29426889025734
720,0.278581723055679
720,0.308599160235636
720,0.285695316030855
720,0.324567787319188
720,0.322616747435371
720,0.314526358401521
720,0.297138052764439
720,0.342543336227303
720,0.323238015370335
720,0.307653039434473
720,0.310033171501677
720,0.30878679030096
720,0.286335359288805
720,0.34326936308314
720,0.32051989421506
720,0.31073185001471
720,0.285551358786699
720,0.35163447643123
720,0.319897159508541
720,0.289969820775941
720,0.286539633220604
720,0.289088827686532
720,0.296087488020384
720,0.303015359849291
720,0.283579501604675
720,0.286571241632047
720,0.323293765516682
720,0.307450023382827
720,0.267190926928204
720,0.30029360622778
720,0.3387647793776
720,0.312292276636256
720,0.352756151837371
720,0.294969918567404
720,0.27653173212226
720,0.293646779673464
720,0.275777691342714
720,0.364525951171089
720,0.271704567151905
720,0.336408931900556
720,0.316440062933123
720,0.302892575836294
720,0.313233719083622
720,0.303597582235364
720,0.325888442481201
720,0.270723602806739
720,0.334746134000064
720,0.310750417410437
720,0.353272649792791
720,0.296489185741926
720,0.285497788720592
720,0.303034246077562
720,0.298782582563639
720,0.336361470851487
720,0.287892362995165
720,0.314930222283366
720,0.322776959413795
720,0.313198959212562
720,0.337650803851408
720,0.24685660072708
720,0.285529359979113
720,0.328319396280079
800,0.325310524011533
800,0.341971445006533
800,0.284354838028862
800,0.312368444273953
800,0.320884694576693
800,0.311674438411133
800,0.25845577779248
800,0.321317669970035
800,0.328668867762452
800,0.330913479914305
800,0.290896387593792
800,0.285324453983712
800,0.312957910438591
800,0.339991539947297
800,0.290352886969333
800,0.320661953697909
800,0.314166453272408
800,0.300765770065695
800,0.30923216277696
800,0.319397069835575
800,0.289396534089238
800,0.28617146642992
800,0.343714384237907
800,0.334309726341285
800,0.288329549813409
800,0.307802610607809
800,0.330556715085942
800,0.265830847236629
800,0.332624804010258
800,0.287752995324881
800,0.350789484824656
800,0.290027419254686
800,0.321771931588394
800,0.292533466840675
800,0.283137696806815
800,0.307523489218292
800,0.295973293447503
800,0.317814413037273
800,0.308340373356317
800,0.294746150501644
800,0.29120300388271
800,0.275837249358585
800,0.302556027124028
800,0.308839932336593
800,0.334314754326018
800,0.317901021071222
800,0.259851067291786
800,0.286427003797832
800,0.331682870934181
800,0.336950332762157
800,0.300990047105239
800,0.331188886078627
800,0.302707416971357
800,0.283810976623324
800,0.316420803028411
800,0.297888061575612
800,0.303228731240702
800,0.323820541270519
800,0.321140996551852
800,0.309780273918191
800,0.32106444772141
800,0.25705834988244
800,0.318045150972831
800,0.326042711160254
800,0.285778721294997
800,0.308384854329961
800,0.313946940121682
800,0.313283874626125
800,0.286779482173621
800,0.310086843931604
800,0.30214046985051
800,0.317825720696825
800,0.327579971175878
800,0.311995257457996
800,0.326024327502808
800,0.308219173751268
800,0.28657062218755
800,0.28760687022007
800,0.292546615447178
800,0.326867681201953
800,0.298389136161804
800,0.299578383631568
800,0.329590954885368
800,0.29382202206429
800,0.292835524065953
800,0.333418986147509
800,0.357563333756559
800,0.287372657537738
800,0.279135930927138
800,0.32718209135101
800,0.329519648522166
800,0.287457294790354
800,0.282200480957296
800,0.270689695177488
800,0.241924142766074
800,0.308653539225908
800,0.313564141728529
800,0.314517550424105
800,0.332932175382601
800,0.291573343992543
880,0.302795368006194
880,0.343565942638551
880,0.292394470659027
880,0.35069731780648
880,0.294878771538156
880,0.2956588170294
880,0.303908840650857
880,0.32108965113911
880,0.29222687979639
880,0.341595183958799
880,0.324217058265535
880,0.226023452621189
880,0.303157687541621
880,0.273625660237671
880,0.303867170382426
880,0.321785643137482
880,0.312242936502018
880,0.303971321512757
880,0.310613263018941
880,0.298763046270479
880,0.298498684516225
880,0.318065012939086
880,0.285091296232975
880,0.271554385294733
880,0.311194662236633
880,0.292721594884755
880,0.306892988709017
880,0.36541094587062
880,0.270741835736539
880,0.319279839895306
880,0.287692323084405
880,0.313027459110245
880,0.298079281792578
880,0.344881664923432
880,0.357420744516645
880,0.273383859113207
880,0.310034255706945
880,0.291945759054857
880,0.275810959823752
880,0.286859051845281
880,0.342034935270779
880,0.294709513119259
880,0.277029909132967
880,0.300284910240248
880,0.292821709847303
880,0.314682178970757
880,0.314041341067525
880,0.306959921800723
880,0.286247323072432
880,0.314740643469718
880,0.303393756935845
880,0.305017931366135
880,0.300982974030531
880,0.305280220759512
880,0.282659171636252
880,0.325489241724158
880,0.294003186783909
880,0.273271458361935
880,0.316592605883594
880,0.294084443672644
880,0.294426125456988
880,0.320149299084215
880,0.284738555758107
880,0.304108810029112
880,0.276928333536905
880,0.336262145163936
880,0.326767556565469
880,0.331757558421361
880,0.310451187906794
880,0.27854716188455
880,0.331917962225844
880,0.340635393184518
880,0.325328652689035
880,0.28849385234933
880,0.295625390901841
880,0.274793228152957
880,0.322479915243975
880,0.305069120405283
880,0.288825765831407
880,0.332854419791364
880,0.32804146070056
880,0.292945073233919
880,0.335607297095123
880,0.317144986279266
880,0.311897540592716
880,0.310430414674462
880,0.325071477049887
880,0.298472612715824
880,0.281346265374182
880,0.31758531553044
880,0.249763507566551
880,0.283609065227404
880,0.289929933414634
880,0.275042091497588
880,0.268391400126886
880,0.320612538003952
880,0.32985321112656
880,0.3222155727376
880,0.261949849033718
880,0.267157556872029
960,0.322515974551139
960,0.267324670034343
960,0.327772855982111
960,0.301531159579036
960,0.273565658948545
960,0.31092236550099
960,0.333310423356979
960,0.252254487942078
960,0.304116874198806
960,0.283616307726991
960,0.319452000595122
960,0.281363562106125
960,0.286238055448411
960,0.30076726916284
960,0.306428026594333
960,0.270458178535855
960,0.277498663297969
960,0.275187357269281
960,0.332795686371604
960,0.306330188712091
960,0.317353949479211
960,0.321627414183619
960,0.270531114977475
960,0.237661563134511
960,0.301286082345075
960,0.316356541332484
960,0.3433250038942
960,0.297655505404219
960,0.300550778509801
960,0.317478958712812
960,0.314849539746503
960,0.302938259264191
960,0.331584754902554
960,0.297524922557208
960,0.309038187973765
960,0.273028989139727
960,0.329660200156481
960,0.278781735922591
960,0.311895967878851
960,0.316649472889105
960,0.274682302003369
960,0.315814276441915
960,0.329789459744994
960,0.338012496162925
960,0.287737372005509
960,0.302340302592022
960,0.306757157068844
960,0.329254137508221
960,0.282093947819046
960,0.31897200230832
960,0.321644008805365
960,0.285451686660134
960,0.278403999793475
960,0.312880533372288
960,0.287038688651262
960,0.307210093219362
960,0.310818696140248
960,0.289365298947522
960,0.297776220256887
960,0.323006213870204
960,0.334750358475769
960,0.304311695709065
960,0.342555597888045
960,0.319420330219598
960,0.339210789059893
960,0.290426996718131
960,0.288842624190053
960,0.337332740150537
960,0.276969136459351
960,0.32631982289159
960,0.274123277814253
960,0.337614743680323
960,0.337406616774125
960,0.312422459956546
960,0.318918964195711
960,0.312730837240512
960,0.335543981542562
960,0.319652987020646
960,0.301577562335899
960,0.29393875449203
960,0.30877421155199
960,0.290030733481165
960,0.315930211071233
960,0.297662860618571
960,0.32298946056179
960,0.320858717161977
960,0.322108344296587
960,0.319407168847296
960,0.292320270627192
960,0.320415401475891
960,0.306919703461079
960,0.304552842659284
960,0.298067710291064
960,0.310865535947592
960,0.304730774265373
960,0.288603813559581
960,0.331638246353042
960,0.300602801593317
960,0.324511905357972
960,0.296098459327083
1040,0.325766503996282
1040,0.288829894589344
1040,0.310399220418251
1040,0.277024767054339
1040,0.328793549393012
1040,0.315806530240293
1040,0.294347890433749
1040,0.277136209589192
1040,0.291509087105574
1040,0.317724405695979
1040,0.337800519644157
1040,0.299472130399306
1040,0.2914005476279
1040,0.293701909888413
1040,0.308055789468659
1040,0.321229605697989
1040,0.250489383084436
1040,0.324132928857445
1040,0.304850073002703
1040,0.2859567260841
1040,0.298307533694636
1040,0.295322816190297
1040,0.319086035252058
1040,0.293446469300305
1040,0.280878070847896
1040,0.296559960433328
1040,0.285892024626021
1040,0.287486145928078
1040,0.324326761483813
1040,0.325006550619241
1040,0.291763561105759
1040,0.318282847402787
1040,0.327949171882438
1040,0.267189371334822
1040,0.323666969472163
1040,0.290763073676247
1040,0.314033929661559
1040,0.251721425018973
1040,0.300584881574398
1040,0.27177009255317
1040,0.296809749084418
1040,0.271212359756836
1040,0.309900198491159
1040,0.316898375959678
1040,0.312102704365651
1040,0.296880620231187
1040,0.316715541423623
1040,0.293342379396038
1040,0.292169958583079
1040,0.318557372431217
1040,0.30195021744833
1040,0.29324878143902
1040,0.270590754161944
1040,0.266511865035471
1040,0.314229350360841
1040,0.316895468176033
1040,0.32485992347015
1040,0.294815048767829
1040,0.308140203342195
1040,0.292902280734608
1040,0.305092002926896
1040,0.277884410192059
1040,0.300615966060426
1040,0.262281527313204
1040,0.296908012460022
1040,0.288736461445491
1040,0.294262513823891
1040,0.288067916127335
1040,0.315692621192149
1040,0.310084221320855
1040,0.324589694512974
1040,0.305780300409013
1040,0.324764425448181
1040,0.319362166705464
1040,0.290472552878619
1040,0.314213189286627
1040,0.303707093474625
1040,0.279292696140278
1040,0.296896021464666
1040,0.279806560719983
1040,0.300803577771739
1040,0.303757696702991
1040,0.319248215315563
1040,0.292761421295036
1040,0.306986904008756
1040,0.280324542374541
1040,0.326628093597857
1040,0.281355670962483
1040,0.327407371923303
1040,0.300980902583846
1040,0.294141503068068
1040,0.290759187647679
1040,0.288082287118617
1040,0.256826128538166
1040,0.281262378734204
1040,0.268311574603961
1040,0.252298436762487
1040,0.315034981724401
1040,0.295683362745228
1040,0.270883575521766
1120,0.308787430794697
1120,0.294710112334689
1120,0.299789936336119
1120,0.304999757647736
1120,0.294172452196122
1120,0.302726987902372
1120,0.298519227012066
1120,0.317653442350503
1120,0.29399061438148
1120,0.297241566839538
1120,0.307393738413555
1120,0.280466036030895
1120,0.324785547625336
1120,0.310499576112651
1120,0.311106651851636
1120,0.289680219244658
1120,0.313176989456756
1120,0.28191208171423
1120,0.303642274705555
1120,0.294249754522631
1120,0.287484179222317
1120,0.289416902206911
1120,0.301091061843646
1120,0.29146959514921
1120,0.32747887198776
1120,0.323119384766631
1120,0.304237903344197
1120,0.308832046815566
1120,0.312117076211181
1120,0.29477612202667
1120,0.288600909371739
1120,0.317021567324948
1120,0.281639669750224
1120,0.302119738346948
1120,0.281807520446851
1120,0.305328162310564
1120,0.292020170020399
1120,0.295286389191212
1120,0.285669174588291
1120,0.322501112725653
1120,0.321232597804425
1120,0.303620189832657
1120,0.251571761709497
1120,0.297856495261414
1120,0.26580729448459
1120,0.330685550517975
1120,0.327050875666038
1120,0.291686317311649
1120,0.322120425968576
1120,0.297201842003672
1120,0.295223510865861
1120,0.298174959645402
1120,0.322786196764395
1120,0.311746769466809
1120,0.319347901199612
1120,0.297887877877098
1120,0.325766890848755
1120,0.25605693374156
1120,0.318524349186462
1120,0.293936973332356
1120,0.30681248834433
1120,0.285897113699031
1120,0.257957307221185
1120,0.312134878076182
1120,0.231931407957142
1120,0.30747643164325
1120,0.310887222354819
1120,0.265499852361038
1120,0.306949212942739
1120,0.298752750361647
1120,0.334461683333148
1120,0.31913717846776
1120,0.307094282057412
1120,0.28511779761862
1120,0.320328583751747
1120,0.31933066316845
1120,0.320021746230155
1120,0.297891010959272
1120,0.352372215935019
1120,0.277850760652005
1120,0.306584186677508
1120,0.274448852874232
1120,0.272801996787863
1120,0.323685436542548
1120,0.29067803610168
1120,0.298219504077886
1120,0.303036593546235
1120,0.3089574129843
1120,0.257072145005867
1120,0.288863656372114
1120,0.289400230153253
1120,0.316616162343327
1120,0.310500168227167
1120,0.278666702602456
1120,0.318461987170485
1120,0.300300008917702
1120,0.305411340062492
1120,0.330723190030009
1120,0.314764507172133
1120,0.297221299023664
1200,0.303207611517443
1200,0.316343306932289
1200,0.308985418066315
1200,0.302323811772602
1200,0.291752488943591
1200,0.292660658547184
1200,0.298800682612422
1200,0.278655339338879
1200,0.254018097987366
1200,0.293481824640715
1200,0.307825835858155
1200,0.299630953113476
1200,0.274736081446439
1200,0.271756880466611
1200,0.315776780116616
1200,0.31102523514718
1200,0.295682952945254
1200,0.316906110263481
1200,0.32057658893476
1200,0.302887642005688
1200,0.327412730460699
1200,0.31219025074687
1200,0.2859258217486
1200,0.330391476887467
1200,0.312203539923791
1200,0.304844842497383
1200,0.272630307984846
1200,0.309975734157355
1200,0.291788966770156
1200,0.300845046433066
1200,0.312219885644302
1200,0.265475817016126
1200,0.260805284314846
1200,0.304795812715741
1200,0.31932652487941
1200,0.300636476217875
1200,0.301019066712617
1200,0.272825488982725
1200,0.278147062389602
1200,0.302712391473113
1200,0.287361380832578
1200,0.325282880577561
1200,0.320001490532302
1200,0.293581939607397
1200,0.309684515994442
1200,0.247329119542833
1200,0.283014162419912
1200,0.263793492517732
1200,0.2755723411446
1200,0.285609701599676
1200,0.300674205434159
1200,0.307319742598744
1200,0.314113571569234
1200,0.252607521799023
1200,0.276885133409702
1200,0.309477136651188
1200,0.306195120884482
1200,0.292129206161628
1200,0.267767226539878
1200,0.302211050915221
1200,0.300810359391424
1200,0.324326291117311
1200,0.31671383140757
1200,0.2938475217601
1200,0.304284665099151
1200,0.308375464852359
1200,0.282217652987973
1200,0.292758039711125
1200,0.260787332547926
1200,0.301652997834959
1200,0.280586919661653
1200,0.288667045785053
1200,0.301071944139041
1200,0.311891383948446
1200,0.279816941170583
1200,0.293696946910401
1200,0.313305395598085
1200,0.310520478266141
1200,0.309558207866228
1200,0.305437156056582
1200,0.290667611849372
1200,0.275512951356012
1200,0.318003471795553
1200,0.267469677220332
1200,0.293038010691767
1200,0.290339138105021
1200,0.279946405474174
1200,0.275425457821695
1200,0.279383117772871
1200,0.259383005769427
1200,0.30554189422481
1200,0.269652223936389
1200,0.320485788275804
1200,0.283934048277731
1200,0.296893231580288
1200,0.302734281571357
1200,0.293306087558779
1200,0.280401946300416
1200,0.273528108062504
1200,0.324480954388875
1280,0.273696654722727
1280,0.272474843738626
1280,0.282112740279567
1280,0.301428262441406
1280,0.270099499231901
1280,0.300668750737701
1280,0.295394979707267
1280,0.301103826207768
1280,0.28359670599592
1280,0.291482596422816
1280,0.285729715288146
1280,0.287584114160523
1280,0.256056323595321
1280,0.31894533830967
1280,0.305994595381964
1280,0.29666771303882
1280,0.270455958677721
1280,0.287275899615231
1280,0.292080345869575
1280,0.257326189757792
1280,0.235831186007799
1280,0.262627645212085
1280,0.297864161403333
1280,0.293382519326489
1280,0.258279253826361
1280,0.275772312677399
1280,0.265429797903766
1280,0.272912259388397
1280,0.280094842353862
1280,0.26756000674815
1280,0.301009957065318
1280,0.303359140096751
1280,0.282511616135868
1280,0.281943665927846
1280,0.283350913195261
1280,0.277652114041146
1280,0.305886243332631
1280,0.28751840549105
1280,0.270169349042885
1280,0.280432708870386
1280,0.264140002702726
1280,0.29068068591572
1280,0.293099829251789
1280,0.282825317084084
1280,0.310905677101233
1280,0.276023734485948
1280,0.300646643333321
1280,0.274585353422866
1280,0.301768998065486
1280,0.304126355634066
1280,0.276372433658837
1280,0.308639828006629
1280,0.277856829817099
1280,0.297398872484837
1280,0.311797592322585
1280,0.26281910205789
1280,0.29709205021968
1280,0.296776509059064
1280,0.270278948405945
1280,0.272098128354678
1280,0.284944146565992
1280,0.297898144535169
1280,0.280410100427889
1280,0.32368236023065
1280,0.288647550758059
1280,0.27889768867074
1280,0.32475221044506
1280,0.314286618913596
1280,0.292914247448886
1280,0.29822356467034
1280,0.283327026011377
1280,0.297389034027496
1280,0.269477164995406
1280,0.274683469728073
1280,0.309762380170793
1280,0.266538174488079
1280,0.301491376662228
1280,0.266109525703798
1280,0.276206887241045
1280,0.319590969000319
1280,0.304098853147478
1280,0.306567149160855
1280,0.259889858852828
1280,0.320160967282971
1280,0.290544510827231
1280,0.295621112234671
1280,0.256820284554185
1280,0.289033344805787
1280,0.273216790828759
1280,0.287458955435052
1280,0.285579958878064
1280,0.283328116944218
1280,0.283175057944034
1280,0.252524920050872
1280,0.319938593228988
1280,0.294579036082275
1280,0.311738926262688
1280,0.298689549256108
1280,0.304757926366937
1280,0.281251443015566
1360,0.295171396803241
1360,0.277333675355729
1360,0.318711482266127
1360,0.320936062075463
1360,0.271744063794138
1360,0.276700628384182
1360,0.269305885192732
1360,0.282116902720525
1360,0.300633819278701
1360,0.297471992334392
1360,0.296777735406405
1360,0.297123717391235
1360,0.284711333198589
1360,0.297583926235915
1360,0.286616307014971
1360,0.267216123469802
1360,0.284610026663935
1360,0.267079022120142
1360,0.251096944433098
1360,0.260800172682821
1360,0.250555766433013
1360,0.260317600454535
1360,0.261812139755008
1360,0.31593109242304
1360,0.305311452854949
1360,0.278101954391451
1360,0.287538591764492
1360,0.307683981958716
1360,0.269319683852144
1360,0.287651557828081
1360,0.300713294421605
1360,0.305232187631939
1360,0.281744571907271
1360,0.330159435893264
1360,0.311792887374589
1360,0.273639223865241
1360,0.268089089114267
1360,0.287682121591604
1360,0.285754620586157
1360,0.274962973240101
1360,0.283312167576974
1360,0.259396849230088
1360,0.291686187907526
1360,0.290011214974105
1360,0.256994171854226
1360,0.322686020492961
1360,0.309956711281485
1360,0.257089757871217
1360,0.276389845072994
1360,0.291341384135239
1360,0.266943321808169
1360,0.287646187232973
1360,0.270151014749313
1360,0.292530918338983
1360,0.284123383572474
1360,0.302726437834018
1360,0.330129735713788
1360,0.270710853754183
1360,0.266005484881121
1360,0.287167392319424
1360,0.302122161671872
1360,0.290974491477337
1360,0.30957668851949
1360,0.295001636878807
1360,0.272422477070998
1360,0.290845273809547
1360,0.261581835010782
1360,0.296667484167862
1360,0.329665455552278
1360,0.287849206398744
1360,0.297828523155607
1360,0.287343880722945
1360,0.266563647307449
1360,0.286699293216943
1360,0.261014892471144
1360,0.266978449648278
1360,0.289477794144228
1360,0.273365986354064
1360,0.286917835859963
1360,0.246329684043689
1360,0.29376506577304
1360,0.309338730237717
1360,0.285529342180646
1360,0.309099418579638
1360,0.265929472185748
1360,0.291330047779021
1360,0.28261040633845
1360,0.28518328716757
1360,0.285837160493033
1360,0.282165222251322
1360,0.266030239377498
1360,0.281079512176541
1360,0.287794917041346
1360,0.288616064368452
1360,0.28790238608251
1360,0.261383522944019
1360,0.303784535171636
1360,0.278970035270102
1360,0.289953953186343
1360,0.286753820446945
1440,0.324280606028457
1440,0.277134747724504
1440,0.28148917967421
1440,0.265120453130926
1440,0.295657920959914
1440,0.2681860822339
1440,0.29653546673177
1440,0.302601917617693
1440,0.300166907733806
1440,0.271665596127906
1440,0.255825867699672
1440,0.293594345746184
1440,0.300584988757419
1440,0.293695217591933
1440,0.269577204709311
1440,0.305886627674436
1440,0.266245895530368
1440,0.288024859704991
1440,0.26640451370618
1440,0.248724511392771
1440,0.303951454579201
1440,0.303391705965695
1440,0.29886216890856
1440,0.274071368511392
1440,0.266256076652263
1440,0.274642051590507
1440,0.267391458310203
1440,0.301686774488968
1440,0.301823720419082
1440,0.260305243367898
1440,0.279471132209043
1440,0.282785519005413
1440,0.294606820246536
1440,0.281261162952071
1440,0.270565466520438
1440,0.305402726933582
1440,0.290444391634459
1440,0.326007640676786
1440,0.28935595476696
1440,0.28018532193755
1440,0.258359532585527
1440,0.268526435553088
1440,0.280435155990916
1440,0.30267790173617
1440,0.294678833346376
1440,0.267689892812084
1440,0.265310573046107
1440,0.286290272510991
1440,0.293011275307288
1440,0.291891808887033
1440,0.308770359644674
1440,0.289877586701238
1440,0.264589761849873
1440,0.283716576243113
1440,0.289508154485209
1440,0.282704709723147
1440,0.284824729835442
1440,0.267434775702535
1440,0.302841363142119
1440,0.258773905516338
1440,0.296021706079024
1440,0.281623140650401
1440,0.312726100299711
1440,0.291969765712313
1440,0.249896096145982
1440,0.297789903410926
1440,0.317957442344967
1440,0.288221216695664
1440,0.296720612825291
1440,0.289087583197631
1440,0.285237274931551
1440,0.273935013444962
1440,0.276746923644045
1440,0.305610964474909
1440,0.280547266969071
1440,0.320777240041462
1440,0.262366145168869
1440,0.301693137107085
1440,0.302052450376544
1440,0.310563201165824
1440,0.272286707496725
1440,0.282771455064384
1440,0.296047536377037
1440,0.272902711430125
1440,0.296947680553693
1440,0.289744199263523
1440,0.293537140349677
1440,0.286728363963179
1440,0.298853180314152
1440,0.280980926272439
1440,0.278087376601047
1440,0.312850261370547
1440,0.291276958408144
1440,0.297028464945757
1440,0.285093002862019
1440,0.288092419382911
1440,0.276754738785394
1440,0.261923853850379
1440,0.282231896475506
1440,0.231008420554572
