20,0.17457174892511
20,-0.0740414776633608
20,-0.00470565942511216
20,-0.136620116860027
20,0.259039625997778
20,0.247789211120976
20,0.218003045793296
20,0.250421175308206
20,0.208608756813004
20,-0.0770149271295953
20,0.196040746055337
20,0.197532378820163
20,0.214850417424491
20,0.19904171901663
20,0.0716986731907689
20,0.193485220732042
20,0.213620010908746
20,0.139103993808153
20,-0.0295049856274274
20,0.235696234937249
20,0.202115473427031
20,0.0441947238358254
20,0.136226538065679
20,0.160426781106827
20,0.226709894301606
20,-0.0842528028064884
20,0.0223857463541229
20,0.063864984833403
20,0.145309129438651
20,0.241938761227965
20,0.142160635655181
20,0.233583001066585
20,0.252679032270207
20,0.187343985583339
20,0.194319260784229
20,0.211903195973546
20,0.155613992826256
20,-0.0794762325759655
20,0.0237508286270901
20,0.227049268216243
20,0.0855503453999147
20,0.157170630659544
20,-0.0253461377121074
20,-0.0135854557197638
20,0.041994281053861
20,0.023978420605076
20,0.186106919037405
20,0.231178711455998
20,-0.109064281611895
20,0.15867014895996
20,0.189810491589622
20,0.0486045149021101
20,0.183248506659898
20,0.222745554569956
20,0.251800370069202
20,0.0320268676191374
20,0.153582976336044
20,0.0657770415768486
20,0.115003309822951
20,0.131255332045486
20,0.228894985823555
20,0.134408635052001
20,0.09241563262848
20,-0.0585611621639769
20,0.212382791792732
20,0.251879941432378
20,0.222378425152993
20,0.216603765181259
20,0.059870682701622
20,0.191586450267543
20,0.2039968165469
20,0.199115859288759
20,0.191179911088762
20,0.195593491065212
20,0.127686034614538
20,-0.0405776339819353
20,0.244264615554954
20,0.151478456248152
20,0.119652576894992
20,0.246006775075308
20,0.222704863167992
20,0.228029210024659
20,0.218200716452294
20,0.225700768266197
20,0.254247510383836
20,0.116898381845475
20,0.136599064262151
20,0.0978620970758273
20,0.226080780695138
20,0.176822809858923
20,0.182965066991714
20,0.0423456119291898
20,0.031020013299076
20,0.230592832790537
20,0.0474584402864359
20,0.11109607862298
20,0.251562691421259
20,0.269544941359972
20,0.223977826923277
20,0.0212628308933918
40,0.253949025903168
40,0.157326893044542
40,0.151445659744402
40,0.216104481459534
40,-0.0124689103229113
40,0.265145693324061
40,0.0593119286956078
40,0.048277687612463
40,0.276752365719928
40,0.192093557974792
40,0.185450361592918
40,0.120259419837113
40,0.251004987316577
40,0.189894509435915
40,0.201321761318412
40,-0.154332091140076
40,0.178555215690582
40,0.164497434923055
40,0.0327127668974182
40,0.244682408203796
40,0.127711935043147
40,0.248119225607803
40,0.129228895238505
40,0.206038739451619
40,0.190649647871479
40,0.248958798646482
40,0.153088017615858
40,0.114436755809498
40,0.175447344708171
40,0.0757846841211518
40,0.183170677131431
40,0.137310171630069
40,0.210645371322659
40,0.202093140611087
40,-0.0162548491901835
40,0.177552330739592
40,0.21917066472312
40,0.27701120411123
40,0.0458675907665613
40,0.132386130594202
40,0.0785120898222993
40,0.236898293958767
40,0.222811488590216
40,0.249711877086959
40,0.241967172586575
40,0.221198890806147
40,0.235329370913776
40,0.129530311702374
40,0.216696560555336
40,0.134637233187635
40,0.191425501153417
40,0.0167135065020841
40,0.190976840716362
40,0.165907003904569
40,0.245882859273773
40,0.123761240054999
40,0.168175987859638
40,0.00824956719973543
40,0.136882230196008
40,0.222887976611235
40,0.242899045800277
40,0.18956737443006
40,0.134487205059207
40,0.252373063278019
40,0.236019702769493
40,0.114996970368051
40,0.160732532303191
40,0.209729733837467
40,0.117933299771976
40,0.260025502196886
40,0.249100929884396
40,0.147306000085514
40,0.190664689641476
40,-0.0610199188320369
40,0.20375663516408
40,0.2166576015914
40,0.249749784479301
40,0.164791886631692
40,0.0941016564372222
40,0.146429145768246
40,0.211367641409641
40,0.152758957983103
40,-0.00514655378821184
40,0.0780816919667805
40,0.259630648624836
40,0.203500214932395
40,0.218382681612537
40,0.0851333554502421
40,0.0825789476901812
40,0.192357973971232
40,0.137674637976334
40,0.141942449234291
40,0.188591375955346
40,0.00870744796283829
40,0.26069621918536
40,0.218404934895407
40,0.219810279268308
40,0.242844153977539
40,0.109605378603696
40,0.12788496315623
60,0.228341526094471
60,0.237823604928838
60,0.237529133517931
60,0.233703469145341
60,0.182257755564338
60,0.192589872169431
60,0.232327663010858
60,0.227161104304595
60,0.14240693895248
60,0.133100809955353
60,0.206603458419236
60,0.102689469391119
60,0.190654290550144
60,0.210937574633464
60,0.167153012282118
60,0.173624466263751
60,0.0626747271302071
60,0.121326966165033
60,0.257200697209263
60,0.0489509101671995
60,0.197877302876184
60,0.19170320743936
60,0.171862556406099
60,0.145421083254193
60,0.280352502580901
60,0.20523262244951
60,0.22942013819664
60,0.25029034940492
60,0.229491806032308
60,0.113193674554619
60,0.221600477041739
60,0.16378362321128
60,0.19164259773657
60,0.177253420525608
60,0.0805153478991902
60,0.268453936823468
60,0.167612402672189
60,0.263027494847879
60,0.178448062067369
60,0.195489132353184
60,0.202845339182012
60,0.189573162802627
60,0.167026885626791
60,0.267015180388318
60,0.222218649023737
60,0.271992696620469
60,0.236544490823144
60,0.136733121297748
60,0.198969729672076
60,0.13231121784009
60,0.212059477634077
60,0.240087459759639
60,0.237341958290736
60,0.193515326092203
60,0.199968581978359
60,0.064337911370947
60,0.21068021523339
60,0.131435979903208
60,0.222359870327168
60,0.205907758714
60,0.209694824760524
60,0.198441081547112
60,0.240336941376017
60,0.173326314676452
60,0.207023862297825
60,0.168904242234692
60,0.0545173671782601
60,0.256479155784522
60,0.213810491247771
60,0.246268804585265
60,0.161586862956864
60,0.0561436842658336
60,0.20774933367438
60,0.23034614222241
60,0.206530639498398
60,0.221151540884452
60,0.214363202980146
60,0.166346155290411
60,0.201274837755477
60,0.147345768548586
60,0.159096802114026
60,0.154616146975187
60,0.269395596706383
60,0.196197449624186
60,0.19664551237793
60,0.133778340938647
60,0.175884312612441
60,0.216553789188931
60,0.143780182421111
60,0.232676049153741
60,0.177393902529509
60,0.173278614031513
60,0.171586056479652
60,0.179491496200646
60,0.270106780523431
60,0.0525318621369241
60,0.137120323262303
60,0.234175559543878
60,0.0963681861989459
60,0.179929628072678
80,0.221722036021133
80,0.244238350646374
80,0.207032032705721
80,0.216624608921748
80,0.234261563274326
80,0.239259294960874
80,0.22600119177076
80,0.248785000223997
80,0.215076456024681
80,0.110864714147071
80,0.217363435042976
80,0.258916710584245
80,0.229423295883824
80,0.23182367445025
80,0.032493835127854
80,0.118579837663433
80,0.142072894817423
80,0.230642674553162
80,0.196688396157018
80,0.209310552853425
80,0.226764354859582
80,0.241716951096405
80,0.235631546452161
80,0.129482180480206
80,0.210797360950569
80,0.169515874462088
80,0.131327017037571
80,0.222507168333908
80,0.173112672411014
80,0.0448728751993434
80,0.20546939747659
80,0.128041428387867
80,0.281839910734644
80,0.230967750083871
80,0.179587115851493
80,0.233678893214604
80,0.284053291817074
80,0.209290475489221
80,0.233109449481963
80,0.24210538825205
80,0.130417611837824
80,0.182332314318216
80,0.22499044281582
80,0.205928699998828
80,0.227153705228817
80,0.161383382273112
80,0.256009682148127
80,0.254770650806994
80,0.21086926351283
80,0.251881927148951
80,0.21933021622112
80,0.127897964628738
80,0.153610840362206
80,0.213971250156115
80,0.254346474413424
80,0.218501077912401
80,0.240896586967646
80,0.166694896829855
80,0.216385447920799
80,0.275590725359316
80,0.108377812941956
80,0.166262701908228
80,0.236771867199878
80,0.185449098125737
80,0.245852274184729
80,0.16206736068901
80,0.229417041837784
80,0.235972665913671
80,0.191082767513025
80,0.196739484217432
80,0.246014226541758
80,0.191655695219085
80,0.245153208853232
80,0.0901752180648876
80,0.260341446269589
80,0.15461480741889
80,0.242599400953265
80,0.23960775109892
80,0.161535156693108
80,0.249185607026462
80,0.251211162350944
80,0.15945676278105
80,0.240065455615606
80,0.190251088349246
80,0.254267102846807
80,0.169712746523738
80,0.216170725460495
80,0.230420914126473
80,0.231841351703792
80,0.133078583694802
80,0.279000691433169
80,0.138469087165721
80,0.226981228252984
80,0.19843662657702
80,0.141151716932338
80,0.105038996830078
80,0.251394028755016
80,0.258873002047095
80,0.204554307081947
80,0.183830622848211
100,0.234128467257911
100,0.237947492672625
100,0.116907943148722
100,0.258041886786049
100,0.214925681242328
100,0.271717054305908
100,0.243837034246479
100,0.189390904778374
100,0.171769592923296
100,0.23650762633565
100,0.235981381519897
100,0.163319512122479
100,0.229943089756968
100,0.169767025690478
100,0.243917690056826
100,0.183213840668574
100,0.182071003917291
100,0.164515383823988
100,0.208492396131531
100,0.132010871164811
100,0.189730382265638
100,0.20742355674187
100,0.216467886399396
100,0.295347018297831
100,0.221688308588968
100,0.291887659144918
100,0.216064842162677
100,0.24789929124627
100,0.262817040555367
100,0.174283982516382
100,0.224472507540843
100,0.260663055352923
100,0.277490217885297
100,0.240754057060855
100,0.281454396797569
100,0.252631821457574
100,0.247939948835869
100,0.227903235463185
100,0.216692382261518
100,0.200444227228403
100,0.133810978151493
100,0.16883401149081
100,0.20008108890073
100,0.199577432419104
100,0.281303033276294
100,0.255472321175692
100,0.242633420508453
100,0.205983180718521
100,0.203954730849801
100,0.179789848572976
100,0.206981243740971
100,0.169149246005698
100,0.187926316973015
100,0.199345455995792
100,0.239205872544501
100,0.271207642913143
100,0.214694232623072
100,0.261885010287725
100,0.208286341351742
100,0.202070209587646
100,0.160283955576365
100,0.21516616543371
100,0.193438675855859
100,0.263623941308308
100,0.205803004349925
100,0.258730735657936
100,0.25232080724125
100,0.210209050422738
100,0.224328727795789
100,0.263875060028977
100,0.198781111649563
100,0.217092400647616
100,0.232141327329736
100,0.198471278707337
100,0.240319514017597
100,0.198291187117266
100,0.236772786288415
100,0.203812921768167
100,0.139711882211723
100,0.157563449302451
100,0.209350318685702
100,0.278114817320861
100,0.230418882025648
100,0.234752418439356
100,0.279624474471752
100,0.163895447438618
100,0.255848676771123
100,0.222119132178795
100,0.238680976281699
100,0.228926357998566
100,0.237472094138275
100,0.0505645360527402
100,0.272811171780405
100,0.203507913518331
100,0.214028794316044
100,0.24578089118743
100,0.238568497960322
100,0.200560023788759
100,0.234798400818926
100,0.234367584170306
120,0.19114584542674
120,0.211791768867162
120,0.219550728917932
120,0.231121272906932
120,0.178513742999293
120,0.131161623464879
120,0.214240220296577
120,0.256240221561647
120,0.290448011012136
120,0.210419650809057
120,0.176381447722186
120,0.23298617511437
120,0.165062426452308
120,0.245423645086501
120,0.228863532562837
120,0.243365872463834
120,0.239177049533917
120,0.277394279963833
120,0.157353226925433
120,0.214556325160577
120,0.233601846392016
120,0.165570363970881
120,0.260112926714318
120,0.224159754295296
120,0.171459902945346
120,0.234183611515723
120,0.220987608321093
120,0.206683437835282
120,0.22198528615555
120,0.142484742340155
120,0.19484511804735
120,0.238053439162704
120,0.179472908147237
120,0.246105806166876
120,0.220682953364954
120,0.263869717570739
120,0.268525087125036
120,0.209442914079923
120,0.298425211501162
120,0.282319767569451
120,0.247147012956604
120,0.250356199272597
120,0.250608461342456
120,0.253106458130604
120,0.218716755156351
120,0.227896388386395
120,0.216270841291005
120,0.223286016587912
120,0.214148179091376
120,0.252334778972142
120,0.227081634007605
120,0.207949936737319
120,0.257629722872251
120,0.22215299893948
120,0.263417004369441
120,0.215409190323369
120,0.216447814019889
120,0.196602917847173
120,0.215968565343642
120,0.282116284578669
120,0.213999108988791
120,0.221520646974734
120,0.210364105506655
120,0.171548582381234
120,0.244845803405699
120,0.248417369148015
120,0.260629213082045
120,0.247810593175528
120,0.249579271102309
120,0.277923787956797
120,0.207109029419599
120,0.246421982902104
120,0.249029927222645
120,0.25262982284709
120,0.252269849013622
120,0.205206719307043
120,0.219705889479283
120,0.236938219801618
120,0.246682860854744
120,0.225483778321562
120,0.260488244476703
120,0.224592941421406
120,0.228504694975824
120,0.230125161829659
120,0.132355335548724
120,0.217321391203197
120,0.234633395713146
120,0.134387832454645
120,0.174179215915153
120,0.273407080085747
120,0.237916478060428
120,0.246548547181286
120,0.276044610043671
120,0.260039636997745
120,0.264799712123065
120,0.202854947469432
120,0.254207875442144
120,0.241392292252677
120,0.258165702858549
120,0.198749012431327
140,0.274469085731996
140,0.258404189903744
140,0.239892628772411
140,0.0692221848033723
140,0.209376584169291
140,0.272842271624822
140,0.25644208578931
140,0.268153169095705
140,0.161506675069866
140,0.230962388076511
140,0.182435249061954
140,0.203203208827203
140,0.290508845696041
140,0.288448368997159
140,0.217339502770563
140,0.216586447176561
140,0.237359938795265
140,0.235539516973451
140,0.255971338569348
140,0.228775749488869
140,0.189971034852506
140,0.260713749488606
140,0.266394436161553
140,0.18589694239919
140,0.263330499288972
140,0.239502563200183
140,0.26667136469701
140,0.239201321597052
140,0.260903421366721
140,0.211826336027664
140,0.248501926870811
140,0.241655397394927
140,0.265215301522642
140,0.263383619985756
140,0.207793036112854
140,0.159972249483024
140,0.249141882389681
140,0.190875131695478
140,0.28852393760714
140,0.248224136704922
140,0.239691278444933
140,0.254779022293102
140,0.18355085601894
140,0.161940068692171
140,0.212640115462995
140,0.253377162467474
140,0.303611568399299
140,0.216782795151769
140,0.199841403361148
140,0.188005708269607
140,0.232994401956332
140,0.218383869984062
140,0.222297385456977
140,0.228517341379722
140,0.231487510352432
140,0.251544458643613
140,0.267749333390678
140,0.254895508021544
140,0.26825757635963
140,0.263069646901568
140,0.254101880153408
140,0.306715130282954
140,0.225986456611009
140,0.26227689992133
140,0.228073752607194
140,0.188797363490434
140,0.235364416269438
140,0.278999508260925
140,0.267695933308845
140,0.198709775771817
140,0.277630350068911
140,0.223828814573918
140,0.289269986805801
140,0.238231067497057
140,0.294970858472185
140,0.249137062264182
140,0.131847357703617
140,0.268027190210416
140,0.256068196291788
140,0.275286795465219
140,0.211004276185668
140,0.190739540925106
140,0.1742653662167
140,0.236266979303203
140,0.233389093785433
140,0.250386870728259
140,0.237254511371464
140,0.246711951486308
140,0.284273355248593
140,0.243783518476635
140,0.185721715995601
140,0.222743556005279
140,0.25163743705571
140,0.229391192758605
140,0.239016118127492
140,0.287096383960811
140,0.20596763136591
140,0.218976301788022
140,0.225566089149144
140,0.264932486133723
160,0.2604888209607
160,0.230959890421329
160,0.253095860540413
160,0.258182486357774
160,0.214266892585501
160,0.251598620371412
160,0.265821769219389
160,0.235889751494876
160,0.232261082442939
160,0.221773077341918
160,0.279660308022255
160,0.258951368244271
160,0.25914877917442
160,0.195250158419094
160,0.250709451365076
160,0.221488524384387
160,0.236119349452866
160,0.240743736997893
160,0.266989147084114
160,0.221719760748328
160,0.242167268978748
160,0.274400290655041
160,0.207563241149316
160,0.224585183109501
160,0.256609028474024
160,0.198686370387258
160,0.238662703650724
160,0.190695776154783
160,0.160622086369343
160,0.236526526298534
160,0.198313615531682
160,0.279394521355536
160,0.221708361589731
160,0.298907060059218
160,0.207760280957354
160,0.178349340399667
160,0.286432864254781
160,0.298980270775497
160,0.218586345426276
160,0.258688243800564
160,0.262224552158344
160,0.217897923527868
160,0.200543149070155
160,0.219429999400475
160,0.254979233470688
160,0.231984433144075
160,0.234273987584603
160,0.280242096064163
160,0.238025191334602
160,0.21520329433014
160,0.285097196980276
160,0.261682306724209
160,0.270004448312412
160,0.261377721958184
160,0.232118098361502
160,0.228264241235856
160,0.27486177389813
160,0.239360108361358
160,0.247094529096645
160,0.246422122097485
160,0.270242011563542
160,0.259403124237578
160,0.212386469084889
160,0.209423373457088
160,0.184703083990743
160,0.244935577462716
160,0.246323074086337
160,0.138991848697843
160,0.203967920579283
160,0.225333386218866
160,0.303022141998256
160,0.275100031834355
160,0.25089196238381
160,0.22158684215913
160,0.187471133212296
160,0.251252949656778
160,0.214459660267159
160,0.23715681612791
160,0.240273902877056
160,0.252849463210485
160,0.230307618755375
160,0.248099713665119
160,0.195604434611627
160,0.26145289912476
160,0.239448453834644
160,0.276060667210151
160,0.24654481900086
160,0.225807699841967
160,0.214215648467614
160,0.248979109406312
160,0.297052859963632
160,0.292298023174637
160,0.263062916698771
160,0.227954719362576
160,0.248649375268156
160,0.260941221103216
160,0.237859291869583
160,0.207442621630295
160,0.262432668342791
160,0.233864294249548
180,0.251742173265726
180,0.267766494514934
180,0.205995213618408
180,0.21911729247174
180,0.270143946976178
180,0.21086122681842
180,0.231902192306623
180,0.154122381227475
180,0.315823130080143
180,0.253799031384456
180,0.21970728087122
180,0.256286414048927
180,0.143893723970666
180,0.246059425465894
180,0.267919929614058
180,0.271683736810929
180,0.25216343291061
180,0.281970447181317
180,0.271277292926671
180,0.275217764484374
180,0.183941297066775
180,0.181888658397548
180,0.29168511558088
180,0.176340493488125
180,0.237486622186239
180,0.214394322448013
180,0.192462301216338
180,0.23171569412695
180,0.276900800244451
180,0.257191301020096
180,0.264182996401573
180,0.207766302225509
180,0.255628476965554
180,0.248532330300921
180,0.291453381537698
180,0.238706215756575
180,0.227223051501832
180,0.265385507700774
180,0.252377328724852
180,0.23405331169762
180,0.204090321504217
180,0.276490202059635
180,0.235871144714866
180,0.253049605468441
180,0.253803487859867
180,0.287057250585294
180,0.224642794644585
180,0.257205370058538
180,0.245099330672965
180,0.240657270611372
180,0.236831836467411
180,0.235995368496394
180,0.224820712126478
180,0.219838243588124
180,0.241857023541982
180,0.248953682386682
180,0.228126472949292
180,0.272905829679729
180,0.240920157206978
180,0.25248995489231
180,0.273089283873865
180,0.219184828084918
180,0.241119460622616
180,0.250172863073452
180,0.234612414405
180,0.243611688413656
180,0.262018482059504
180,0.256918355384801
180,0.225172295577719
180,0.194800512914876
180,0.203300474249678
180,0.253847519603258
180,0.183003012893229
180,0.25787066265887
180,0.286813145523898
180,0.243810338462634
180,0.289876749284696
180,0.269280206587177
180,0.272242593503736
180,0.181205777609543
180,0.198376438962843
180,0.244778996325418
180,0.264112451452665
180,0.218555828907308
180,0.248572856038779
180,0.263988732557186
180,0.276203316967874
180,0.204918176265936
180,0.248793127442494
180,0.225506026293236
180,0.224967058028982
180,0.243521601123407
180,0.240102655297904
180,0.176718543488859
180,0.245450104961525
180,0.273276115957474
180,0.271014751341144
180,0.242741876693019
180,0.243140055341553
180,0.250221413967646
200,0.233661617505737
200,0.271448190561624
200,0.288166338621131
200,0.19687089563501
200,0.228073104106198
200,0.244985610954792
200,0.248709554240594
200,0.215236106147387
200,0.203793257851236
200,0.155789798924826
200,0.283377156682637
200,0.223559752251911
200,0.288565820695073
200,0.245165562227892
200,0.221530450004099
200,0.195843722264978
200,0.18875330846492
200,0.270561632237685
200,0.242516865057659
200,0.240709314424996
200,0.185331208976147
200,0.272064252773826
200,0.273350010235025
200,0.218013902370059
200,0.210661347753934
200,0.267098563900628
200,0.27400452798749
200,0.226739881987078
200,0.215307373986514
200,0.240248475230037
200,0.250919046412801
200,0.253123314719112
200,0.250865274084378
200,0.241878188225985
200,0.212368439953378
200,0.236681168199502
200,0.189455255117397
200,0.229708931531865
200,0.255445155896792
200,0.284690081945463
200,0.260817449637664
200,0.189619111292876
200,0.257105939525919
200,0.247242795167185
200,0.239431339717591
200,0.253677566673786
200,0.23287363923731
200,0.231447632869614
200,0.249006564490308
200,0.290755652460979
200,0.214230044915335
200,0.227384687351091
200,0.233606863985357
200,0.287284034472743
200,0.293442941259057
200,0.242643236708799
200,0.297514551369297
200,0.275454473641813
200,0.286658637631655
200,0.270276438617146
200,0.226644606236662
200,0.26378617143251
200,0.2396360293923
200,0.238323771442897
200,0.241733035303986
200,0.183489491390048
200,0.26341299645705
200,0.261228604576364
200,0.232550761140081
200,0.185276418209865
200,0.261022210402379
200,0.272630913471576
200,0.208902558021973
200,0.188677852201527
200,0.278097383632835
200,0.201805103244745
200,0.23717681201382
200,0.219611935953752
200,0.277379579911866
200,0.251816005301223
200,0.215567333093488
200,0.297721872488272
200,0.276345057450957
200,0.243812249878338
200,0.203586955605599
200,0.205160026585949
200,0.247957829213933
200,0.262920143457552
200,0.266811608103395
200,0.254547452173938
200,0.240779875041064
200,0.293930716509893
200,0.177086093699935
200,0.298597454006639
200,0.245850496504576
200,0.270838039311748
200,0.249716954166771
200,0.271447589035443
200,0.266734374489621
200,0.220866435258567
220,0.265352375216486
220,0.296804625761059
220,0.290782257477128
220,0.181555296329329
220,0.248441417049611
220,0.246491462259501
220,0.260555902243136
220,0.271912204154484
220,0.259477104394827
220,0.24097088972998
220,0.222005910930457
220,0.258972001241078
220,0.238645596403462
220,0.258086573803777
220,0.280258057817412
220,0.251439095575905
220,0.293945348065806
220,0.219825811629462
220,0.268449419464927
220,0.270573739166393
220,0.247153563313792
220,0.279418713302699
220,0.210346365730201
220,0.2417361181139
220,0.236103699739223
220,0.234290018118156
220,0.258967548564096
220,0.249393563597682
220,0.246937952696902
220,0.192296437206922
220,0.252075521408968
220,0.263114427362754
220,0.194631444761999
220,0.259912035401422
220,0.243360078432908
220,0.232354104630347
220,0.223735823469681
220,0.219277105945554
220,0.277713896554543
220,0.257670070376469
220,0.274704767871001
220,0.252447766162718
220,0.240817517162133
220,0.266520600320449
220,0.277165656417669
220,0.258531890532054
220,0.239221298563861
220,0.231418882924391
220,0.26059570506772
220,0.254390269664662
220,0.201587039039295
220,0.242021837828821
220,0.292379693486978
220,0.308653107465329
220,0.243782352570798
220,0.179623076852459
220,0.243524670787037
220,0.29003419207396
220,0.280309965105289
220,0.191776583776689
220,0.266609605355125
220,0.190421230687028
220,0.142068801706033
220,0.241049207543568
220,0.25516552950888
220,0.250821660341443
220,0.270529907193208
220,0.255782077242923
220,0.284508944983085
220,0.246624218760387
220,0.276064336076497
220,0.254710165700566
220,0.248645545303633
220,0.243197654016942
220,0.232491794762863
220,0.270510788813449
220,0.247024494113093
220,0.247796346911869
220,0.209631382322021
220,0.222851898642315
220,0.219644864126713
220,0.238140415290657
220,0.228020936389821
220,0.220971417941952
220,0.297572789506651
220,0.257491274306835
220,0.266164264881024
220,0.234002389518142
220,0.273863661483213
220,0.246345837989285
220,0.256666043981139
220,0.24261778048127
220,0.213245957428582
220,0.260748312632414
220,0.247290631644115
220,0.258914026125436
220,0.298264414406808
220,0.236402443439535
220,0.248422375766388
220,0.284711798534642
240,0.159906568553778
240,0.264760776342808
240,0.229182891900596
240,0.258007036443025
240,0.247140729223645
240,0.222970734189208
240,0.274219378216545
240,0.2662277408936
240,0.255407140054223
240,0.256972847352307
240,0.297912580575917
240,0.239585027970639
240,0.286439096078719
240,0.228546481115345
240,0.268232301237461
240,0.23621361624351
240,0.233792671145622
240,0.234203718056342
240,0.241479734261734
240,0.279185069454291
240,0.196953069509555
240,0.274905938624609
240,0.271845206401538
240,0.24784396854937
240,0.229799811399397
240,0.273142689010661
240,0.211121433765993
240,0.27030746931116
240,0.285458006564553
240,0.278987621809569
240,0.256957941561753
240,0.239978799061141
240,0.241381418336187
240,0.277867991575625
240,0.261725886133298
240,0.284347894988141
240,0.264094477652779
240,0.272101920896228
240,0.189521346137677
240,0.239464497285765
240,0.237600983231761
240,0.264078949270721
240,0.238451162536407
240,0.19315224583266
240,0.275158122756513
240,0.208764017864702
240,0.231173201142262
240,0.292416017845972
240,0.231079827373547
240,0.307157635543776
240,0.275935122001626
240,0.284833307233336
240,0.299053191995433
240,0.273863369066219
240,0.244036543204535
240,0.23655538189727
240,0.234031452970102
240,0.245582121236411
240,0.279029622139919
240,0.25679678680654
240,0.257250432727536
240,0.265124812683095
240,0.226175930275297
240,0.289144836973633
240,0.274958041922504
240,0.269523850620819
240,0.225156551630723
240,0.242867325215754
240,0.271777217807369
240,0.256818052632046
240,0.253207153417876
240,0.201519716237605
240,0.267232401393523
240,0.25263869955978
240,0.248562182668335
240,0.249507613147736
240,0.244109562404706
240,0.250688072407628
240,0.261385881801598
240,0.273672516081714
240,0.251619853427462
240,0.273469848188604
240,0.273352269859165
240,0.248988205285295
240,0.285591904892201
240,0.22939754067503
240,0.223784302187359
240,0.247943407927531
240,0.292216179230499
240,0.271079267043756
240,0.266163609266998
240,0.202306730146675
240,0.261055652291595
240,0.270825342884042
240,0.232020630281603
240,0.215638594916562
240,0.207974494454677
240,0.217874197853023
240,0.276632932363396
240,0.269993032236938
260,0.273299078361737
260,0.205429480425315
260,0.277907664655403
260,0.245721177837431
260,0.200445195841799
260,0.222807963651588
260,0.263709630038285
260,0.268367906685404
260,0.292214427281424
260,0.263108364623314
260,0.243502385903097
260,0.202099151586898
260,0.263319074000162
260,0.305915089032195
260,0.257940288134462
260,0.247073575777295
260,0.217781202689044
260,0.187481059383095
260,0.26449191299831
260,0.303151105877307
260,0.256308576905052
260,0.246493622823476
260,0.235513046749302
260,0.211740417879569
260,0.254140637893131
260,0.308122049517498
260,0.266276716356325
260,0.26696700242199
260,0.268571161762406
260,0.231852694793182
260,0.264952823098039
260,0.272885545665642
260,0.225144914679453
260,0.263422992858607
260,0.29070871286836
260,0.286826091650581
260,0.224938281781795
260,0.281711802435152
260,0.249675785457662
260,0.244543358783122
260,0.231737100893157
260,0.24524050001603
260,0.248277744118348
260,0.271289356256319
260,0.251045571395672
260,0.231410141254759
260,0.22060611189184
260,0.242050456072204
260,0.280578494718144
260,0.269418898841216
260,0.244576170768433
260,0.256444304096259
260,0.254207342866291
260,0.272010723115401
260,0.208242317992499
260,0.278365987145926
260,0.235295723578127
260,0.300550316464844
260,0.230000261168505
260,0.217372464679917
260,0.260242304290202
260,0.278543102263024
260,0.263067250092217
260,0.261673458266329
260,0.216592590087672
260,0.271575137096433
260,0.267384032447074
260,0.287601464305494
260,0.242020838842091
260,0.211364447956287
260,0.256116354614735
260,0.240599021498409
260,0.28638467740132
260,0.257921086453146
260,0.285670863992445
260,0.262034840327574
260,0.262524213327663
260,0.215964038665929
260,0.241283513850083
260,0.273922584745813
260,0.240382233841869
260,0.304683417400938
260,0.219246052116739
260,0.261270051110824
260,0.281043619779882
260,0.244578563542597
260,0.24350270558802
260,0.289054879767399
260,0.2605791642836
260,0.231548171505374
260,0.258947209435723
260,0.223463215840526
260,0.234661987747475
260,0.256085663563631
260,0.229567802849939
260,0.194870873676507
260,0.285747868574152
260,0.270043669557855
260,0.224596387617215
260,0.283441329272966
280,0.259701058225526
280,0.193020250396934
280,0.248548616913192
280,0.286009707981775
280,0.261071924292189
280,0.236973618259849
280,0.240668651565172
280,0.277717364964029
280,0.27179883144694
280,0.26373393889056
280,0.279387342670663
280,0.292841042618806
280,0.304860292796742
280,0.274567650600426
280,0.269927987943384
280,0.245638341191939
280,0.220010220681251
280,0.259398833234638
280,0.259338609654999
280,0.307166679658775
280,0.257208321102004
280,0.247819520239931
280,0.279954608365736
280,0.2606855094535
280,0.264345274377178
280,0.288655074367112
280,0.256254907500444
280,0.272188377433998
280,0.275185567603679
280,0.208994172240298
280,0.315666293715848
280,0.307676829223634
280,0.227500396786127
280,0.278961501630979
280,0.280760670252085
280,0.252975931396243
280,0.223581751344707
280,0.270371354413108
280,0.246540193180855
280,0.230765481282987
280,0.239502074298865
280,0.297659891203832
280,0.266123737790198
280,0.267024510080913
280,0.288080381192747
280,0.210418755724699
280,0.254373005148294
280,0.246736359157651
280,0.277817217471458
280,0.267030996654166
280,0.270181808188518
280,0.271281885773005
280,0.236968294165036
280,0.243543723674522
280,0.286422432250213
280,0.16303841619863
280,0.266016257343341
280,0.290948305363218
280,0.257508194627483
280,0.263762452799278
280,0.281614858006583
280,0.24593108415774
280,0.266258535321599
280,0.290757654100075
280,0.281623681168498
280,0.231462986138489
280,0.267285111925748
280,0.30194328677584
280,0.248877392081994
280,0.274978871399377
280,0.25129107446163
280,0.225372796266514
280,0.25107062743154
280,0.226211440745279
280,0.293136359598246
280,0.261077148677432
280,0.258523767543916
280,0.268784601086183
280,0.247598109506398
280,0.280760094045937
280,0.259997146641731
280,0.273457186773288
280,0.241882633598903
280,0.233744342751164
280,0.298179407171785
280,0.31849855706114
280,0.218091317920483
280,0.264073082204497
280,0.287486324190127
280,0.28847859076462
280,0.264465775935235
280,0.287772933865578
280,0.249165842994964
280,0.243974736171236
280,0.264029364114278
280,0.262585847918157
280,0.233083144819732
280,0.207328952982029
280,0.233546862354806
280,0.282378558863615
300,0.230074571349618
300,0.19522821608123
300,0.273094151003572
300,0.210153025698224
300,0.278695179416119
300,0.23214252897897
300,0.314582850493189
300,0.262582213070613
300,0.249937538184838
300,0.246518098736824
300,0.272189439609688
300,0.280389220382688
300,0.229229654189616
300,0.255495311485808
300,0.26013632897204
300,0.259303587724511
300,0.313456278056053
300,0.272965737597027
300,0.292126811427022
300,0.258205555421766
300,0.278384569482638
300,0.247235985479972
300,0.244955808679077
300,0.25337316527843
300,0.244782522198392
300,0.286413099215134
300,0.227734706992949
300,0.232477306261101
300,0.296899093931241
300,0.209534512861585
300,0.264130565809773
300,0.277786182934239
300,0.256990587937759
300,0.282043620125427
300,0.300245032619184
300,0.290693722948731
300,0.212951960765614
300,0.243626913680341
300,0.211676019698762
300,0.261132934738021
300,0.243475700950107
300,0.246211893831477
300,0.29406276189225
300,0.274981336865361
300,0.273360350628395
300,0.232302946808593
300,0.290912668061624
300,0.292267899526222
300,0.261389818973655
300,0.215564242770071
300,0.253928116522569
300,0.257712709675182
300,0.255633629570177
300,0.252118106638134
300,0.273290029309407
300,0.253587091336126
300,0.25315544816574
300,0.268868091925886
300,0.231998063186681
300,0.225479591184889
300,0.263841057615728
300,0.264450304949602
300,0.232598924782085
300,0.273749119083023
300,0.251150027656957
300,0.28010345424289
300,0.224035236376617
300,0.296650770365423
300,0.239814669709945
300,0.215281819443442
300,0.256858656310889
300,0.291884725296752
300,0.27839422107725
300,0.270654119587281
300,0.214261986615413
300,0.255196947789671
300,0.259398031324533
300,0.268881229883
300,0.238487685331294
300,0.256415853368364
300,0.230472541624469
300,0.271543866944573
300,0.261185519792859
300,0.237116120778621
300,0.255115129521414
300,0.25250080750877
300,0.282293697386854
300,0.248603816616876
300,0.268571887804004
300,0.253027833850023
300,0.297276946430645
300,0.284454432742152
300,0.285347035469992
300,0.25947470722279
300,0.249729538411104
300,0.265204011147108
300,0.285258804221307
300,0.251339373733964
300,0.212803836171059
300,0.267180392949996
320,0.235713184391621
320,0.255235137819375
320,0.269148412605985
320,0.272502385383764
320,0.239316034598433
320,0.267137171909627
320,0.267030796018086
320,0.28212120329557
320,0.25184905265234
320,0.310332167239512
320,0.258233583105703
320,0.29080700213887
320,0.287943799063589
320,0.248557766973075
320,0.249294790115905
320,0.228970283425543
320,0.207317754827325
320,0.280830495500834
320,0.251094753364057
320,0.266707301109793
320,0.258932468039044
320,0.282165085727716
320,0.22942214386673
320,0.253791823709229
320,0.218642253328736
320,0.219875291389975
320,0.290644634869285
320,0.230328360430238
320,0.247440206223034
320,0.273966359844808
320,0.277557501513201
320,0.241804036808809
320,0.261469371181026
320,0.226758301823458
320,0.235993489841557
320,0.300289792609981
320,0.264898535264828
320,0.248299639803852
320,0.272206326437439
320,0.279186936660077
320,0.210049738653788
320,0.213795364246225
320,0.236023092057788
320,0.288895082628086
320,0.251315187356735
320,0.237928153640681
320,0.252251784610509
320,0.280119882393313
320,0.270185344344649
320,0.229731438233985
320,0.27931099295587
320,0.263241832760144
320,0.261400630467923
320,0.263428453639851
320,0.240938784082399
320,0.253166524464901
320,0.249428685972103
320,0.248373904408966
320,0.281186308455408
320,0.331114412183553
320,0.260040506216954
320,0.225449281704718
320,0.214378883507423
320,0.287048372620383
320,0.266183540196903
320,0.225089072417481
320,0.237884257535625
320,0.286223631478708
320,0.270606858742809
320,0.247965616782137
320,0.218112260892133
320,0.259803388523755
320,0.257856145939791
320,0.263897088536775
320,0.234384645390211
320,0.260729989216029
320,0.275629701479722
320,0.2396829085056
320,0.225182564172782
320,0.257126886268103
320,0.270808288241552
320,0.289794728014304
320,0.235932066426649
320,0.291361146517559
320,0.249774104544104
320,0.283085394395177
320,0.253173405006734
320,0.215808943979187
320,0.247099434962494
320,0.268002298629264
320,0.260132872198795
320,0.258541253119737
320,0.234961566119237
320,0.241831599250062
320,0.276506065822541
320,0.268611638243475
320,0.277670310640282
320,0.255436805201227
320,0.275367824713843
320,0.273036066354089
400,0.272248966743839
400,0.261348225485934
400,0.234592862367347
400,0.205959466465258
400,0.260117313849784
400,0.255245784507276
400,0.270114383795255
400,0.234973333869758
400,0.25127287248333
400,0.267183051580541
400,0.231804794386534
400,0.238135144435964
400,0.240849586166795
400,0.286541748554447
400,0.233820857303505
400,0.24924924479762
400,0.258709218629207
400,0.283211065681156
400,0.24301234491471
400,0.266953763406615
400,0.253921546256215
400,0.260051033131783
400,0.262595788046166
400,0.224465441696618
400,0.29367547556001
400,0.219258385351242
400,0.247867670387721
400,0.27784243724366
400,0.285480111666772
400,0.28113968834837
400,0.267100850350737
400,0.237884536967222
400,0.307648770492872
400,0.253517873135577
400,0.295169164788444
400,0.269718310991378
400,0.287217323113991
400,0.225967053480496
400,0.263485029256178
400,0.242931932589107
400,0.213402990626954
400,0.221530421359096
400,0.26208764366057
400,0.205308742942938
400,0.259986845415122
400,0.28381193228349
400,0.245446318846016
400,0.256063949983984
400,0.270780452365189
400,0.267294816613579
400,0.264167963747144
400,0.257756530025845
400,0.258387438142569
400,0.277385462810729
400,0.272616649604709
400,0.240275824671041
400,0.234345922829721
400,0.29626615177965
400,0.260803802666461
400,0.191099398391835
400,0.27659075653657
400,0.274646424351418
400,0.234668663455888
400,0.270592139873464
400,0.282101650777364
400,0.202203202961705
400,0.265002231661506
400,0.238699746598316
400,0.237128490513473
400,0.246745650430323
400,0.257436343938159
400,0.271869862910352
400,0.275995785758873
400,0.228570629129558
400,0.236925397808751
400,0.264287286282154
400,0.268754125343545
400,0.270152761723262
400,0.264287354045849
400,0.236384348287818
400,0.268462883474184
400,0.284976183307292
400,0.276137998588799
400,0.236096949376798
400,0.238696197039317
400,0.270215819298987
400,0.263124147394132
400,0.285234467241733
400,0.24590200028369
400,0.270093368778199
400,0.269548673482871
400,0.255587852410602
400,0.244605639388238
400,0.2800476593005
400,0.269791093179393
400,0.267883913544972
400,0.246186655550182
400,0.233114268991882
400,0.257366465857114
400,0.269209499341288
480,0.271008964396548
480,0.281907398932726
480,0.244972683340245
480,0.269099046851296
480,0.291016653250806
480,0.253443237896472
480,0.259578873903882
480,0.276466854661172
480,0.274599426022525
480,0.285247113042409
480,0.273294840565948
480,0.263897489339938
480,0.26696857327168
480,0.284125869556102
480,0.303429348801815
480,0.270446982127347
480,0.279345485436596
480,0.269765728678424
480,0.276260487382711
480,0.253871101029815
480,0.27268303401956
480,0.257680478686594
480,0.253185785661759
480,0.286418013679302
480,0.237223747565187
480,0.275398366269693
480,0.262586624465874
480,0.271135041670439
480,0.250953369790306
480,0.267081082828837
480,0.286356794023685
480,0.25035411162624
480,0.260243102985566
480,0.262269634345366
480,0.280493264880882
480,0.276150604565108
480,0.268565479272783
480,0.248225684629201
480,0.272833297259628
480,0.238662127343375
480,0.241000089901732
480,0.244333099264781
480,0.255985447724332
480,0.272621888196821
480,0.286500110926043
480,0.24297391754989
480,0.242068234896062
480,0.269360705947473
480,0.215529376888442
480,0.280906787057897
480,0.261029091537072
480,0.269271522988527
480,0.252364092709591
480,0.269597292527357
480,0.279792847757257
480,0.269731405980812
480,0.245147062818862
480,0.23917459632341
480,0.2937594265549
480,0.272011933781715
480,0.260116716093364
480,0.275541125929829
480,0.285609736065927
480,0.272522298148851
480,0.258894285639515
480,0.247283266842982
480,0.248814121837635
480,0.224723467155307
480,0.234638602311068
480,0.299898453222632
480,0.264105344300861
480,0.279070440136987
480,0.249593211031243
480,0.264298657891816
480,0.273452939530985
480,0.274619314022498
480,0.264817854873665
480,0.22045001301063
480,0.262039743624144
480,0.27464297517832
480,0.230214814971382
480,0.234072201680636
480,0.263934238600219
480,0.236416181663218
480,0.261699438029482
480,0.289958936892913
480,0.260532886897827
480,0.272676406624087
480,0.259289573327569
480,0.26059180334513
480,0.257076765478942
480,0.254992336200287
480,0.239799426494353
480,0.290496052785973
480,0.267350439517219
480,0.230660883843299
480,0.304859254320385
480,0.26162448442198
480,0.266527911244631
480,0.24082644982516
560,0.223789971398275
560,0.296255218427025
560,0.26242046846518
560,0.247375458321768
560,0.26789418788982
560,0.276556847275882
560,0.271625272960989
560,0.273525238807209
560,0.296515896178313
560,0.266461103218859
560,0.267895692575256
560,0.232361439415856
560,0.24790595664994
560,0.282106988679029
560,0.274157206498803
560,0.283262684394246
560,0.253579279730783
560,0.251244858827124
560,0.285468753354086
560,0.261343965255991
560,0.244369442908964
560,0.274325865791206
560,0.279867031277666
560,0.274375725861596
560,0.268699115981266
560,0.284778188614528
560,0.277875454231587
560,0.26217332347855
560,0.239681086673618
560,0.280402805819048
560,0.245035087068726
560,0.27452529497385
560,0.276502047092621
560,0.256121233639204
560,0.264685089540136
560,0.260116405856574
560,0.280192000067553
560,0.291792793128231
560,0.252433640945833
560,0.254922559861365
560,0.26867240786373
560,0.259762851752613
560,0.263388663713929
560,0.279007554085157
560,0.274462779699646
560,0.249881162028267
560,0.210848117101306
560,0.287836799140949
560,0.242451692701692
560,0.26587018700656
560,0.228575253089338
560,0.274983907368842
560,0.266190446624205
560,0.233370686102375
560,0.260486962513449
560,0.254439902012351
560,0.292726875825817
560,0.261452528974436
560,0.226091934302224
560,0.226489485570456
560,0.291573598996428
560,0.262936688556568
560,0.233814423395324
560,0.219563319033585
560,0.260564196895672
560,0.255317787744556
560,0.308842650996421
560,0.246210737114676
560,0.253867464243895
560,0.283956875915311
560,0.266777968366611
560,0.262613834204242
560,0.265329164904859
560,0.241663231539127
560,0.265060904843685
560,0.25376690128125
560,0.293502739552724
560,0.261094006582091
560,0.279265086857803
560,0.233952255932261
560,0.290066931359848
560,0.268377652962647
560,0.267550619117802
560,0.252997849921966
560,0.278112981244364
560,0.231804180949444
560,0.281141513637807
560,0.277432633040541
560,0.233727918875338
560,0.287881178039746
560,0.245317324508916
560,0.242823993089321
560,0.240019260769635
560,0.291249633494594
560,0.267999706627245
560,0.244986562055871
560,0.28264717846455
560,0.253248547343209
560,0.26398443962912
560,0.255777141049121
640,0.270882043410953
640,0.24660624221385
640,0.305389032041775
640,0.28403399560384
640,0.245151225665888
640,0.26287339107427
640,0.266168849764588
640,0.211051599324409
640,0.257599194690643
640,0.28273553350401
640,0.310317677930357
640,0.282455311897921
640,0.250814275769157
640,0.245782455390613
640,0.257298341791389
640,0.22726121961179
640,0.258867435179351
640,0.275557128376363
640,0.23854533643346
640,0.263290843551217
640,0.244275662780622
640,0.265366784658128
640,0.252327900469201
640,0.264014342844701
640,0.251099069567441
640,0.273489536104443
640,0.24457175028129
640,0.25865917563236
640,0.271087233216698
640,0.263737267610267
640,0.245688320735204
640,0.22775428938141
640,0.244527469572631
640,0.262519263707518
640,0.279886214988557
640,0.249119788512872
640,0.258588585753728
640,0.285187404510441
640,0.290195503375664
640,0.256425101432711
640,0.288300745105705
640,0.247794231475876
640,0.265158507023238
640,0.270579815952333
640,0.282097921813537
640,0.274512270060356
640,0.258320411216946
640,0.289493157601553
640,0.264539263054487
640,0.28568068496629
640,0.262629722879592
640,0.261077082829211
640,0.253928745549611
640,0.218403065048153
640,0.26324216491876
640,0.260490607835328
640,0.252932922015568
640,0.266736106637411
640,0.267135318982968
640,0.289875355407846
640,0.265508413487646
640,0.233372662086262
640,0.258477521797659
640,0.298094437353745
640,0.261163199429618
640,0.267422695714059
640,0.268366040448371
640,0.24242007008524
640,0.285858024173051
640,0.266230829747888
640,0.275938754359934
640,0.248341988141588
640,0.262168207570048
640,0.252170974547989
640,0.27994235994135
640,0.269378300047867
640,0.267762019520621
640,0.30958625917848
640,0.283888001572145
640,0.274213376714044
640,0.234737316022055
640,0.270736829242116
640,0.250228947642266
640,0.276773980211432
640,0.26881453383197
640,0.257173199737895
640,0.268342664221002
640,0.273164240347561
640,0.288118612957411
640,0.29819677226834
640,0.279574169942199
640,0.274569121867053
640,0.249420457139492
640,0.244937161540635
640,0.247766288857833
640,0.247361980967206
640,0.272514285483433
640,0.264047876544756
640,0.26854744812612
640,0.293224646525929
720,0.270246512778664
720,0.204566792992377
720,0.226609118744004
720,0.265487071407347
720,0.250537942212126
720,0.259632180639326
720,0.292461370284446
720,0.260226101753449
720,0.294478204871059
720,0.297011053108668
720,0.266740700815722
720,0.26475577135601
720,0.247201056965042
720,0.228429271208343
720,0.26150348839561
720,0.257555621646668
720,0.306082038545143
720,0.251998889075859
720,0.265027491815524
720,0.247065401748175
720,0.257048618970388
720,0.281720610241908
720,0.269035596942503
720,0.272015479464666
720,0.278099989686008
720,0.280495940343661
720,0.235615625597262
720,0.270272396973507
720,0.281269745295028
720,0.285968488093961
720,0.27031273429527
720,0.242190218752356
720,0.270511082467866
720,0.258241540431488
720,0.298524645190802
720,0.260457100559306
720,0.284248789533482
720,0.294888002868909
720,0.253916721248613
720,0.26451669614624
720,0.25058183763771
720,0.268760073200868
720,0.240616394289287
720,0.267974907184151
720,0.25500959541952
720,0.238824050632013
720,0.25024070820731
720,0.306693289005374
720,0.250953619890612
720,0.29305572747384
720,0.260003709718967
720,0.257328745566409
720,0.27974323415788
720,0.283746606801136
720,0.255494769598746
720,0.280300638001349
720,0.238791665055284
720,0.259880698521547
720,0.260927951808987
720,0.275202901093709
720,0.301360815759483
720,0.263938934069121
720,0.282503791671802
720,0.292944542031623
720,0.28806072663404
720,0.256948323312957
720,0.274304008391672
720,0.248812906125538
720,0.28821086211504
720,0.261645944968923
720,0.264438614625459
720,0.257282395308552
720,0.262249837606114
720,0.267241676653658
720,0.295205106789352
720,0.268687953947198
720,0.252719188184117
720,0.270548574679876
720,0.228230535860451
720,0.271384991007126
720,0.267494151303028
720,0.247073573642345
720,0.263415710302856
720,0.253467872582552
720,0.239421491125465
720,0.276427097635598
720,0.27779194491088
720,0.259393948364832
720,0.282567259891404
720,0.279180752315112
720,0.271670764899559
720,0.271343953402399
720,0.291612191989996
720,0.278432680389366
720,0.272552698669136
720,0.255181101171081
720,0.273090866069049
720,0.262205673490991
720,0.275694667341311
720,0.280226352732765
800,0.275780182665813
800,0.269643298185201
800,0.251383802494383
800,0.292239720621163
800,0.213824558067801
800,0.264018636113991
800,0.304249820660179
800,0.279423379505863
800,0.271449684549638
800,0.242421723469394
800,0.277963725719618
800,0.269357838489257
800,0.265270684175427
800,0.273013204855651
800,0.295784944354198
800,0.287759993095317
800,0.261784276308996
800,0.252081574375407
800,0.259693982164664
800,0.273115141796471
800,0.261400223305111
800,0.240612039798557
800,0.269865908531939
800,0.253423376673728
800,0.277085193156824
800,0.237044136694655
800,0.288334279771851
800,0.266094018970822
800,0.233662175655491
800,0.288698786057439
800,0.27458195292181
800,0.248889700794171
800,0.275373033396867
800,0.267980149373166
800,0.257917651432362
800,0.291698737057791
800,0.284745440468669
800,0.267735927790631
800,0.248322593210133
800,0.247285145979801
800,0.284363728890962
800,0.270263353005022
800,0.242658215352029
800,0.260801533516893
800,0.253957436365789
800,0.261022857709363
800,0.267937145266787
800,0.275803406827385
800,0.266802619086449
800,0.280394937593281
800,0.263375971616874
800,0.281456611674213
800,0.273660344390008
800,0.259320162876716
800,0.233755974181665
800,0.240913237287668
800,0.270674772105243
800,0.213265187346992
800,0.294238332795868
800,0.27511762246615
800,0.22480239997521
800,0.264737196863571
800,0.220272165851023
800,0.264373779215674
800,0.278627969189245
800,0.276754677193848
800,0.260240972740731
800,0.22250607836125
800,0.292230390457236
800,0.268250982837217
800,0.219825340540839
800,0.285885780733819
800,0.28066715949176
800,0.278235783075885
800,0.287740547756712
800,0.289618275851253
800,0.245805814183408
800,0.289049218181581
800,0.267261831021281
800,0.239768670749179
800,0.252985208832881
800,0.240727149403158
800,0.250397134901442
800,0.291056927136804
800,0.236051712636404
800,0.262728650739221
800,0.260315583772875
800,0.259795110386749
800,0.264769704235014
800,0.270358512741909
800,0.306475343646294
800,0.251733568609218
800,0.270556314842695
800,0.265247659793597
800,0.271496714547079
800,0.269318850381486
800,0.246761155174984
800,0.23956970542275
800,0.261954944480325
800,0.308982525595008
880,0.265158166907866
880,0.282860457878726
880,0.28767366387768
880,0.268039675367669
880,0.252683789491173
880,0.259794140719937
880,0.259149000434721
880,0.25685709210837
880,0.285498304994562
880,0.25801992552987
880,0.289557996731503
880,0.249121671711971
880,0.274391159592398
880,0.253464410811156
880,0.307663085898719
880,0.266912412481153
880,0.273232539408145
880,0.24432003985184
880,0.304129391112859
880,0.235061077406445
880,0.265097892157338
880,0.261057108163682
880,0.307298808581954
880,0.269696518555229
880,0.187910822245521
880,0.253179356794436
880,0.293835237536206
880,0.258979597145395
880,0.234283620539761
880,0.283379476555036
880,0.284205061499997
880,0.259418363459152
880,0.229505519713873
880,0.269542616852335
880,0.257162393628443
880,0.25299959455863
880,0.262522227183734
880,0.264033012441334
880,0.253086127812251
880,0.268043306253576
880,0.259201304571658
880,0.265979240073503
880,0.255993854772087
880,0.235523068314854
880,0.260118888764883
880,0.294742412382278
880,0.226622753646261
880,0.269513244086966
880,0.266997542235026
880,0.251431452662439
880,0.270261341627458
880,0.28824656028134
880,0.262443222049963
880,0.237640478998005
880,0.294243924925404
880,0.255288000582039
880,0.285861579719819
880,0.232115415718168
880,0.26121581146529
880,0.305216192031001
880,0.280983318976512
880,0.290412133264618
880,0.28356654772047
880,0.245167051955348
880,0.259966104192842
880,0.286050587999732
880,0.265783562973416
880,0.274561926077938
880,0.261008174043241
880,0.243699047808153
880,0.238266810693765
880,0.279372407499452
880,0.23353561665252
880,0.274720319069194
880,0.272190798717717
880,0.230609963365222
880,0.261566338565927
880,0.288600461456545
880,0.283777859045352
880,0.265455028616914
880,0.256882102396005
880,0.29396064290147
880,0.2770394192895
880,0.271712763174312
880,0.263387572862485
880,0.273102674128813
880,0.231889472706488
880,0.286346198394703
880,0.301290307076097
880,0.279484027562139
880,0.280468143325637
880,0.268823026494668
880,0.26227351598067
880,0.288985027980768
880,0.233791426692825
880,0.251626264982722
880,0.251415939147433
880,0.269724971027785
880,0.247851879167754
880,0.256278509123815
960,0.262916767820767
960,0.250818306869863
960,0.263455774597729
960,0.268283876575133
960,0.261273252368952
960,0.279756018773232
960,0.258197880392719
960,0.280777811702677
960,0.252302098020615
960,0.239330205607389
960,0.261309649397197
960,0.266448176750454
960,0.281951718873809
960,0.254238394036551
960,0.233128904092659
960,0.250145116062727
960,0.26665780863824
960,0.229517052707628
960,0.295581873240252
960,0.27844157182194
960,0.29158801802691
960,0.274825232338405
960,0.224883282208043
960,0.287829843795476
960,0.266589325571296
960,0.220346046529146
960,0.262855402373848
960,0.254481222592306
960,0.283650396951727
960,0.293496222202519
960,0.267296800125539
960,0.250540660781079
960,0.257924422623029
960,0.276474028840478
960,0.271027758775263
960,0.267977991775768
960,0.263264368968318
960,0.261365036754188
960,0.25954474994183
960,0.261155387634934
960,0.256208512729545
960,0.251852547960028
960,0.262934458200109
960,0.265284105452517
960,0.29182440189838
960,0.279574494215743
960,0.238278923779756
960,0.257815051557904
960,0.262636119673664
960,0.294721137811382
960,0.252455643663766
960,0.272473224528747
960,0.271992062436726
960,0.254261114578987
960,0.25191911707288
960,0.263095203190573
960,0.269265457394418
960,0.279672855322673
960,0.258594548317979
960,0.300580846817832
960,0.284318946156016
960,0.254010546342074
960,0.276515380201209
960,0.257582537356923
960,0.269038877741734
960,0.256701969514641
960,0.269555768252549
960,0.259223576292207
960,0.266673144230074
960,0.256003794985569
960,0.274864742201764
960,0.265417437629048
960,0.239656766755695
960,0.235397086778006
960,0.261396707584748
960,0.278386678033496
960,0.243220185961543
960,0.26476185221679
960,0.261171840630676
960,0.284072606024327
960,0.276593718804751
960,0.283905994926065
960,0.260768186065295
960,0.255322594155379
960,0.262602897272184
960,0.240096894843634
960,0.254319109376032
960,0.233237311509302
960,0.270476551131493
960,0.289712041225155
960,0.266882072152456
960,0.256851681040334
960,0.26815189722132
960,0.253179482876798
960,0.276312288784263
960,0.285947563459154
960,0.265520036666754
960,0.26216889196674
960,0.274030494499694
960,0.2615049439575
1040,0.286550074286418
1040,0.237708695124555
1040,0.30373374803975
1040,0.256563435124226
1040,0.272021932049369
1040,0.272772666407176
1040,0.266899626452039
1040,0.238026691496619
1040,0.268201002775684
1040,0.31159326274179
1040,0.253949372739935
1040,0.229969563249999
1040,0.251785020768826
1040,0.28171029799681
1040,0.273931393930059
1040,0.245997029515252
1040,0.285972184649145
1040,0.255849318338473
1040,0.257727163388179
1040,0.278303595001574
1040,0.267951174812724
1040,0.237097230693371
1040,0.264834583858178
1040,0.275393146628929
1040,0.281849436792415
1040,0.240609479703338
1040,0.26664744154558
1040,0.275355767003671
1040,0.276287720119229
1040,0.253430941953086
1040,0.267477765921266
1040,0.244330452604033
1040,0.263519186649848
1040,0.247424664462449
1040,0.227237879115167
1040,0.280008499302415
1040,0.275828385388652
1040,0.272744384209156
1040,0.268968510874432
1040,0.230234013386782
1040,0.249174015589705
1040,0.23179576474227
1040,0.273255387958092
1040,0.260790429050525
1040,0.266843144031735
1040,0.245987029553652
1040,0.261265923297354
1040,0.258344787229003
1040,0.246937768613374
1040,0.278688850241552
1040,0.252095402080937
1040,0.227313583009143
1040,0.265751619761376
1040,0.225699465865033
1040,0.24101485107296
1040,0.258666015179935
1040,0.258664620204134
1040,0.26858532874448
1040,0.28040037992648
1040,0.285163478030973
1040,0.21752985111078
1040,0.241345849073102
1040,0.261569842322608
1040,0.255517859216151
1040,0.26165888166728
1040,0.288700482146992
1040,0.255593504256039
1040,0.257286534513282
1040,0.272342673009996
1040,0.277220208350338
1040,0.277373677692718
1040,0.248105347786725
1040,0.254897406796496
1040,0.260771041058752
1040,0.289867772698224
1040,0.26718912506929
1040,0.270911332065923
1040,0.271385859240922
1040,0.241080133912658
1040,0.254313504790979
1040,0.263467798156277
1040,0.31340527579838
1040,0.253127256126601
1040,0.235518180951746
1040,0.24811175325053
1040,0.246843444192579
1040,0.25319007043167
1040,0.257132819672936
1040,0.289223470954349
1040,0.288609216259956
1040,0.261706393836531
1040,0.271960259902686
1040,0.248381101493149
1040,0.277257703670729
1040,0.275665943219914
1040,0.277520741287243
1040,0.258775948057882
1040,0.252256723939698
1040,0.272113751930065
1040,0.269104687808439
1120,0.295201997361181
1120,0.260072877911613
1120,0.247202328303847
1120,0.24765631017906
1120,0.295851927041121
1120,0.273881914451932
1120,0.282109813182073
1120,0.254336466656172
1120,0.255211275452541
1120,0.241193433737428
1120,0.231859415457311
1120,0.292051515170033
1120,0.27393528243406
1120,0.270057677660894
1120,0.256665885984952
1120,0.260457553991183
1120,0.255688458285522
1120,0.254682660441844
1120,0.248873056948616
1120,0.236226099569603
1120,0.251822607833747
1120,0.281844447527963
1120,0.235105859497986
1120,0.245653473359121
1120,0.251041411772765
1120,0.248045076760608
1120,0.270172143929936
1120,0.268355010393049
1120,0.25736760967348
1120,0.303292912114244
1120,0.267024203844429
1120,0.252483765596076
1120,0.253794502545723
1120,0.260538618403681
1120,0.260588762075831
1120,0.256410974132113
1120,0.248611130652212
1120,0.279603907842984
1120,0.25763734682598
1120,0.269813973921634
1120,0.256734187365101
1120,0.26460773086537
1120,0.240145709519703
1120,0.221222745568343
1120,0.261959170408071
1120,0.22651626869072
1120,0.275038921434943
1120,0.26280479393479
1120,0.261650862233013
1120,0.245211014083661
1120,0.256348482169027
1120,0.275400262473423
1120,0.243423758013394
1120,0.259338826507501
1120,0.261787934419929
1120,0.239047404459607
1120,0.282609197370535
1120,0.264233824579014
1120,0.278744903392522
1120,0.253417845176636
1120,0.249666610587273
1120,0.238905979821345
1120,0.243140049514873
1120,0.241396047615559
1120,0.219736062612417
1120,0.288677792765353
1120,0.24823724920191
1120,0.259257881244235
1120,0.257983490952575
1120,0.297826469787679
1120,0.261308598523764
1120,0.260623838908969
1120,0.278078156390344
1120,0.274241369474809
1120,0.257048315214524
1120,0.232293999829631
1120,0.223687188416607
1120,0.232400263361037
1120,0.249936763511378
1120,0.244524940427471
1120,0.255468719414441
1120,0.266548766487712
1120,0.24440266811041
1120,0.273838265144062
1120,0.290651588349129
1120,0.264288876623268
1120,0.24998096936626
1120,0.288907539320671
1120,0.266034543119764
1120,0.249771332743603
1120,0.241376565048766
1120,0.256970114992334
1120,0.252535149406762
1120,0.264700663456819
1120,0.253400064958604
1120,0.249931443791843
1120,0.239918983763958
1120,0.252493645870544
1120,0.296645116286545
1120,0.247793347674512
1200,0.240353370571141
1200,0.240300425816719
1200,0.284366278908881
1200,0.262710378214503
1200,0.281487314425583
1200,0.261937274083397
1200,0.262648284928361
1200,0.249087088044566
1200,0.239184597402958
1200,0.240271636601418
1200,0.282003820289987
1200,0.258381922430349
1200,0.242620359210579
1200,0.268760578404876
1200,0.237121289213095
1200,0.27073715326247
1200,0.265909928556271
1200,0.253854419959583
1200,0.266533320550269
1200,0.262216875063079
1200,0.279986154206156
1200,0.24144875334509
1200,0.264444329470329
1200,0.27297992650012
1200,0.261265085356452
1200,0.256949781810334
1200,0.252773392715176
1200,0.247347215598048
1200,0.244301689937557
1200,0.278685738327251
1200,0.273265422973624
1200,0.250198732524945
1200,0.232097331897384
1200,0.245623052398561
1200,0.274446250895107
1200,0.262698133747572
1200,0.282307917823604
1200,0.235649415963369
1200,0.276381868829626
1200,0.236926278677619
1200,0.252192380882013
1200,0.237654057310504
1200,0.293243393257115
1200,0.267862608122505
1200,0.289428544631045
1200,0.277120385598944
1200,0.270404800666188
1200,0.258874909428355
1200,0.285116281112714
1200,0.261266092776738
1200,0.259822181240399
1200,0.206007871228843
1200,0.26440192602782
1200,0.257671815754517
1200,0.253046273592184
1200,0.227868870166591
1200,0.278926794548723
1200,0.25265214390203
1200,0.23740977513968
1200,0.254310265517042
1200,0.251233068516351
1200,0.252830513792794
1200,0.267602375484191
1200,0.252124488602602
1200,0.26898903321144
1200,0.248436303788567
1200,0.26522371401551
1200,0.27993490485674
1200,0.263691309724562
1200,0.241834579273072
1200,0.279296108678436
1200,0.25670188894852
1200,0.237591918604848
1200,0.245608689227526
1200,0.260938942762058
1200,0.271800892695078
1200,0.29472259844535
1200,0.274307017228611
1200,0.247123757301558
1200,0.260863539792148
1200,0.277541697351294
1200,0.280072317608685
1200,0.26877324412006
1200,0.246224173678935
1200,0.235343203979245
1200,0.263957196659046
1200,0.24298796306386
1200,0.228536422871749
1200,0.240852844264709
1200,0.21904973447665
1200,0.267462841996712
1200,0.269300673765609
1200,0.284239192091718
1200,0.281001960462799
1200,0.282532971210489
1200,0.272423131497754
1200,0.266538355497446
1200,0.242457435419863
1200,0.270190211499069
1200,0.273413005531758
1280,0.262575214294016
1280,0.268226399225544
1280,0.228158911123888
1280,0.258318860459896
1280,0.251278728714406
1280,0.256189979962605
1280,0.247674940138713
1280,0.280420622145846
1280,0.267334579176961
1280,0.248515432230161
1280,0.239725451617705
1280,0.257139894348732
1280,0.216335684963021
1280,0.214372150122875
1280,0.243731055030968
1280,0.256644765341741
1280,0.237717644864325
1280,0.235724633927705
1280,0.266200622738144
1280,0.258110154716839
1280,0.273566940683857
1280,0.27330039486566
1280,0.256233945793004
1280,0.248233866699644
1280,0.259443133920276
1280,0.224522471758703
1280,0.239752600202979
1280,0.227121630856336
1280,0.265272541603336
1280,0.276258139425423
1280,0.233386063541159
1280,0.299741993611246
1280,0.26448708844473
1280,0.257659533400404
1280,0.21322227830185
1280,0.220080347229906
1280,0.29163833008104
1280,0.273039978191922
1280,0.272420759061265
1280,0.255743133833296
1280,0.263309546430748
1280,0.286407950640388
1280,0.241078800772883
1280,0.26597081867852
1280,0.265381399590712
1280,0.271432101024982
1280,0.278937804219598
1280,0.227913883723235
1280,0.272549704634773
1280,0.264732405062302
1280,0.23784375498775
1280,0.248529826867002
1280,0.291665476105019
1280,0.274678498143646
1280,0.248053018945531
1280,0.248278138860098
1280,0.248981062248539
1280,0.264940704467388
1280,0.255886786552594
1280,0.271363654110523
1280,0.232598737154462
1280,0.227820608249995
1280,0.28537461486676
1280,0.233717526954216
1280,0.23750817096904
1280,0.300997192454706
1280,0.280701650757526
1280,0.252593215041679
1280,0.292932491597547
1280,0.242997489815574
1280,0.248924084963607
1280,0.234883699563627
1280,0.237061623737857
1280,0.24690294324786
1280,0.249277115401469
1280,0.242182446165074
1280,0.246147211956671
1280,0.233697341525077
1280,0.247079716511571
1280,0.237300283242401
1280,0.263108278053374
1280,0.239738701434275
1280,0.232045668865923
1280,0.259977596402863
1280,0.265468278481172
1280,0.262558578988545
1280,0.266647514793002
1280,0.234498624115221
1280,0.275048187181624
1280,0.255959212794812
1280,0.259064557100435
1280,0.278516465975216
1280,0.262775634833267
1280,0.232597730573444
1280,0.261298022239549
1280,0.25600279988472
1280,0.257346298771667
1280,0.260788495001501
1280,0.266919424431762
1280,0.225015661955098
1360,0.264258554580579
1360,0.245633481079936
1360,0.216705283054602
1360,0.242813063182276
1360,0.242568058461142
1360,0.247921956541112
1360,0.244436152232597
1360,0.252922610053527
1360,0.220567937786525
1360,0.241465996169089
1360,0.254088492078385
1360,0.248934913721494
1360,0.240963993810507
1360,0.227878913213457
1360,0.243086088355367
1360,0.275461414835914
1360,0.227834309686928
1360,0.248509533394051
1360,0.239383821398282
1360,0.238074742230635
1360,0.225951411995991
1360,0.281900032387026
1360,0.285725190390487
1360,0.254899634566417
1360,0.22582505864804
1360,0.24987754163642
1360,0.23941308772117
1360,0.2145131343558
1360,0.279182806810995
1360,0.251336885548969
1360,0.237289255363418
1360,0.270912805867702
1360,0.240053278261434
1360,0.253234642800625
1360,0.267475480928146
1360,0.244491084666525
1360,0.24736471636927
1360,0.232397000168219
1360,0.235477889554493
1360,0.258745354185761
1360,0.250126650874975
1360,0.240130989532854
1360,0.257469674073825
1360,0.257185024254236
1360,0.271724812269708
1360,0.264498794589809
1360,0.230408428489257
1360,0.243459037120646
1360,0.263676251350151
1360,0.290335167326121
1360,0.275713686171659
1360,0.250726585825415
1360,0.248976341050324
1360,0.261183299523971
1360,0.233870928749474
1360,0.245638259868247
1360,0.292029715934101
1360,0.25673640944409
1360,0.258156343221443
1360,0.240722358907392
1360,0.25608978362639
1360,0.286120923410958
1360,0.259876223356799
1360,0.252399297608687
1360,0.249336518249522
1360,0.270921309951514
1360,0.240169425472059
1360,0.278332553396932
1360,0.266466530745347
1360,0.243054387552272
1360,0.26558557090811
1360,0.280803081879286
1360,0.254400980070253
1360,0.203461804366948
1360,0.255891949934603
1360,0.267015366749956
1360,0.250418518440213
1360,0.262981889828285
1360,0.260201830712709
1360,0.263955633494478
1360,0.256067732710009
1360,0.263841164472617
1360,0.266929432315445
1360,0.190787143645841
1360,0.262602819213913
1360,0.253997085671661
1360,0.243364675530351
1360,0.262609193397753
1360,0.261397368542988
1360,0.259204492279758
1360,0.248445207419043
1360,0.239215515764035
1360,0.245636609310007
1360,0.258830367332385
1360,0.252204934674287
1360,0.248593069436688
1360,0.2519110227716
1360,0.274655948472154
1360,0.271156665800019
1360,0.230523892173806
1440,0.259692680330894
1440,0.286476354395414
1440,0.214043138267977
1440,0.251907411456074
1440,0.282688022947581
1440,0.258974095104721
1440,0.235238299406105
1440,0.238533241483081
1440,0.243255734412879
1440,0.282174304657955
1440,0.23815534491339
1440,0.238886118033578
1440,0.273967798238086
1440,0.236414647964881
1440,0.271806439339705
1440,0.244741143255813
1440,0.274610707016739
1440,0.212669619253458
1440,0.233370884552623
1440,0.256783421189576
1440,0.241452712260939
1440,0.265433453429324
1440,0.259954336976275
1440,0.253483634760695
1440,0.251437702583901
1440,0.280529836785776
1440,0.231834764049183
1440,0.276254110299638
1440,0.255161777372125
1440,0.254022865293573
1440,0.231054983732833
1440,0.250287698571136
1440,0.293902190472541
1440,0.258452374146559
1440,0.233033251989278
1440,0.244696324073965
1440,0.253313296566751
1440,0.241116550569679
1440,0.279484871574228
1440,0.260414491519375
1440,0.274240487767176
1440,0.257833518803536
1440,0.272550372297167
1440,0.239985689774815
1440,0.272357583308228
1440,0.249132969255701
1440,0.244385880612144
1440,0.233996464347543
1440,0.266917560701075
1440,0.227202336537515
1440,0.258528832622586
1440,0.241518124921818
1440,0.275654221232985
1440,0.255463985401941
1440,0.249891564276129
1440,0.263651714367321
1440,0.274723396125016
1440,0.236834543490355
1440,0.252203642648311
1440,0.219550415486813
1440,0.230942637909956
1440,0.220139493341501
1440,0.271442438478643
1440,0.270412891132946
1440,0.23560897401982
1440,0.240757228677739
1440,0.258220267856906
1440,0.266940157325175
1440,0.269180044009002
1440,0.266667665412438
1440,0.260937650146407
1440,0.264560985189637
1440,0.249519225699002
1440,0.239708935865321
1440,0.229336788007826
1440,0.228962849934452
1440,0.260154585486034
1440,0.258905254377333
1440,0.262926935529746
1440,0.243936627960659
1440,0.266864546885633
1440,0.239254820275195
1440,0.24797701074279
1440,0.250632247920004
1440,0.247996901350004
1440,0.283200650904096
1440,0.266172247091301
1440,0.25530606222963
1440,0.266148778311643
1440,0.230513011844882
1440,0.233651903513519
1440,0.249217286935259
1440,0.234022649443324
1440,0.251513558933944
1440,0.244084303801798
1440,0.256329698970866
1440,0.237050338510035
1440,0.243406897031181
1440,0.2341938081522
1440,0.243904717177503
