20,0.186492746113099
20,0.0700468869206511
20,0.236650920968808
20,0.21221679736496
20,0.134361863328758
20,0.224224643867399
20,0.304522495036067
20,0.295665512515897
20,0.31529621281005
20,0.206972821466064
20,0.299280268186717
20,0.272703213654473
20,0.159873505159199
20,0.295183021086817
20,0.291881822564229
20,0.296859069662905
20,0.21158621713852
20,0.0399492721068143
20,0.15907266390019
20,0.0125532311111251
20,0.215780560638147
20,0.292779502690596
20,-0.0558176741819618
20,0.193978582232494
20,0.206484029273657
20,0.244399378959627
20,0.227904342329901
20,0.186391185921262
20,0.257205616962723
20,0.0793062922823
20,0.23766141668121
20,0.277562590101903
20,0.219091686804861
20,0.122960115145169
20,0.239768095040185
20,0.259952851691818
20,0.2404337914939
20,0.261484581395305
20,0.219695849563147
20,0.152461913031778
20,0.186825830712346
20,0.222401342537371
20,0.275825423864132
20,0.267865619698145
20,0.343698823331976
20,0.211559418019833
20,0.16215220676006
20,0.260518561135698
20,0.207026782329089
20,0.223123656403411
20,0.200797900104668
20,0.146210178822767
20,0.253770310340251
20,-0.0722730883505694
20,0.158898270752874
20,0.12163337580179
20,-0.00782499137006808
20,0.292253825754964
20,0.272392760543432
20,0.214870165188094
20,0.26196591346108
20,0.207446301885095
20,0.126057107160377
20,0.0757638197886459
20,0.271205984679964
20,0.205187706552753
20,0.198207725103894
20,0.188915641332877
20,0.26898679716339
20,0.231962462521876
20,0.239309392724924
20,0.235821505093327
20,0.117646799087249
20,0.193803492716155
20,0.206249194896816
20,0.064290942869577
20,0.276473948334128
20,0.178610643321393
20,0.0431633833888196
20,0.159642151993126
20,-0.00241595801497069
20,-0.0505455493681797
20,0.195127112446055
20,0.276567086081171
20,0.325669886200561
20,0.163458441662033
20,0.30770105516267
20,0.0496424294595806
20,0.180629927288343
20,-0.1547233283718
20,0.10062629795308
20,0.292478774572514
20,0.328523570237702
20,0.178937189394246
20,0.200336759241414
20,0.14739240503662
20,0.259386189119857
20,0.291824829877152
20,0.232242221783409
20,0.139816310134536
40,0.272938986869782
40,0.234351476543114
40,0.252162198188248
40,0.156465730028278
40,0.160163430558905
40,0.327762555375734
40,0.0762881295111186
40,0.140105586463401
40,0.288784164517526
40,0.269884493754819
40,0.24349730043613
40,0.075495320172501
40,0.265139796458533
40,0.294838172782801
40,0.204109585979163
40,0.264247100575463
40,0.1315204052174
40,0.321162157802313
40,0.224868013181715
40,0.202542772148001
40,0.327300210038627
40,0.274365145875704
40,0.297234427271385
40,0.281650165187956
40,0.157948806791393
40,0.321354904931319
40,0.306799325416535
40,0.235020659098889
40,0.301728824205497
40,0.229523763832089
40,0.24731511521727
40,0.208936604054671
40,0.27390114855854
40,0.290953966743457
40,0.279100982258869
40,0.335631477430381
40,0.104322284554611
40,0.302342670546958
40,0.224150041442814
40,0.319486732256401
40,0.270684837130775
40,0.314499996879716
40,0.16162340886064
40,0.117970683308086
40,0.29525944568568
40,0.255477923166149
40,0.193068818694617
40,0.221918123560121
40,0.186543899370142
40,0.209536283114879
40,0.154159748781934
40,0.13162416132353
40,0.236326991118981
40,0.249939790856804
40,0.166477025672123
40,0.295177580577506
40,0.193250552115811
40,0.305873668888858
40,0.278097889297446
40,0.307279464558833
40,0.301962957589154
40,0.321823302562547
40,0.206004396100957
40,0.195370165324594
40,0.26830867327048
40,0.254055678832597
40,0.126584516597478
40,0.198308765349475
40,0.215133900859654
40,0.193639505714876
40,0.23866169357764
40,0.282039307836561
40,0.245563256609076
40,0.255638045543687
40,0.265818686526474
40,0.2691691943329
40,0.305919671606186
40,0.241317263029334
40,0.219216867348564
40,0.270101809232842
40,0.174588614695919
40,0.27427382147896
40,0.206740006009926
40,0.250413866593708
40,0.189552136312034
40,0.185274131031343
40,0.216380928624961
40,0.258929656311648
40,0.258789720000187
40,0.291060360616604
40,0.280519448733629
40,0.244078399143214
40,0.27954708028479
40,0.275694442365406
40,0.13766489895207
40,0.167926572318763
40,0.255186465682974
40,0.311059549011087
40,0.253729875395781
40,0.14163964317047
60,0.284554666112392
60,0.315957065548275
60,0.280769030754284
60,0.286451196322997
60,0.248455897865052
60,0.175860760686277
60,0.260946071203543
60,0.29035877116023
60,0.25790181131982
60,0.291944559765975
60,0.26888866842484
60,0.295249494798538
60,0.279887291990033
60,0.250300082303865
60,0.279093493490031
60,0.212517301365875
60,0.310527644228228
60,0.118044969368861
60,0.287853975951073
60,0.247924465847057
60,0.177387684533223
60,0.24071891871502
60,0.249560959826275
60,0.283864085746044
60,0.280782432758125
60,0.308399452355126
60,0.235872869567425
60,0.337540780782265
60,0.240639724528659
60,0.313387522338893
60,0.262820405279834
60,0.0896755710450332
60,0.18391633653925
60,0.325524023254705
60,0.236665424888754
60,0.259818920408557
60,0.269379388493043
60,0.250514669518857
60,0.238124041553953
60,0.154064920438396
60,0.265166418468318
60,0.14089490181829
60,0.257211076226114
60,0.276329554614767
60,0.271667866346024
60,0.247120538420416
60,0.229770463114192
60,0.225256724899155
60,0.15304138025889
60,0.27988044141709
60,0.256288300347549
60,0.22179640506244
60,0.251960869230463
60,0.246420017524722
60,0.255485433958985
60,0.305591121902827
60,0.211669066473141
60,0.270310415450963
60,0.274801245839214
60,0.289576354768635
60,0.21957676816854
60,0.290105956211702
60,0.271569094800071
60,0.293615676330184
60,0.269079321540944
60,0.296270395137581
60,0.269415381389312
60,0.276259151431313
60,0.119750823682801
60,0.30727767208551
60,0.308116266425418
60,0.243316331757266
60,0.259251969505209
60,0.29224391375304
60,0.253011081357889
60,0.310643603903544
60,0.313030322532752
60,0.273680067391113
60,0.261180706802505
60,0.319890316263424
60,0.112959779068573
60,0.146331682080576
60,0.296239453158152
60,0.311434745078028
60,0.191597149485288
60,0.198904135042281
60,0.291148760584779
60,0.269672035247054
60,0.260177954574256
60,0.212657284516674
60,0.312757777723257
60,0.261389423702376
60,0.28253227263334
60,0.187743872947465
60,0.279239362687481
60,0.31937940266118
60,0.18789044015208
60,0.26651800911148
60,0.254173777920738
60,0.254193289598157
80,0.314282063079625
80,0.286638528235838
80,0.306912251389491
80,0.263042649310745
80,0.216291135897516
80,0.263496901230925
80,0.275102356589446
80,0.241206470753552
80,0.31099540319059
80,0.265928683310955
80,0.261032960266063
80,0.280620911714434
80,0.304947550786415
80,0.247352913084452
80,0.272426876749167
80,0.274775958725836
80,0.20377889244699
80,0.30781168005211
80,0.334231833739114
80,0.171974245643504
80,0.271234130042839
80,0.253285690880925
80,0.190793554805612
80,0.249305141517923
80,0.258558718461027
80,0.300912431058702
80,0.203981459664373
80,0.288312806089803
80,0.259713336383687
80,0.282928537543685
80,0.195783118515504
80,0.139773337829172
80,0.256089377198458
80,0.274720315350368
80,0.190066072379997
80,0.296940157339638
80,0.221895733043988
80,0.250194024384704
80,0.290617986675003
80,0.263514065918462
80,0.255274001212966
80,0.304887835079606
80,0.296809662109275
80,0.216973499634679
80,0.232588688335169
80,0.301349218299072
80,0.333789795383401
80,0.231473378199726
80,0.277972671271045
80,0.261112364391566
80,0.284355164092756
80,0.275644509493641
80,0.264870101301225
80,0.317767281825465
80,0.235332641431843
80,0.305129265576672
80,0.230987594916137
80,0.221938763766554
80,0.157589475422258
80,0.299271353811749
80,0.20345055395687
80,0.278952298455385
80,0.300753515312032
80,0.257113394402386
80,0.252584433017473
80,0.290606227888509
80,0.236169374098259
80,0.262451148783912
80,0.219251074279871
80,0.231081133688502
80,0.161838583474589
80,0.302671555003901
80,0.265933125436121
80,0.296340793890901
80,0.301984157291321
80,0.26679101692117
80,0.0725853427328905
80,0.321006199774794
80,0.211068241103774
80,0.298099190675976
80,0.234544933329783
80,0.311724174707738
80,0.300286940768295
80,0.233547700448206
80,0.160530079284182
80,0.138918240030241
80,0.248874772566351
80,0.288419220515783
80,0.29097427902731
80,0.266347251765285
80,0.284062776728774
80,0.286563997596045
80,0.259341739656874
80,0.21177907110977
80,0.207154123917821
80,0.133005039043629
80,0.350804627096139
80,0.258014356999398
80,0.351594823560909
80,0.183326344757547
100,0.285771236102065
100,0.242181732653997
100,0.252219899354507
100,0.231465994674075
100,0.319080144658243
100,0.27942162479329
100,0.284237776631324
100,0.200859196968783
100,0.230485900455679
100,0.294853436145485
100,0.170863432806824
100,0.225972919213833
100,0.302752805967421
100,0.215648847490458
100,0.272594263615607
100,0.274070894171182
100,0.24182727865196
100,0.288483937692823
100,0.315764484506531
100,0.263957597236265
100,0.297755643933885
100,0.242639993005081
100,0.24317309112859
100,0.260309916902177
100,0.263597184592695
100,0.280700736378506
100,0.294338060909537
100,0.22897808725705
100,0.291337460024663
100,0.326652877409352
100,0.252101744346431
100,0.304898001209683
100,0.261822726374757
100,0.278224146390493
100,0.288641843896456
100,0.259971930926883
100,0.282497729688763
100,0.303354667359972
100,0.296548093589973
100,0.302438780692214
100,0.294491990624094
100,0.286283828448519
100,0.261605827604342
100,0.31366693440401
100,0.231741560067503
100,0.284280439558641
100,0.279831640761298
100,0.262465458838686
100,0.303370256497131
100,0.271280371621245
100,0.272344325093262
100,0.257982488045463
100,0.257858598501023
100,0.268177381788186
100,0.317217185905554
100,0.33822816566991
100,0.291695112788018
100,0.240299908061876
100,0.272479810081435
100,0.32840039548038
100,0.271928262668416
100,0.220832788943956
100,0.305215455182665
100,0.195445957289039
100,0.244192926496091
100,0.249258374702225
100,0.286279954117408
100,0.313187408865232
100,0.257562195617609
100,0.231471570057034
100,0.228618048691616
100,0.307459758783687
100,0.215428822243186
100,0.218994195973323
100,0.200879582583693
100,0.25280329419952
100,0.162341150040735
100,0.17870417125227
100,0.289871609082699
100,0.156144595458888
100,0.240871981380089
100,0.292877306234007
100,0.267253566554954
100,0.281699167287993
100,0.202431408045674
100,0.260607449893905
100,0.149628136025056
100,0.290744545195054
100,0.228975138514419
100,0.217847461123373
100,0.298953906008861
100,0.27993433407309
100,0.171352595071476
100,0.247579040047891
100,0.283902343727886
100,0.295319357915833
100,0.300838861282438
100,0.249255568482267
100,0.269528789818057
100,0.334930423053836
120,0.254794810700444
120,0.281708086482499
120,0.355920521179256
120,0.308423128264793
120,0.199705494704298
120,0.272956984261866
120,0.33085687248403
120,0.328951421060593
120,0.223366935074671
120,0.239163349186787
120,0.287051265169718
120,0.287650442788075
120,0.31118019664
120,0.285404085555795
120,0.271222729429709
120,0.208732035168318
120,0.282135575366495
120,0.290667700940647
120,0.183079540710814
120,0.293248044019036
120,0.255583980161706
120,0.282854122624665
120,0.289442015478783
120,0.290281494159817
120,0.308019539674765
120,0.286746634132155
120,0.268263963912329
120,0.143380913094645
120,0.265300540095609
120,0.288134832619038
120,0.261697841148116
120,0.270328495678505
120,0.219610058449034
120,0.317281907191562
120,0.259456550425904
120,0.17340715451278
120,0.256265257959138
120,0.2803509923254
120,0.284869255352586
120,0.264707963161459
120,0.268179185271919
120,0.257064273724165
120,0.256118913725415
120,0.247090433671822
120,0.25101116689579
120,0.278529148583101
120,0.293950546931051
120,0.208519330610221
120,0.233597354805186
120,0.244695658371876
120,0.299222101836799
120,0.293667830164826
120,0.271227605025631
120,0.254399809559476
120,0.280786611534613
120,0.312418328788605
120,0.287513370695795
120,0.321793634276536
120,0.32065926075257
120,0.312218836997194
120,0.260516960984298
120,0.212883600535675
120,0.274331424391722
120,0.227340085036043
120,0.29891792321433
120,0.324199241090254
120,0.172700811075857
120,0.206227231511718
120,0.265482625131886
120,0.312597370040538
120,0.346089442157897
120,0.280466537620816
120,0.318321015084592
120,0.271222027902491
120,0.288822924084156
120,0.294810211483484
120,0.187708196665038
120,0.271874917000963
120,0.232661091063063
120,0.284372548808514
120,0.25640063055462
120,0.330228375498209
120,0.28428965823454
120,0.220197728876402
120,0.305066171490373
120,0.290382140025063
120,0.259943207135309
120,0.206159846818005
120,0.310678227290572
120,0.22072424376738
120,0.2009636172181
120,0.291983929483806
120,0.186092909137841
120,0.289677367619219
120,0.281704275025701
120,0.293986094374459
120,0.24819956063247
120,0.296452809197873
120,0.303767450265691
120,0.303098277926957
140,0.296419029986617
140,0.22851194712633
140,0.298029350869443
140,0.269857267136214
140,0.230674941656715
140,0.269781875778362
140,0.254728872962536
140,0.233010620395366
140,0.179988369402992
140,0.286965496934047
140,0.238773138791461
140,0.239031120350602
140,0.259554350349215
140,0.262683933636879
140,0.280973743520096
140,0.253736217604904
140,0.211691403856243
140,0.28492026387867
140,0.218254126974438
140,0.295476996684318
140,0.300990570890289
140,0.251049894332039
140,0.284757588941293
140,0.268092815713753
140,0.27219718821245
140,0.271253126542428
140,0.259087875014565
140,0.287430104062315
140,0.280403660795994
140,0.312570655058
140,0.235173650898297
140,0.325201167930403
140,0.206210295425876
140,0.249133552647146
140,0.189659170701904
140,0.0683183538633522
140,0.244189636828265
140,0.258375734810792
140,0.307470986772309
140,0.294163273837896
140,0.293031049134187
140,0.274781625185277
140,0.295735502517914
140,0.256313965752162
140,0.232521506244014
140,0.246195015371238
140,0.287165003112475
140,0.245319004737762
140,0.313088000416937
140,0.300090642654347
140,0.301863268771554
140,0.276216691754388
140,0.318312580853336
140,0.248853398994504
140,0.302972770023425
140,0.253038819866584
140,0.248828049508175
140,0.30756942528133
140,0.285947619166663
140,0.260501347742973
140,0.256463276603356
140,0.284546936073068
140,0.278727506455179
140,0.283063436152962
140,0.177626458395948
140,0.287083207012522
140,0.227573974354133
140,0.226173078032981
140,0.257796565926336
140,0.285524658844414
140,0.246828197006427
140,0.31003041395985
140,0.292113823790981
140,0.336138503062713
140,0.271103424317037
140,0.211403639067568
140,0.269353375471168
140,0.319171316007356
140,0.247017987122106
140,0.25053353978179
140,0.288675099439793
140,0.286167608956154
140,0.298964273836783
140,0.213598170249646
140,0.323952083250456
140,0.288179106225574
140,0.154636504434024
140,0.21900789412263
140,0.273477627838815
140,0.279460739815465
140,0.289888099375099
140,0.202380151579053
140,0.296262136721688
140,0.26911553024952
140,0.332020039138578
140,0.298746312545606
140,0.328283626412961
140,0.230764175992689
140,0.234252784302263
140,0.323884454550994
160,0.238121130527239
160,0.338702220164698
160,0.301708670263994
160,0.204231670757734
160,0.273904626599297
160,0.268080194838186
160,0.26438462719056
160,0.214593747357105
160,0.297362252045661
160,0.246686216271172
160,0.244556063068779
160,0.20336846569787
160,0.295682225883498
160,0.276363582347997
160,0.246960516132828
160,0.270228995255054
160,0.265088854412248
160,0.328787941675476
160,0.333487159277452
160,0.26974974950424
160,0.299823353585642
160,0.253914590884614
160,0.20784319824642
160,0.293651946670694
160,0.298314725296864
160,0.298843734781759
160,0.287912914257271
160,0.304578117417367
160,0.284387871709015
160,0.293709619978692
160,0.324197952742121
160,0.248868053075377
160,0.279969051471557
160,0.236538590703702
160,0.27160682547237
160,0.227402456415278
160,0.228722202074196
160,0.221517821939266
160,0.316912329650783
160,0.322427545155068
160,0.298446122640629
160,0.263627766758335
160,0.264060528492966
160,0.324588185324134
160,0.239493505937711
160,0.235822623735468
160,0.308447797697199
160,0.258089033249903
160,0.259285794176082
160,0.27523299107686
160,0.262937598421199
160,0.220722375683863
160,0.293952286336355
160,0.309838464585987
160,0.144419739988787
160,0.272160507805306
160,0.280181772629176
160,0.314667391253362
160,0.259901006117896
160,0.322878336702775
160,0.28329239416473
160,0.26210781423676
160,0.3127187764874
160,0.301424791251339
160,0.296519385137147
160,0.197713713330609
160,0.338144274272949
160,0.251963302640064
160,0.327711823814166
160,0.290758997210161
160,0.294811403595099
160,0.257915942500518
160,0.281816860132096
160,0.275093796276374
160,0.207834375796607
160,0.234362911925415
160,0.259321352228322
160,0.27518032873426
160,0.219782610471528
160,0.231631782004217
160,0.289787712989742
160,0.266678982791145
160,0.255817220196615
160,0.241087974576928
160,0.253263718443662
160,0.224068547114996
160,0.275228700972096
160,0.22572382594911
160,0.272273515352347
160,0.303157371224127
160,0.2514928440464
160,0.308754403119463
160,0.264202749697491
160,0.281683369165398
160,0.187838568694754
160,0.239462622015417
160,0.270948093533616
160,0.224530378497765
160,0.262570310798267
160,0.297305528825656
180,0.272875117699352
180,0.281290288986154
180,0.303558038268691
180,0.276295551150386
180,0.257348867804893
180,0.284827988987873
180,0.25957412378718
180,0.268476042285009
180,0.224863374411377
180,0.269083048104299
180,0.294392208145743
180,0.271658742107879
180,0.298250888915854
180,0.24960999401676
180,0.25564653219801
180,0.263169772289396
180,0.294032768082279
180,0.282110532247653
180,0.253626163580956
180,0.300993076641751
180,0.279151838819292
180,0.275537804587278
180,0.299400681406566
180,0.220660835918501
180,0.223862276778376
180,0.224365037535193
180,0.236430988406122
180,0.237397609081857
180,0.273350994715955
180,0.271488140503689
180,0.330357854568582
180,0.230358870731978
180,0.221084191820878
180,0.275299613317924
180,0.283787611493479
180,0.213279099606769
180,0.262554577401177
180,0.265013039360268
180,0.221009497655495
180,0.310543641048996
180,0.276501337906552
180,0.250280118316815
180,0.273954097966598
180,0.287133002624514
180,0.282784682992271
180,0.307463823264484
180,0.305207031670941
180,0.29985358479707
180,0.316193428809948
180,0.253528097131736
180,0.250731346685839
180,0.227644982319715
180,0.249545865468798
180,0.244347596478401
180,0.275702785719513
180,0.294253661421637
180,0.261750050914096
180,0.257659028932883
180,0.283513380835757
180,0.279560515187182
180,0.309218325758895
180,0.277887870712055
180,0.290044084456284
180,0.30700871598691
180,0.335060816416989
180,0.258176964035675
180,0.277616870485753
180,0.295597877461056
180,0.243582401318073
180,0.292235719784027
180,0.252396003007099
180,0.30929176167694
180,0.289786276510368
180,0.245681563073121
180,0.311050418357984
180,0.277501469285976
180,0.315762810167269
180,0.282104150750712
180,0.286814920163424
180,0.213993372338115
180,0.284409492685261
180,0.271568367773179
180,0.321903605342981
180,0.305882071339228
180,0.291000091196889
180,0.263538086808875
180,0.307705216995956
180,0.269820594636375
180,0.265871204569863
180,0.277930654099301
180,0.322759355835426
180,0.209187631066973
180,0.226417919520395
180,0.25566265815064
180,0.092081598528112
180,0.259959223453821
180,0.226695694043523
180,0.260327393301096
180,0.340124250354746
180,0.277945535340952
200,0.304572815756729
200,0.24420389483105
200,0.15622274779762
200,0.255556570123906
200,0.322339684287227
200,0.223203346673454
200,0.2920628564925
200,0.222204165877879
200,0.27995814313207
200,0.231769629556212
200,0.240677247845562
200,0.258242096664126
200,0.284021302530504
200,0.226438393714838
200,0.21026864705283
200,0.2716795265093
200,0.290387030957701
200,0.299904123603254
200,0.281265602168126
200,0.295413716901139
200,0.21579657496565
200,0.310671459186874
200,0.244227703993671
200,0.264317963893197
200,0.335930742459074
200,0.266503145619706
200,0.302181271771948
200,0.250131620528664
200,0.249216549711668
200,0.243947114890833
200,0.317369976668813
200,0.284298275944057
200,0.2706383221646
200,0.221783917434817
200,0.286901504668068
200,0.288955589097192
200,0.273162166716226
200,0.283282370364816
200,0.253012867821367
200,0.27341099327529
200,0.220503133157894
200,0.249501251514724
200,0.26788639764342
200,0.254381699883215
200,0.228132755950066
200,0.208774458504135
200,0.306891500694869
200,0.278392142062765
200,0.29260589154836
200,0.264518856595532
200,0.272849999887389
200,0.27299780846172
200,0.315540895619302
200,0.229728256666592
200,0.179939178143282
200,0.30714511367565
200,0.328171062126522
200,0.279094853643404
200,0.296752958006141
200,0.262309954437676
200,0.314073844400512
200,0.313587519087665
200,0.280375969800125
200,0.324054967635784
200,0.287534828123756
200,0.261347175626328
200,0.27147735387712
200,0.245755781710025
200,0.300751853981405
200,0.256397252909535
200,0.242088481667194
200,0.206494943162729
200,0.22638823755185
200,0.285652307936325
200,0.280600103903187
200,0.278897903231946
200,0.306221854657839
200,0.269943613817675
200,0.297160109942202
200,0.280553983602862
200,0.246352398331074
200,0.234437293890257
200,0.303000322543318
200,0.262139747174587
200,0.266201178364147
200,0.317052478520984
200,0.269946890165964
200,0.304510465903461
200,0.278682481463637
200,0.259039596938644
200,0.237222678994889
200,0.214806166025373
200,0.290963138445555
200,0.270339857901829
200,0.202758247241886
200,0.213588183856961
200,0.290851955873837
200,0.290493014094055
200,0.286463858499693
200,0.232738422441551
220,0.273362974918918
220,0.331417463004855
220,0.216228070288305
220,0.309120836805335
220,0.294445395075818
220,0.233112334693702
220,0.274340583391784
220,0.247480093220343
220,0.293805126032804
220,0.303272045355065
220,0.252824442016992
220,0.279817196433876
220,0.226339016058892
220,0.260496484659296
220,0.25121332981302
220,0.253307166401095
220,0.262268198045667
220,0.302199291398585
220,0.304555082029208
220,0.27807067821561
220,0.306524455742816
220,0.295123357000808
220,0.292049385926961
220,0.288947606563613
220,0.267537905999144
220,0.30796575221691
220,0.251845505206283
220,0.290906061250597
220,0.288506810200428
220,0.291518020891135
220,0.26492048782141
220,0.205982865800804
220,0.325905486379221
220,0.276931463737163
220,0.298438036407686
220,0.243718423063511
220,0.285575185438698
220,0.277329228170783
220,0.296131522745828
220,0.263323353158395
220,0.277447482838025
220,0.285656137059935
220,0.29684096645955
220,0.220526350959737
220,0.270522339313199
220,0.306943974739391
220,0.276824388810148
220,0.290659956360486
220,0.232330445440355
220,0.289560027725583
220,0.29316156147299
220,0.276398312448722
220,0.209171567668204
220,0.263248176106955
220,0.242469079757645
220,0.282871804343885
220,0.266344435938078
220,0.273619115766946
220,0.249451251126068
220,0.301431698073689
220,0.25062191432581
220,0.288400848618797
220,0.313517920206204
220,0.28708694997777
220,0.320865169274758
220,0.286128503148952
220,0.279318993011563
220,0.255502216456695
220,0.24712868213782
220,0.208832354076594
220,0.258409025622933
220,0.294809851025625
220,0.248793119994154
220,0.315782838004402
220,0.321355504817949
220,0.27229205249033
220,0.273171051547142
220,0.226613487608018
220,0.309570119863723
220,0.302573270238844
220,0.30612411482415
220,0.276468259285505
220,0.310358352769353
220,0.224592822728906
220,0.218889534757362
220,0.245093162830142
220,0.244497785743892
220,0.286482152409886
220,0.273762136866501
220,0.233697040278564
220,0.31364135193477
220,0.315195445693622
220,0.295074688134202
220,0.306016071356745
220,0.330182047089238
220,0.264220142118509
220,0.310752331912998
220,0.26803659170613
220,0.275294157520841
220,0.26885208502588
240,0.297150924706234
240,0.298572105278011
240,0.269137475217418
240,0.259810584354419
240,0.268962677978821
240,0.249075701357165
240,0.232075367681636
240,0.24207809754062
240,0.305654289655129
240,0.302541345947793
240,0.32217458142868
240,0.268514307090671
240,0.245349850770051
240,0.291549389947645
240,0.286988137487411
240,0.282202991501078
240,0.315971351800788
240,0.265753968962524
240,0.3167975503143
240,0.308800438621649
240,0.243596922022059
240,0.323258068010873
240,0.301349394795368
240,0.273871133189186
240,0.245830460046303
240,0.24754757390633
240,0.290545813495758
240,0.313663813759658
240,0.212593921792021
240,0.284313178836257
240,0.304442803555902
240,0.274143257519927
240,0.297995566416073
240,0.25519877374245
240,0.229444798050822
240,0.292353674592939
240,0.270190388355741
240,0.317598513239955
240,0.173840641374091
240,0.218583953601704
240,0.253097970807278
240,0.265869972116804
240,0.290523539825241
240,0.247359845083898
240,0.334485786775534
240,0.292793345712046
240,0.302896144073719
240,0.292687874061889
240,0.290021331142329
240,0.260224517686384
240,0.231920213969775
240,0.340740402823543
240,0.260036882514189
240,0.306526908890812
240,0.203077614315069
240,0.276985730320701
240,0.302902213647595
240,0.267647730890976
240,0.267159920143745
240,0.304957988669878
240,0.23859808732384
240,0.24313236618434
240,0.28424107326019
240,0.219106434127828
240,0.240025299797234
240,0.295851164753355
240,0.30568157458563
240,0.277331274364243
240,0.277103576900333
240,0.292576965791244
240,0.241419136587665
240,0.257205130312423
240,0.283086074488239
240,0.2910333407388
240,0.264836647175459
240,0.322399384610461
240,0.328323528024674
240,0.285893211347458
240,0.304882086511223
240,0.246210149585108
240,0.248976175958789
240,0.301258101447468
240,0.273876824992163
240,0.293502303912181
240,0.342673890958972
240,0.281792969007368
240,0.25428268279331
240,0.287434056926607
240,0.280722620478582
240,0.238594673100515
240,0.312830431554198
240,0.286177639455319
240,0.261616574888846
240,0.299629300704879
240,0.246633707311396
240,0.296897806849218
240,0.290233130186445
240,0.277519725078541
240,0.285459375796992
240,0.306318252076937
260,0.266668040324888
260,0.302855936306255
260,0.28690678925099
260,0.319119132077295
260,0.2369515666506
260,0.297698109842824
260,0.299291159096595
260,0.274037942337159
260,0.312022447617178
260,0.294028652448094
260,0.248547251494936
260,0.299830259906461
260,0.3222989732274
260,0.258698757113955
260,0.316170700984149
260,0.278018062868381
260,0.259465687253128
260,0.285302857151397
260,0.275873232583712
260,0.310195223845244
260,0.282596722138612
260,0.309153655198768
260,0.235003575028708
260,0.308517339425324
260,0.291445736499919
260,0.252246981792867
260,0.254129774027765
260,0.264235221818684
260,0.246408489311243
260,0.325643018323696
260,0.28858778111511
260,0.283946647372287
260,0.256874028946245
260,0.265409170733379
260,0.289297352008306
260,0.28717773146028
260,0.326122841259859
260,0.279776296354094
260,0.281066456534146
260,0.32012737864439
260,0.308102372289568
260,0.29154685334451
260,0.3051363981932
260,0.271394831373686
260,0.272044339235027
260,0.262075578148
260,0.28480314684164
260,0.268874138501663
260,0.301902072958952
260,0.262176449958327
260,0.212109295435348
260,0.291260961119948
260,0.260814729074219
260,0.295934306504844
260,0.298432355193862
260,0.315432328757242
260,0.299407525405902
260,0.255865864872861
260,0.309675502652288
260,0.300241379126802
260,0.28610355260959
260,0.262300556003517
260,0.277827484650783
260,0.29582450609399
260,0.162932826809917
260,0.268277445868421
260,0.20947235397827
260,0.27718985763906
260,0.268722985352579
260,0.309946077362442
260,0.290913650004773
260,0.306591829943828
260,0.299102220115112
260,0.246471656514619
260,0.28918788083418
260,0.27903943979115
260,0.267149334530374
260,0.287114144711291
260,0.267493363855869
260,0.297876503060854
260,0.207441012452132
260,0.279431149639269
260,0.31587863437362
260,0.280378079985383
260,0.293801875103814
260,0.329023203858829
260,0.271266103101824
260,0.276880067911808
260,0.269128531205545
260,0.241110662836324
260,0.262710117885064
260,0.294774026380685
260,0.286447577626911
260,0.240126214542013
260,0.309808719412074
260,0.290961195016876
260,0.308507359848577
260,0.32512865312246
260,0.243443073381547
260,0.279067673586564
280,0.237386234777004
280,0.3117858346909
280,0.286885734973972
280,0.243849477923992
280,0.295120623290077
280,0.274258051840275
280,0.285809835027514
280,0.286249279049317
280,0.244190137634824
280,0.235102386059803
280,0.270060655399445
280,0.244826882484127
280,0.319327781752386
280,0.204243147768192
280,0.282949261676308
280,0.300584259308972
280,0.283913903976978
280,0.251684607701898
280,0.292266680871084
280,0.267677311651526
280,0.250569928362057
280,0.294041266233224
280,0.275606023900711
280,0.255245817232354
280,0.315958122280872
280,0.251887866544449
280,0.28453846431041
280,0.271372537900757
280,0.253092116712969
280,0.244632805673965
280,0.282627275893214
280,0.184248064507728
280,0.188183049181011
280,0.289422673303764
280,0.216200406324193
280,0.307993338214498
280,0.241314617469044
280,0.297340945336872
280,0.310536643953742
280,0.257340224767096
280,0.303956436160479
280,0.296409513998298
280,0.265952608816839
280,0.281417366828706
280,0.271965702064631
280,0.255529144320911
280,0.30307259896657
280,0.277669615108003
280,0.262117028340418
280,0.248551660923449
280,0.246560449502545
280,0.26855115418628
280,0.283120041302212
280,0.306717202469399
280,0.227574785192261
280,0.242112622255759
280,0.289620320413435
280,0.294127991347439
280,0.302959785575581
280,0.26343304694695
280,0.299585630983257
280,0.270182196982741
280,0.279001912933103
280,0.260897004452389
280,0.289430636641361
280,0.285849596752858
280,0.303912479159107
280,0.289592153423279
280,0.314994145724773
280,0.248444588059551
280,0.263787746184312
280,0.292429097965904
280,0.286660163609287
280,0.27646877989931
280,0.296643553624593
280,0.284783272429548
280,0.288598566975987
280,0.274280241207828
280,0.246055099027143
280,0.279844986531
280,0.226300123395688
280,0.24998099750689
280,0.287024337209105
280,0.300879879620351
280,0.258849697757065
280,0.29658550166902
280,0.254993498944075
280,0.284642661870054
280,0.284867670137234
280,0.261249524663619
280,0.305901801234886
280,0.24548922168288
280,0.200903806410819
280,0.28589267104562
280,0.22205126976718
280,0.286215814445721
280,0.28850180290386
280,0.273233687566351
280,0.286803015272642
280,0.243404322253156
300,0.310971754087201
300,0.266967027681335
300,0.255381126762143
300,0.26451524764951
300,0.290460947754172
300,0.256274366083367
300,0.229716190929014
300,0.300635953532805
300,0.269139551232923
300,0.302031858664038
300,0.261121750219839
300,0.283618980158192
300,0.253195020502586
300,0.291452296719073
300,0.261266950826935
300,0.297579712155487
300,0.314824206879426
300,0.264013443243754
300,0.298600011547739
300,0.265418889259237
300,0.288183696176911
300,0.248147840114251
300,0.304404252840762
300,0.303810193522914
300,0.301331407290111
300,0.281957919315055
300,0.287415770849431
300,0.253412700999788
300,0.295696967083978
300,0.244273293136471
300,0.271940775575926
300,0.296268569558308
300,0.295883011904579
300,0.287177497385315
300,0.28511214656307
300,0.294180273119982
300,0.305849728807883
300,0.28967317980147
300,0.286645141048299
300,0.179244040146436
300,0.302182933608527
300,0.310639247780849
300,0.302581353549993
300,0.32202941430144
300,0.301739306318322
300,0.276827134066113
300,0.250977700617202
300,0.313405746603579
300,0.279277863376681
300,0.262094905112256
300,0.310551977680398
300,0.265089173352522
300,0.268436774559114
300,0.282445146678223
300,0.330060356254571
300,0.256472017780215
300,0.279870461792261
300,0.270027562999208
300,0.274465342273128
300,0.239600125204009
300,0.281482894855137
300,0.314668834745446
300,0.252844016292825
300,0.285568289864963
300,0.29418885890471
300,0.285916254891135
300,0.299440212479351
300,0.283212455982701
300,0.268907082470307
300,0.290980850136834
300,0.283679500099335
300,0.252094138695421
300,0.278569273068548
300,0.268402452829445
300,0.234110463470854
300,0.310268461307352
300,0.286283794390101
300,0.327077289525151
300,0.219569057400085
300,0.282879763546702
300,0.25305396700064
300,0.255222211568796
300,0.279169332404519
300,0.292819863415028
300,0.273407316560282
300,0.278043940734725
300,0.275263866292486
300,0.272878842776403
300,0.302207235194766
300,0.244868406459952
300,0.294977477799346
300,0.31015308325461
300,0.283138971136738
300,0.285889764558037
300,0.309336931806814
300,0.26772428453298
300,0.291279156907247
300,0.289907953374894
300,0.279382972319521
300,0.291892548089001
320,0.280451424963877
320,0.342058699001441
320,0.265309502713418
320,0.299396502717141
320,0.251075845475536
320,0.292468963886854
320,0.297577435391971
320,0.304417571171408
320,0.292139102329238
320,0.315352983025065
320,0.286417575228597
320,0.283672449474194
320,0.234474390924072
320,0.292622654227418
320,0.256719815934328
320,0.279993538481724
320,0.318842035414514
320,0.271901221274024
320,0.283555237076221
320,0.321617843888155
320,0.248012428221138
320,0.256080087979069
320,0.258408492099868
320,0.267152606190416
320,0.273497990613295
320,0.280567533715434
320,0.226006665204204
320,0.306525915412326
320,0.283481372064816
320,0.249071088856454
320,0.25809499006583
320,0.290437956708017
320,0.216335116862188
320,0.290489962305907
320,0.319775091125962
320,0.258862338065353
320,0.24633871400738
320,0.307441376942025
320,0.260263226335503
320,0.283120454162339
320,0.263689648947769
320,0.285272432291321
320,0.291853475112115
320,0.304123606168769
320,0.296643964700925
320,0.283769521229372
320,0.336321879013342
320,0.297199300090331
320,0.286821734155836
320,0.299372134576294
320,0.342888781120843
320,0.311788940968962
320,0.25128095230768
320,0.239201653005822
320,0.27013498137407
320,0.309878400589264
320,0.277192902893357
320,0.300457687165105
320,0.262407180389056
320,0.26409640241407
320,0.276869706380381
320,0.266431236136571
320,0.258255163669446
320,0.301496843632052
320,0.293438775918723
320,0.280734833216133
320,0.266072618789545
320,0.29058391832056
320,0.252901759802216
320,0.274191419519178
320,0.291834864840151
320,0.302511152721114
320,0.309566695349595
320,0.218436248956546
320,0.294608585697648
320,0.254391255680725
320,0.271197679053747
320,0.264608045738284
320,0.32769166543864
320,0.255234192405221
320,0.285616289696302
320,0.22236973807206
320,0.259976477624242
320,0.245046714986792
320,0.302346663635926
320,0.303726921944483
320,0.272402128171033
320,0.27066723237189
320,0.295461211224359
320,0.235088377120133
320,0.237232031894608
320,0.232671155702548
320,0.293841406884308
320,0.330933336277527
320,0.240466889344514
320,0.303432991713727
320,0.258431950969392
320,0.272561699336138
320,0.254561001187186
320,0.285037152682822
400,0.286951991351613
400,0.293067330314628
400,0.256703905404025
400,0.291551469524563
400,0.300352942554344
400,0.317115854793406
400,0.271467322690118
400,0.273041980960162
400,0.264612649943082
400,0.277831877457283
400,0.301058858657604
400,0.294635297915554
400,0.277065455485851
400,0.288247091971686
400,0.276511578702604
400,0.290393176530664
400,0.257836353520968
400,0.298897948008984
400,0.238173721155104
400,0.267542433308194
400,0.321431445920147
400,0.292178377103861
400,0.279937090485137
400,0.294583289284784
400,0.296756452354047
400,0.293806020347927
400,0.308279372614875
400,0.277458012101611
400,0.278497676896667
400,0.287611148980416
400,0.259943542487907
400,0.285990465986716
400,0.277887896361708
400,0.277435108500934
400,0.258788746477567
400,0.276341014665024
400,0.248892289908057
400,0.254096418553025
400,0.287543900991081
400,0.27986876595595
400,0.289450078729201
400,0.276701831852294
400,0.298587205014377
400,0.303363688787575
400,0.29893388809044
400,0.286771892959619
400,0.276668989366084
400,0.278649461030557
400,0.284652287645961
400,0.289823663978659
400,0.283003183962272
400,0.301451855225667
400,0.310695446832218
400,0.317625481380484
400,0.276993662838566
400,0.295496965615888
400,0.283289904943306
400,0.295480827215657
400,0.273430140850354
400,0.314183580594532
400,0.261782981929645
400,0.28586437821098
400,0.316104003786789
400,0.299044137129938
400,0.241343227563838
400,0.294500263755218
400,0.301691582994651
400,0.310926072107925
400,0.295742869544774
400,0.289259723085187
400,0.29596345113551
400,0.262331151614197
400,0.286020794852908
400,0.274247559322931
400,0.265182927694799
400,0.317755407553379
400,0.311477749315046
400,0.313022731195309
400,0.277607530665815
400,0.305109774669151
400,0.262806057973789
400,0.255681753834399
400,0.267178270294882
400,0.260054572352493
400,0.290685156344502
400,0.276068754438838
400,0.287252298983605
400,0.28019012060625
400,0.292628167443927
400,0.267085285923462
400,0.309673435097508
400,0.29691606541628
400,0.259798053498647
400,0.30999582816633
400,0.263768058275581
400,0.256481174213116
400,0.277234718216366
400,0.275583556949468
400,0.268097045767485
400,0.279939974519696
480,0.27276599201753
480,0.27052527791356
480,0.280508008193174
480,0.257393478614812
480,0.310135419092701
480,0.265418913626276
480,0.280780278802193
480,0.275152281234245
480,0.262008334654595
480,0.288815375199505
480,0.265606142994293
480,0.293435787445478
480,0.2718447065914
480,0.285360026446018
480,0.258841410321459
480,0.272404713352257
480,0.313568848188319
480,0.294434177595281
480,0.264439994497588
480,0.279553495132942
480,0.295517448753729
480,0.30285014468731
480,0.296155272029452
480,0.263584793208766
480,0.292852829191299
480,0.309277740814494
480,0.27883795250325
480,0.240609985476759
480,0.330362845695149
480,0.234603475675636
480,0.291563846663618
480,0.235981374814452
480,0.246816458349313
480,0.28491726621108
480,0.262591900146603
480,0.302386628522565
480,0.284030655741978
480,0.314365296357237
480,0.307695825448714
480,0.296980944113436
480,0.28339888825081
480,0.267151700010611
480,0.293291499013203
480,0.302534123659167
480,0.27015642802096
480,0.264739377170806
480,0.281918077616867
480,0.307335796128234
480,0.327277701234376
480,0.28724327600833
480,0.276932428246149
480,0.267931123850436
480,0.268436329246602
480,0.262711712281297
480,0.306229133928338
480,0.268842183095937
480,0.326203753363039
480,0.288539600346546
480,0.24812122658102
480,0.271792791479831
480,0.29148342682627
480,0.26424354267757
480,0.271236157520215
480,0.308524855718817
480,0.279754444947553
480,0.282703148496402
480,0.271847098670984
480,0.281726558291475
480,0.270007732809436
480,0.300117819490304
480,0.282421279115351
480,0.279019661497866
480,0.304771214894106
480,0.28617265442369
480,0.30317028369025
480,0.309130183058652
480,0.338024959313127
480,0.255433757335705
480,0.254959621798903
480,0.250162658278975
480,0.299773728806042
480,0.286872572094563
480,0.295813279672797
480,0.277394441401822
480,0.294805841468832
480,0.320549683155653
480,0.249864391220481
480,0.231225464755152
480,0.285444377032169
480,0.297579685624932
480,0.248301512718682
480,0.282628516180537
480,0.255045451907552
480,0.288202925841259
480,0.328638596145289
480,0.292132146114938
480,0.322597142626326
480,0.290981524624773
480,0.275529987465408
480,0.308464626634809
560,0.303327334892927
560,0.275080129526199
560,0.30625276399972
560,0.301829675908301
560,0.31267250530166
560,0.29715330232832
560,0.303623597851122
560,0.32101342078134
560,0.303477957380159
560,0.293582083769498
560,0.304846820764814
560,0.30638106831566
560,0.296335452025484
560,0.26388191252268
560,0.26100029016115
560,0.31615809747633
560,0.271616052985989
560,0.298499786876499
560,0.310621045258901
560,0.279937083115522
560,0.296491886831759
560,0.273442402064448
560,0.279325214701181
560,0.313490730408176
560,0.266097382740064
560,0.29147132542965
560,0.26642912625661
560,0.293189466884018
560,0.276657324902196
560,0.251742904891601
560,0.293624154560872
560,0.323596959881563
560,0.257476259976114
560,0.292186311534727
560,0.327879101073844
560,0.291451746309416
560,0.30464866526267
560,0.300272106666924
560,0.298270408822387
560,0.287363431140623
560,0.30595203786234
560,0.299974852687687
560,0.258032742483379
560,0.272997823269518
560,0.298072197435695
560,0.309559320336792
560,0.284532071460908
560,0.326325842681168
560,0.320680570375455
560,0.304664757297312
560,0.300015912069634
560,0.305564366192686
560,0.293576218628739
560,0.276984037629238
560,0.254347650202122
560,0.273137525850977
560,0.314535676763219
560,0.290918870790768
560,0.277563571507259
560,0.267521581862675
560,0.270421736131932
560,0.292239267171772
560,0.292363940882468
560,0.29320741129983
560,0.321672218726503
560,0.334145101326712
560,0.298699139758066
560,0.297695216100749
560,0.308025926877992
560,0.272363208166173
560,0.280643208703507
560,0.238300558328909
560,0.291972867857372
560,0.299275122488428
560,0.270242123552265
560,0.286002041359835
560,0.317345859621279
560,0.231292818093866
560,0.304282154759158
560,0.291909574973695
560,0.296684226477594
560,0.313673619470852
560,0.269813082864251
560,0.2921106750838
560,0.251051323720867
560,0.298305613939545
560,0.249263471276874
560,0.263891332796456
560,0.290021300952779
560,0.275452635277085
560,0.285917544301811
560,0.293223464040725
560,0.2951137162026
560,0.31498270455518
560,0.256055525570235
560,0.292431041030879
560,0.31870512175171
560,0.299857702413861
560,0.312091273272306
560,0.28976471536881
640,0.29101438657828
640,0.286533243296457
640,0.277559103131661
640,0.279121035972158
640,0.327184634570397
640,0.311151930644467
640,0.313837064488332
640,0.324768424144159
640,0.324080347808031
640,0.278228639021109
640,0.29353509014648
640,0.2959424621599
640,0.322792918818721
640,0.27450165884021
640,0.241037649303226
640,0.274445744088069
640,0.277967001712455
640,0.271111137493915
640,0.326970315180156
640,0.292887371879492
640,0.314187865200901
640,0.338902039733706
640,0.292621450741964
640,0.293825682801805
640,0.26476950969777
640,0.287416362902457
640,0.310123070276328
640,0.262607645494198
640,0.304051280285876
640,0.290724015645353
640,0.30310592446192
640,0.275353741396397
640,0.283895879165186
640,0.25749544006611
640,0.298202712548472
640,0.307561568451828
640,0.25138824249109
640,0.286434574104974
640,0.282850737456297
640,0.311661637553449
640,0.277310344478275
640,0.30171885944175
640,0.312315281679331
640,0.307300147680886
640,0.283103875011647
640,0.290738823070611
640,0.27514511752774
640,0.27528740124109
640,0.303948307347401
640,0.297889650644153
640,0.316784099841335
640,0.298041155174576
640,0.298151645968197
640,0.308977808084973
640,0.307440066785106
640,0.297981220634698
640,0.244395820235798
640,0.322060487423657
640,0.296206472300903
640,0.297198632726998
640,0.315695561192776
640,0.299786756048552
640,0.279793186482764
640,0.315341521740127
640,0.278299476329678
640,0.317886153503052
640,0.305507683413842
640,0.270040022868452
640,0.288233954850908
640,0.318657388000334
640,0.32187344301103
640,0.29131733714433
640,0.32113057417554
640,0.298601276055735
640,0.279130764338973
640,0.317380599964308
640,0.301023634739997
640,0.262954770589555
640,0.310525898941548
640,0.258319416759379
640,0.299390509588957
640,0.26699741276759
640,0.295113383849984
640,0.310737419672564
640,0.308393609838287
640,0.29527541723485
640,0.278307053381649
640,0.274043658257536
640,0.308282333515023
640,0.24309377875633
640,0.301620105254787
640,0.31625562126931
640,0.271797805594861
640,0.272180116445253
640,0.313145632695941
640,0.308407931407007
640,0.261821643294216
640,0.284441589848319
640,0.258136470789671
640,0.271195717053453
720,0.291944981452324
720,0.271228041094012
720,0.286599366844373
720,0.271443802197963
720,0.330072835612284
720,0.269787636826773
720,0.305680851899554
720,0.272859099434564
720,0.31433218939939
720,0.30130101824526
720,0.309343773216183
720,0.322784187550791
720,0.307125943003841
720,0.333846092684864
720,0.307810311298541
720,0.300425794154141
720,0.291153026066423
720,0.295588097751696
720,0.279140333148252
720,0.297186094630938
720,0.271563313017301
720,0.29413037611745
720,0.308071962728697
720,0.302188851662434
720,0.297870783686276
720,0.323352145228701
720,0.285211704214157
720,0.297443806499668
720,0.268346796232672
720,0.306736815317275
720,0.289542333495204
720,0.272457829420578
720,0.305923944132062
720,0.314025794230657
720,0.329675681383526
720,0.287043906558095
720,0.306750176165347
720,0.286601305603318
720,0.287070229782639
720,0.298818151905818
720,0.259556907858758
720,0.315700191772256
720,0.283098510967201
720,0.249637542870303
720,0.290647661817592
720,0.30124528114539
720,0.299627701645163
720,0.282208910689764
720,0.309059620165573
720,0.298994490225066
720,0.303693864007098
720,0.323045560931213
720,0.302536190772399
720,0.336594598338472
720,0.247104320443268
720,0.313725794517538
720,0.268766716607556
720,0.298185576839767
720,0.314668369774562
720,0.312416764265551
720,0.288949348919001
720,0.306831040556688
720,0.295740541893504
720,0.285301701885924
720,0.277984033359701
720,0.282217864632
720,0.306227704430489
720,0.319631205513803
720,0.304143833433117
720,0.315018979750875
720,0.302011142846371
720,0.309906819872132
720,0.269368202099755
720,0.316385744293555
720,0.320867341628207
720,0.282443346371873
720,0.240807245749375
720,0.32179498474752
720,0.302343190063058
720,0.296103671140165
720,0.277772083480568
720,0.322243747709
720,0.307558591774028
720,0.308013348558635
720,0.309873131498793
720,0.283716077014523
720,0.295687916664838
720,0.320430042093213
720,0.293586420097881
720,0.29282751457349
720,0.271569547447087
720,0.302988406809011
720,0.305844458296016
720,0.277339326160643
720,0.277244296063556
720,0.288558395852499
720,0.30751096021383
720,0.322482950164441
720,0.286885921255181
720,0.303476148949715
800,0.314771094278506
800,0.323670702460431
800,0.288296505188241
800,0.320899637943606
800,0.3097754578762
800,0.299693884337186
800,0.269462678710653
800,0.232416078386334
800,0.302332755743292
800,0.282326091271053
800,0.309263310258252
800,0.272010592612196
800,0.295605303099544
800,0.292575501551348
800,0.294468433663311
800,0.292941151142819
800,0.330968951721624
800,0.311542305882261
800,0.29997395865576
800,0.292673165074007
800,0.287408473468416
800,0.255469337129602
800,0.306140010205137
800,0.292173602894697
800,0.299889748937642
800,0.305839103822006
800,0.290208766948133
800,0.297281133023826
800,0.314525165552074
800,0.299477560081253
800,0.278637425852118
800,0.313448033841688
800,0.306779849863309
800,0.303675034249519
800,0.297037221729987
800,0.280427301877701
800,0.292151713478128
800,0.277684658163367
800,0.299793128453331
800,0.280154819084394
800,0.326084895983474
800,0.263333381830801
800,0.305398969019022
800,0.269260592479376
800,0.298187689754207
800,0.315806658553148
800,0.309325593362267
800,0.280289099303296
800,0.3149460311801
800,0.298720173926691
800,0.283592259734198
800,0.287980400514295
800,0.281197180670262
800,0.315972257983492
800,0.280486389594292
800,0.307677228072513
800,0.323716442420298
800,0.273217903136545
800,0.317131054170384
800,0.31202296687436
800,0.300053189022122
800,0.321878702101072
800,0.300349205183009
800,0.311744384466459
800,0.299908833912396
800,0.270528785551541
800,0.309664749437167
800,0.330088961809972
800,0.302541019763739
800,0.285860865270803
800,0.313480086611538
800,0.318301168468492
800,0.287681512504618
800,0.302541898877729
800,0.308423083503859
800,0.292519678178472
800,0.282052668302762
800,0.263679179138969
800,0.300563289195307
800,0.248818968398969
800,0.267337722272811
800,0.296011040643352
800,0.314997055083055
800,0.306468558122468
800,0.315142900096355
800,0.32825659805497
800,0.325196330481415
800,0.310942014692407
800,0.311888182780877
800,0.27608648244619
800,0.294261882785005
800,0.320858188717993
800,0.299596731473543
800,0.321851316791737
800,0.298156920080352
800,0.290902020795029
800,0.288385484444333
800,0.31617833888116
800,0.316422126712544
800,0.278137029385082
880,0.284369761812567
880,0.291911399167499
880,0.290680003849644
880,0.31059153957183
880,0.24373582976889
880,0.311453080902045
880,0.305234642949365
880,0.292825378214025
880,0.324257306167958
880,0.320822697517574
880,0.284393195111723
880,0.304223660374836
880,0.291724762446568
880,0.313454010165588
880,0.312702106853357
880,0.302899466654073
880,0.310434677778991
880,0.315709335853197
880,0.289874704922175
880,0.269872083705059
880,0.296817852480277
880,0.309912759509438
880,0.330052012427805
880,0.281876264849918
880,0.29950785354075
880,0.302474799638988
880,0.303886690619499
880,0.316320535040184
880,0.310575452550906
880,0.3189611369948
880,0.317573854836147
880,0.308542530780436
880,0.285162388007107
880,0.292015723222718
880,0.296538093988622
880,0.285669458193456
880,0.289266047614295
880,0.291516106672074
880,0.311836366343179
880,0.320578031555513
880,0.294683027463121
880,0.262189358949371
880,0.285966771279001
880,0.271603601174669
880,0.274183959387011
880,0.258341554435758
880,0.299168691809431
880,0.324671843512281
880,0.301674367074114
880,0.300173026949932
880,0.292402313026318
880,0.283285971151032
880,0.323020147757927
880,0.296865907608781
880,0.266758404885114
880,0.296997533697616
880,0.309746859524569
880,0.29241788947125
880,0.278535420506136
880,0.291898341547125
880,0.285192786905824
880,0.336932820772926
880,0.298934594743813
880,0.333158753104892
880,0.300980049477822
880,0.281803068105185
880,0.272738363828518
880,0.317375902628505
880,0.307434147919283
880,0.306795657786455
880,0.304614930873658
880,0.281957672282005
880,0.286570654094796
880,0.302681963448714
880,0.309853734979267
880,0.322456467434899
880,0.277320145746947
880,0.296083336904864
880,0.288643294266805
880,0.290152169175046
880,0.317375996660104
880,0.298859204698522
880,0.297907407595922
880,0.268094133872931
880,0.314786089929607
880,0.315246710749694
880,0.302419901683284
880,0.311681439857816
880,0.311623125916421
880,0.312396800836882
880,0.276715384039461
880,0.305090085657599
880,0.290007284912265
880,0.308000952376194
880,0.299913825394498
880,0.297623899929503
880,0.330010687948957
880,0.305934249534664
880,0.286744029310957
880,0.31913144399716
960,0.288384385795621
960,0.29166621572392
960,0.288408903849404
960,0.31616464733176
960,0.299712429689044
960,0.271328253925404
960,0.295377815113323
960,0.293319617908936
960,0.273636269899431
960,0.324108295056425
960,0.315435303092294
960,0.309300258866938
960,0.306792467066038
960,0.304528229540062
960,0.276203985356847
960,0.299133935290614
960,0.315169872584899
960,0.311487245152884
960,0.294669074860709
960,0.300747298338413
960,0.329075596849757
960,0.299472352067058
960,0.301335613401457
960,0.293450776138053
960,0.287026550535912
960,0.294986848430206
960,0.321605014963373
960,0.309160974548995
960,0.292551860152789
960,0.315525980200597
960,0.325370907281892
960,0.299363326383537
960,0.308231674315165
960,0.318484591187653
960,0.287858772060384
960,0.302733713058156
960,0.342289660600565
960,0.29782869319286
960,0.324445917484259
960,0.279201730464019
960,0.282096869312316
960,0.296447583297901
960,0.339160775928192
960,0.293612041956779
960,0.327671553559116
960,0.270356301915937
960,0.316573315937705
960,0.303228820206262
960,0.301172226758248
960,0.295038037066932
960,0.345014716851709
960,0.315433139800579
960,0.274544700780863
960,0.283193876908189
960,0.29523607659815
960,0.295769145773613
960,0.319774287264305
960,0.277967633678976
960,0.2992753313746
960,0.293935973350289
960,0.289352439694988
960,0.272221061986452
960,0.290584609999301
960,0.296027392217855
960,0.280513678021868
960,0.292491073420314
960,0.303753120162828
960,0.314537834734093
960,0.31085649235939
960,0.282040178880233
960,0.314479434908042
960,0.273220932571658
960,0.268755060938551
960,0.269214334906222
960,0.31440159193404
960,0.314400363998292
960,0.278194958795001
960,0.314498459799722
960,0.289533560983536
960,0.271994480980032
960,0.266825022728289
960,0.328440823851767
960,0.330325387668893
960,0.332150988271702
960,0.321903864152912
960,0.292982856694227
960,0.300582843092575
960,0.271828017373405
960,0.325110292341503
960,0.323169002030495
960,0.315760933512164
960,0.328952597404832
960,0.291701218073087
960,0.319627246661765
960,0.300754268907954
960,0.296268571716767
960,0.283328029117269
960,0.246813789629263
960,0.314274796927389
960,0.30147419809524
1040,0.323475161384114
1040,0.317028760911903
1040,0.285021858944027
1040,0.287905664832185
1040,0.31230085853092
1040,0.288001063464026
1040,0.309947106467414
1040,0.307809166292354
1040,0.29579413107632
1040,0.311949138403633
1040,0.299264999303007
1040,0.332054561647106
1040,0.310406469158757
1040,0.326465952129981
1040,0.28777279543336
1040,0.307621560542874
1040,0.289598259882951
1040,0.292832394345827
1040,0.309835516236196
1040,0.321485937625687
1040,0.291331892716797
1040,0.294217777442406
1040,0.269259338677951
1040,0.299381333996589
1040,0.288040090422528
1040,0.320116032000302
1040,0.284742978198498
1040,0.296540440978206
1040,0.288825535285247
1040,0.287773899469451
1040,0.319650702639233
1040,0.283921581895923
1040,0.284624619861452
1040,0.27163340568001
1040,0.305696354063947
1040,0.280764898954246
1040,0.26566216250974
1040,0.290422950728562
1040,0.281103672841433
1040,0.285996902724584
1040,0.295207494426015
1040,0.281094007299191
1040,0.300813682456969
1040,0.321102132986604
1040,0.320171970866033
1040,0.307928847530367
1040,0.284252562314143
1040,0.311549113544499
1040,0.310850603765923
1040,0.296079169135791
1040,0.304492560112938
1040,0.289461773179415
1040,0.322153067182747
1040,0.300329276241187
1040,0.272846995774795
1040,0.289685277132534
1040,0.309605348437256
1040,0.300234667086273
1040,0.307223870063815
1040,0.295230970226439
1040,0.324589503978034
1040,0.302618900002066
1040,0.302875445858183
1040,0.317546181121021
1040,0.323897906983339
1040,0.301423339920798
1040,0.276396393961537
1040,0.310319408427722
1040,0.305930275084074
1040,0.282317226505078
1040,0.298038731854691
1040,0.281095373644082
1040,0.276501396913643
1040,0.294155898338964
1040,0.315251201029703
1040,0.279800250566692
1040,0.303371991592039
1040,0.277751980163271
1040,0.296921604294581
1040,0.309138492846613
1040,0.279279159763225
1040,0.312457859065285
1040,0.304882787475321
1040,0.338183847430928
1040,0.285247933099275
1040,0.288439001686204
1040,0.304873529595282
1040,0.310026454767822
1040,0.299365263795585
1040,0.277935368767766
1040,0.305550763192292
1040,0.280042361196322
1040,0.320597740382618
1040,0.310236991847463
1040,0.30066835504693
1040,0.309259468809693
1040,0.311668584224609
1040,0.294046094230993
1040,0.286831778703466
1040,0.286431440320504
1120,0.278842953982355
1120,0.306542472057345
1120,0.287293813707174
1120,0.300729716441094
1120,0.299789715450092
1120,0.330637454529609
1120,0.325602586051842
1120,0.304805401512994
1120,0.309347496389679
1120,0.309080718006883
1120,0.310854347279828
1120,0.313367618818495
1120,0.291345647818326
1120,0.313012341746468
1120,0.301839489480164
1120,0.288912057332895
1120,0.322039391057049
1120,0.294856448850677
1120,0.312105866312498
1120,0.336666219646999
1120,0.284854417791261
1120,0.323754636034647
1120,0.30596652971856
1120,0.302393388736013
1120,0.31529333179513
1120,0.307345652910108
1120,0.290030590955973
1120,0.284349207788591
1120,0.28249140394298
1120,0.307383181630921
1120,0.285000053963917
1120,0.31731297569477
1120,0.342791252584292
1120,0.30596631836665
1120,0.276747428970081
1120,0.318849544276778
1120,0.29279468998138
1120,0.284301040248732
1120,0.283274449828495
1120,0.292088473974113
1120,0.30079241148227
1120,0.281208011435537
1120,0.327729877304497
1120,0.290300571508336
1120,0.324298859684917
1120,0.301577683190427
1120,0.278200327922384
1120,0.299593092817055
1120,0.307805835714778
1120,0.307129246862799
1120,0.30914486529135
1120,0.3128557493591
1120,0.323265583257776
1120,0.305218436884165
1120,0.29592109548179
1120,0.240754493078575
1120,0.254335768446138
1120,0.287428161977799
1120,0.301705872120935
1120,0.316614797854531
1120,0.292288334349796
1120,0.310404329670144
1120,0.292578974494557
1120,0.303149289374635
1120,0.320800872385106
1120,0.241038010446115
1120,0.318146270326277
1120,0.303094103023534
1120,0.327117379442723
1120,0.312552816982761
1120,0.300417173131024
1120,0.296502956778198
1120,0.297649574510403
1120,0.264871276981587
1120,0.304165244356418
1120,0.297642645438469
1120,0.249028307804737
1120,0.299921334309606
1120,0.305417058104875
1120,0.290168901229843
1120,0.328731805285502
1120,0.31712772920062
1120,0.297159148191712
1120,0.320737542570396
1120,0.318722181985741
1120,0.321058295425339
1120,0.292720632501961
1120,0.321373571056913
1120,0.301709763628449
1120,0.290047728443884
1120,0.314831355635235
1120,0.287666385659608
1120,0.2920724931271
1120,0.310269539244223
1120,0.30264343408046
1120,0.285162496605556
1120,0.315520092761211
1120,0.291151880911878
1120,0.297748835350049
1120,0.288638526697827
1200,0.310375065465519
1200,0.284212643767474
1200,0.301834980672082
1200,0.29575278150883
1200,0.307534766587182
1200,0.321920315145304
1200,0.27023913887584
1200,0.306652837463601
1200,0.316584563894929
1200,0.301441327504987
1200,0.284686571856091
1200,0.302634487505889
1200,0.29128832931967
1200,0.293352701483883
1200,0.319611587891127
1200,0.286953659799857
1200,0.304218042082063
1200,0.304844318217494
1200,0.29313916803878
1200,0.31027768181585
1200,0.31877389634004
1200,0.303535252358143
1200,0.279282327006613
1200,0.284925612850203
1200,0.299423945509211
1200,0.326353538155619
1200,0.325615099988917
1200,0.294415226550721
1200,0.254443570948314
1200,0.293866428655548
1200,0.307625531291969
1200,0.292336502772584
1200,0.325371753989014
1200,0.284584656848779
1200,0.300331826059232
1200,0.297196041630043
1200,0.290300770112234
1200,0.279777135204153
1200,0.308981444736467
1200,0.293469491145153
1200,0.298050163274379
1200,0.318473225732487
1200,0.312549413965061
1200,0.30180018137593
1200,0.297415823868036
1200,0.304838209984335
1200,0.273511984300301
1200,0.303512331582027
1200,0.320998876159088
1200,0.291223336739893
1200,0.278521595871503
1200,0.311765087652822
1200,0.293413316657925
1200,0.289600511158322
1200,0.318407690321114
1200,0.292057312837874
1200,0.300046871946973
1200,0.30412394231901
1200,0.269986384116505
1200,0.307322361749295
1200,0.274671602002468
1200,0.272509033089355
1200,0.310101120334951
1200,0.318629668316606
1200,0.305347798296008
1200,0.295635809918581
1200,0.297478436073198
1200,0.308399909021925
1200,0.284941476675663
1200,0.28621165224673
1200,0.284376677674559
1200,0.293512148471829
1200,0.275082380265509
1200,0.287961921686861
1200,0.302066786018291
1200,0.290440963240931
1200,0.297876729090216
1200,0.292146296563962
1200,0.282248006195239
1200,0.316459219053808
1200,0.275349642345605
1200,0.288167115112486
1200,0.299591344438179
1200,0.308077496946135
1200,0.310216579599215
1200,0.286693383212015
1200,0.301061896208071
1200,0.28213718789895
1200,0.295282722816391
1200,0.320686331626033
1200,0.297262766968683
1200,0.295944409378402
1200,0.283946326081302
1200,0.29789738088697
1200,0.288648591398174
1200,0.260090712836578
1200,0.279271813584443
1200,0.329347393663201
1200,0.296574001767646
1200,0.296855873727278
1280,0.281648090209819
1280,0.275971892152847
1280,0.299136890660055
1280,0.309177161969268
1280,0.315518505455233
1280,0.306015492958866
1280,0.310465268698529
1280,0.300617476766815
1280,0.31891955521173
1280,0.29663878890165
1280,0.275460271956426
1280,0.306852499589799
1280,0.261407062975799
1280,0.277376983537623
1280,0.304656010321205
1280,0.289985529930669
1280,0.292692442421365
1280,0.294109861118206
1280,0.298050736043867
1280,0.281078250585696
1280,0.30594423177037
1280,0.326760782475235
1280,0.297053458838724
1280,0.287247520948531
1280,0.312343839033815
1280,0.294989814302054
1280,0.299666838911069
1280,0.272938508591248
1280,0.326905909760986
1280,0.30792993766043
1280,0.282690781196058
1280,0.311943423897674
1280,0.342612618158336
1280,0.274511806716982
1280,0.304843598469126
1280,0.300951442883791
1280,0.288942624492243
1280,0.305038889531517
1280,0.331508215388872
1280,0.318584382237761
1280,0.303725470370153
1280,0.290523752820151
1280,0.302787920637605
1280,0.303845034728557
1280,0.319966946387107
1280,0.316402431007657
1280,0.318010862443681
1280,0.296564196200714
1280,0.275335850109283
1280,0.314023432269256
1280,0.273745617304815
1280,0.317969630760261
1280,0.305735382108817
1280,0.296193372283867
1280,0.311345264335496
1280,0.324545730260357
1280,0.29744659296602
1280,0.289984498177792
1280,0.307670178191916
1280,0.296918006784955
1280,0.311104548393419
1280,0.309483450608096
1280,0.321765901461565
1280,0.297283919835054
1280,0.294810877587006
1280,0.298708206156423
1280,0.316054911285614
1280,0.305886897365667
1280,0.276218271590194
1280,0.290183857832745
1280,0.290518016602731
1280,0.337631009509534
1280,0.311060987256772
1280,0.313668020140743
1280,0.295425374351411
1280,0.307238079421413
1280,0.305405439359241
1280,0.272292408030459
1280,0.303899786936321
1280,0.312713278850034
1280,0.294567511502103
1280,0.301169694961018
1280,0.282330498256368
1280,0.264598711798017
1280,0.305795820079841
1280,0.253889439284211
1280,0.28675685561154
1280,0.296766855828502
1280,0.306007197957681
1280,0.30797205538141
1280,0.32416979840458
1280,0.30617253956594
1280,0.319100972576985
1280,0.290102546852956
1280,0.274598663879435
1280,0.316161285448405
1280,0.290754776721407
1280,0.267933096576872
1280,0.295024491039466
1280,0.307514494889719
1360,0.304652029294522
1360,0.256228803565305
1360,0.281232925948545
1360,0.300823125719585
1360,0.298928386496112
1360,0.284682470539164
1360,0.323953907526994
1360,0.314883425671628
1360,0.297301987912169
1360,0.319274381534528
1360,0.303383189007146
1360,0.291928440524506
1360,0.291024055260114
1360,0.312547062437601
1360,0.286388833014503
1360,0.296190929888696
1360,0.309789037593187
1360,0.298801622646704
1360,0.321987617653865
1360,0.317146042888931
1360,0.311112282983306
1360,0.256782198405152
1360,0.306354534866052
1360,0.303413526305146
1360,0.30650848124453
1360,0.318509373180374
1360,0.303110049971365
1360,0.283533692447682
1360,0.278025824316397
1360,0.304929430390777
1360,0.295737304173779
1360,0.335764723283879
1360,0.306296963241846
1360,0.292962792946254
1360,0.292106028084239
1360,0.33076606175289
1360,0.313883431768748
1360,0.293435235678246
1360,0.317966228663969
1360,0.314754384528209
1360,0.295333444788139
1360,0.302756346334017
1360,0.31684096539888
1360,0.283009288740695
1360,0.287884318453922
1360,0.312556705869066
1360,0.304698997413905
1360,0.307533474311602
1360,0.295036341082819
1360,0.298785858028663
1360,0.290801518610348
1360,0.292195658043611
1360,0.280403430663591
1360,0.320981230955781
1360,0.298874876290903
1360,0.283370182455092
1360,0.294996490401315
1360,0.316998301933058
1360,0.302237215979643
1360,0.287411633316137
1360,0.291190285558184
1360,0.310264047200473
1360,0.289911916273344
1360,0.299356397749172
1360,0.31108270749518
1360,0.31266351290206
1360,0.310288608754747
1360,0.302323503526942
1360,0.302540263159818
1360,0.28990903318458
1360,0.30356188354838
1360,0.278200995057415
1360,0.31034753905861
1360,0.323165540387666
1360,0.311015721368963
1360,0.298367033944089
1360,0.288328253200028
1360,0.29513015794543
1360,0.307294046921937
1360,0.334548930147425
1360,0.311876819641881
1360,0.32491707131268
1360,0.290556646364089
1360,0.272806366493448
1360,0.297459591713476
1360,0.314606450858336
1360,0.289602112333729
1360,0.314123121285929
1360,0.266676255719552
1360,0.288300608566586
1360,0.305982951424337
1360,0.296232548287016
1360,0.292461433568532
1360,0.316225905020446
1360,0.274901873044584
1360,0.302001887714909
1360,0.326252319989475
1360,0.288298043893109
1360,0.296268178428326
1360,0.29009806703616
1440,0.319480168868573
1440,0.292735624638402
1440,0.297614060494286
1440,0.282153065598502
1440,0.310916867474901
1440,0.302341450032442
1440,0.296814891914994
1440,0.302131548322094
1440,0.312559546641058
1440,0.313311429715354
1440,0.265715943159308
1440,0.282405605602742
1440,0.339411886408225
1440,0.302029608943544
1440,0.302935949257113
1440,0.306872185460021
1440,0.313155169161921
1440,0.296177701930544
1440,0.288496750321334
1440,0.310416455335458
1440,0.292387013455051
1440,0.308944942910328
1440,0.282714092217308
1440,0.299776173530009
1440,0.277692045542212
1440,0.341243449722168
1440,0.324374885485198
1440,0.316433055815995
1440,0.2838389140247
1440,0.300142326960378
1440,0.27565280112655
1440,0.319172972960411
1440,0.300990416273063
1440,0.310696309122721
1440,0.302122868626667
1440,0.339757550937616
1440,0.317306050358575
1440,0.280803869225162
1440,0.333113384517809
1440,0.286835374762357
1440,0.293956369705669
1440,0.31717825385073
1440,0.297697341687531
1440,0.294651092673816
1440,0.288494795115833
1440,0.320518878701782
1440,0.284461838217452
1440,0.338568046964199
1440,0.325710618876239
1440,0.268029396994456
1440,0.266165051294427
1440,0.282910031932962
1440,0.284589394388564
1440,0.299295857307061
1440,0.303481368386747
1440,0.301308756949285
1440,0.317893359198147
1440,0.302053199740508
1440,0.302027161186247
1440,0.298387584159956
1440,0.302806250767613
1440,0.316864771854897
1440,0.303477680293003
1440,0.286152002282759
1440,0.295470125749086
1440,0.261004506722981
1440,0.2778180778078
1440,0.314945944585658
1440,0.31911134577436
1440,0.288874005992123
1440,0.281330327909047
1440,0.299508360824912
1440,0.309225764999999
1440,0.27163573419937
1440,0.305832979795197
1440,0.31120212601984
1440,0.295017946341828
1440,0.309588540240205
1440,0.293098562693884
1440,0.275136289082058
1440,0.307059761500765
1440,0.287136232180477
1440,0.324449093979202
1440,0.266732728749317
1440,0.311473927721558
1440,0.301087168597187
1440,0.294486732635482
1440,0.301400946804851
1440,0.310000294589905
1440,0.322490171602367
1440,0.317035632924975
1440,0.293594747713497
1440,0.312833922861902
1440,0.320276218199267
1440,0.289296482732614
1440,0.290414922237284
1440,0.317827242980594
1440,0.293564595101516
1440,0.315449938641975
1440,0.275272750836683
