20,0.0824473919805246
20,-0.0329321142760539
20,0.0245743284051306
20,0.0871701839791262
20,0.023723157965491
20,0.0948412239977744
20,-0.0352460031387852
20,0.0820273856415832
20,-0.0271755979524796
20,-0.0171070052686465
20,0.0308565219197685
20,0.0978685541583079
20,0.094464894519004
20,0.108880284154065
20,0.0990825336727754
20,0.0151562020592679
20,0.0230942205493905
20,-0.0280055028572308
20,-0.0760097800662845
20,0.141972182962128
20,0.107552500151243
20,0.0119966249589453
20,0.0813981629503878
20,0.0736280618377412
20,-0.089435572716942
20,0.01617996140524
20,0.00396857498697989
20,-0.043078588688077
20,-0.00468812885572923
20,0.0759595022071749
20,0.0435276725907114
20,0.0266731285170456
20,0.0518751462878836
20,0.0596328210613469
20,0.0545327433384554
20,0.0392915834084268
20,0.0377456346142181
20,0.0547600360922114
20,-0.0123574731434419
20,-0.0084614937943008
20,0.10539419381881
20,0.133549114369421
20,0.00114454707596119
20,0.0557875358202368
20,-0.0269288283089457
20,0.0431017743916942
20,0.0843853530938111
20,-0.0114461359349862
20,0.0918475955923176
20,0.0395799424837236
20,-0.0250727285355797
20,0.0654446917942093
20,-0.0125292833349304
20,0.0458355091186217
20,0.0772794998638939
20,0.0167032205737797
20,-0.0282066966663222
20,-0.0368967770061078
20,-0.101373597356142
20,0.0377988614087904
20,0.115371618102032
20,0.00437745765273297
20,0.014169743541653
20,-0.0331106319007165
20,-0.00112993221993832
20,0.104270522728632
20,0.0590068703263197
20,0.0935682301571417
20,0.0456191078917276
20,-0.00277359584220547
20,0.0516116511167353
20,0.0527813282811226
20,0.0415378115084267
20,-0.0359423146169653
20,0.0921724591955169
20,0.0673614112608372
20,0.0610409874475826
20,0.0725407985378086
20,0.0458399406296075
20,0.0971122139251703
20,0.00730256178942605
20,0.0988433179176728
20,6.42254084369903e-05
20,0.10301022309968
20,0.150149730901189
20,0.183655813667189
20,0.0622073752480247
20,-0.00771721982327388
20,0.0436927473762788
20,0.0252596564446903
20,-0.0579947921530618
20,0.0424080439334676
20,-0.0261185995426449
20,0.0351931601697705
20,0.0842882794377048
20,0.0766335668613075
20,-0.019616403255377
20,-0.0858740884543956
20,-0.0970258087172846
20,0.0226287272146303
40,0.0518906424671241
40,0.0799641850960923
40,0.0571299524004195
40,0.0681608091802928
40,0.0949195489805802
40,0.0954656602488994
40,0.104535675338115
40,0.0552231653598605
40,0.0289478585832726
40,0.017329696935028
40,0.110048571784877
40,0.0083527254798953
40,0.0548072124554284
40,0.0436341566696116
40,0.0219443149186704
40,-0.00688431955834443
40,-0.000644467341449307
40,-0.0626634963293865
40,0.117894915819727
40,0.00208808999359459
40,0.0582611137614536
40,0.110975902350322
40,0.0531693085133785
40,0.035723822631979
40,0.0074645288068999
40,0.0517787559763548
40,0.0806326222703396
40,0.0169854827189843
40,0.0701255869256623
40,0.132154332841395
40,0.110901189070431
40,0.00560352028341547
40,0.0423993934619594
40,-0.0612135958298774
40,0.114024148396219
40,0.0498329863866672
40,0.0780912536222326
40,0.121697383698097
40,0.118898133954083
40,0.0539757553096489
40,0.0787472557982482
40,0.081803495470305
40,0.0436616850065211
40,0.0330843916978257
40,0.0441463099324571
40,0.0108298108552804
40,0.0288729573322798
40,0.0420037684687322
40,0.0896615089517511
40,0.0806107811954908
40,0.041479849814494
40,0.0360724994807261
40,-0.0125049240520461
40,0.0449071989840824
40,0.0923049886162871
40,0.0816569518075529
40,0.00649999395604665
40,0.0426981863108206
40,0.139729990450827
40,0.0664493371930702
40,0.0899117024244167
40,0.00540164448834377
40,0.0392760572259146
40,0.0360391007525827
40,0.00427456609347616
40,0.0642774220829676
40,0.127900189011314
40,0.0914963587498068
40,0.0582204138781415
40,0.0306782746617792
40,0.0359575216449392
40,-0.0435017448894523
40,0.0929930730654155
40,0.0543324946655713
40,0.0695211924714238
40,0.118777290807073
40,0.0524991096843139
40,0.0163797700720673
40,0.0651965891292635
40,0.0681710253871402
40,0.0271258064170778
40,0.035585695607965
40,0.0960178022195996
40,-0.0111433276437889
40,0.00587431385186766
40,0.0176229419681493
40,0.0737000991833219
40,-0.0454321676710122
40,0.0458586758863793
40,0.0815653065021706
40,-0.00895548703733622
40,0.0534393358698241
40,0.00683028621617686
40,0.0641912131523395
40,0.0570739270044365
40,-0.00460255023576498
40,0.0237184442463205
40,-0.0148950123888658
40,0.10557946019319
40,0.0761934950279851
60,0.0407927667607729
60,0.0469432004021616
60,-0.0072376453979807
60,0.00921502563479682
60,0.00451581529503192
60,0.0784373356682429
60,0.106774100160013
60,0.0913203530804481
60,0.0185775547025758
60,0.028754767835238
60,0.098536331000645
60,0.0471144857727986
60,0.0589852682459446
60,0.0199762944283684
60,-0.00271149018685115
60,0.0904323827286695
60,0.0892239514683186
60,0.0568950674471997
60,0.0177800903486872
60,0.0693178573788606
60,0.0916333462932628
60,0.0354744558524184
60,0.0730996503908808
60,0.036277069518384
60,-0.00197374300833265
60,0.108779137902459
60,0.0843499543574071
60,0.00464466473832713
60,0.082368182376419
60,0.0727210022687836
60,0.0257320080681585
60,0.0101556897546125
60,0.0108416647590116
60,0.0871830713151689
60,0.00662686968519451
60,0.0288995325564027
60,0.108132651289242
60,0.0637022493701956
60,0.0676386329686803
60,-0.00730937528956435
60,0.0580802331155561
60,0.143388448181909
60,0.0143506537704885
60,0.0474795927901442
60,0.0699672409931891
60,-0.0068988262290108
60,0.0480242352248456
60,0.0630400049034829
60,0.132890250035659
60,0.0782268318229174
60,0.0990810227907
60,0.0446234868127096
60,0.0926461994176088
60,0.0166662520564276
60,0.0430290125487866
60,0.126965800415444
60,0.0808961922129292
60,-0.0252575081970671
60,0.0697141579496627
60,0.0994607164796695
60,0.0763514713289875
60,0.0239152970125557
60,0.0650696423975874
60,0.0233719216290345
60,0.0910884469883753
60,0.0536879168621506
60,-0.0157391534916759
60,0.0402002468332315
60,0.0793215215903273
60,0.0564041126302893
60,0.0133828842024554
60,0.0800163925011515
60,0.0301071594492394
60,-0.00694117240780557
60,0.0953031015775257
60,-0.0430524153335156
60,0.0266760289498429
60,0.133243697096515
60,0.0469547676918824
60,0.100581900181996
60,0.0547919280969374
60,0.041684092995844
60,0.0259311738733933
60,-0.00652814611403821
60,0.0850035421666427
60,0.0451490385404545
60,0.0712026208077099
60,0.0791571959169075
60,0.071831948062529
60,-0.0146262407965422
60,0.00139304059564276
60,-0.0584224742299411
60,0.0428917273140636
60,0.150712913111569
60,0.0174415123936249
60,0.0115088263557813
60,-0.00320945601327746
60,0.0332314862257581
60,0.0596587286743461
60,0.102587831476767
80,0.0462926374415333
80,0.028138325173742
80,0.0749503197409024
80,0.0357484268397596
80,0.0609544873007045
80,0.036464047966895
80,0.134930140350937
80,0.0608728195670146
80,0.107565762936081
80,0.0173992271279601
80,0.0709091509181914
80,0.0688479827138901
80,0.0718693537765572
80,0.0201123911692743
80,0.0211379304919512
80,0.0680916386917343
80,0.0738946137535675
80,0.129016392195017
80,0.0600407856210098
80,0.00778251643375557
80,0.0286395086319624
80,0.0369507447498217
80,0.0703546692741301
80,0.0699713345809452
80,0.108141732934502
80,0.0701070341292637
80,0.0337520268086654
80,0.0635237161089644
80,0.07011857398834
80,0.106505977790841
80,0.0400704057081116
80,0.0449912169319122
80,0.0198620109730838
80,0.0872211539879019
80,0.0854810432748672
80,0.0740473106592603
80,0.0461272835370929
80,0.0925082319428469
80,0.0812797585354995
80,0.0057923686465917
80,0.0182979135726557
80,0.0652150664149884
80,0.0366356884727865
80,0.0131772423390502
80,-0.0164833416743433
80,0.0158059368107677
80,0.0784917323130323
80,0.0400662007128498
80,0.0255831466700093
80,0.033693973584771
80,0.0943010839661756
80,0.0785714170983229
80,0.0772629127318843
80,0.04955236000764
80,0.0569117039962587
80,0.0826603981673864
80,0.0890624444633651
80,0.0489307488310165
80,0.043315593779358
80,-0.00196613275768763
80,0.0562618183227342
80,0.0186393468671172
80,0.0305709453615449
80,0.0911941404056747
80,-0.0208902844953567
80,0.0456151485674269
80,0.119920014167584
80,-0.00127373661271875
80,0.0689224148571322
80,0.0556335982517137
80,0.0200902324487162
80,0.101349471754962
80,0.0751213655408168
80,0.0741745639142876
80,0.0305116436430194
80,0.043799460035936
80,-0.0527851381309411
80,0.0722630513999157
80,0.110089327169556
80,0.0404521082166817
80,0.0168551133806895
80,0.0109419507107962
80,0.0419372722682782
80,0.0182228341685268
80,0.0465145326722712
80,0.0889328586943163
80,0.112555922138539
80,0.100207372945092
80,0.046047697868417
80,0.0593419428027584
80,0.0890206119913434
80,0.0069179218910825
80,0.0178193385110902
80,0.0830840981843877
80,0.0654989964438861
80,0.0973882104282974
80,0.0535160472128804
80,0.0813512137285984
80,0.0737607159714071
80,0.0667250730829729
100,0.0123229211270995
100,0.0289261329699085
100,0.107040091280557
100,0.0244878060798836
100,0.0501664117513222
100,0.0240837923335972
100,0.0501241876994262
100,0.0619602361411931
100,0.078970277066147
100,0.0308679548533071
100,0.146393520591323
100,0.0789761374232066
100,0.0184550242615358
100,0.0835368718286096
100,0.0706023353660113
100,0.0434224329326423
100,0.0530221768464308
100,0.0427614815253429
100,0.0323637433691037
100,0.138906334742414
100,0.117415390587139
100,0.0453586410093874
100,0.0410520762467707
100,0.0469745686660759
100,-0.0225491520610375
100,0.0909406737886389
100,0.0639739687588741
100,0.0981688116386802
100,0.0549543880856563
100,0.0929277747216373
100,0.00504277796454762
100,0.101071441999475
100,0.0961081992115009
100,0.0459993281680465
100,0.110111525588125
100,0.0683585754337977
100,0.118857050983497
100,0.0448724936867278
100,0.0396777755571478
100,0.13949977798333
100,0.024239806137483
100,0.0802303343121102
100,0.0871650563661139
100,0.114745059969625
100,0.0174957366373232
100,0.0927369953312968
100,0.0679423755362017
100,0.0422782259677466
100,0.00365635707579074
100,0.102778369646056
100,0.026615836108264
100,0.0748901440860495
100,0.0707766103223798
100,0.0679670605065733
100,0.0820488511712283
100,0.106102720652828
100,0.00605724057522638
100,-0.00106292844924593
100,0.0550789911589443
100,0.0512730839285013
100,0.0780880128008237
100,0.0605376183892758
100,-0.0194233997576305
100,0.114641786797533
100,0.0488633117351076
100,0.0617171914220176
100,0.0575079430509867
100,0.0923146436906779
100,0.0647850191824913
100,-0.0253691825761734
100,0.0373817702261286
100,0.0896171757939266
100,0.0818214969153415
100,0.0533254865771545
100,-0.0014992624637331
100,0.0774797510124802
100,0.0997309044728372
100,-0.0545365433150153
100,0.0774664609549376
100,0.0707957984262617
100,0.0614481790343773
100,0.10641853066436
100,0.0516593027916573
100,0.0921937034786026
100,0.133163291087958
100,0.0416239596969364
100,-0.00415896845374175
100,0.0529571953936688
100,0.0768018841299381
100,0.0906230774359605
100,0.128460482534854
100,0.0953849640472061
100,0.098034632855499
100,0.00107355555764285
100,0.0526123797008256
100,0.0680700811266529
100,0.051900398637414
100,0.0225694513717423
100,0.0415541073965059
100,0.0559592102985077
120,0.0647308452155794
120,0.0575729767169747
120,0.0445322817615912
120,0.0784305969421564
120,0.000248282177118538
120,0.0304829884436486
120,-0.00377334517142574
120,0.0313716169755851
120,0.0779176489861844
120,0.0659476368476229
120,-0.0172031723849233
120,0.0822362742582625
120,0.0418791368784285
120,0.0115848107504966
120,0.0778999805568237
120,0.0642813813575468
120,0.112961342294155
120,0.0918978386919335
120,0.068963717008709
120,0.0255202905970793
120,0.0367329799504681
120,0.0566397938269685
120,0.0706034869616951
120,-0.000493490778108039
120,0.121649046945264
120,0.0629413392701662
120,0.062613457362169
120,0.0639132017972447
120,0.0737221520647341
120,0.0617664999345063
120,0.014734100009671
120,0.0517731516048149
120,0.00154518802037695
120,0.0410400382917798
120,0.083334043293325
120,0.0179331879586764
120,0.0786708522629621
120,0.0319669724015533
120,0.0538408809622698
120,0.0808301677060274
120,-0.00308930608244557
120,0.0329830390619921
120,0.0572255120915934
120,0.0942259753428485
120,0.0399162451563256
120,0.0922849532217654
120,0.0383537233582029
120,0.0511880072719312
120,0.00224359264066683
120,0.0206582450620718
120,0.0593926496164865
120,0.0899309146505456
120,0.0654698763083641
120,0.0770719888924491
120,0.0470252423779296
120,0.0511286415405997
120,0.0185805718600259
120,0.028079448663386
120,0.0196326654385328
120,0.103930849050119
120,0.104716709068122
120,0.0273303436703141
120,0.0527142543182067
120,0.079192744724109
120,0.0753898946519701
120,0.0591573038000826
120,0.0780968989925268
120,-0.00338651714564
120,0.00313046517748781
120,0.0144000295850191
120,0.0732998607460119
120,0.0492646229697268
120,0.0534559480647962
120,0.115653483309283
120,0.0474953315545285
120,0.0606900272824657
120,0.0581789999881639
120,0.0913493239798158
120,0.0257809625867253
120,0.0405358911400297
120,0.0354302436205767
120,0.0315216360400332
120,-0.00580813008344422
120,0.0471990354270353
120,0.0666514294411636
120,0.0595215294118335
120,0.111763107084388
120,0.0793559470100913
120,0.0499531657304213
120,0.0867609923296489
120,0.0506240915173964
120,0.0308418980547887
120,-0.000224264387093786
120,0.0408753052032743
120,0.0449512398265672
120,0.00979516078075115
120,0.0537285520582233
120,0.0595633637201946
120,0.0873062326837951
120,0.090297370871575
140,0.0270616730774414
140,0.0940058567285312
140,0.00567005947601895
140,-0.00986720048529546
140,0.0925983556121631
140,-0.00500552951075457
140,0.0664381584497667
140,0.0306807100837598
140,0.0150348255249013
140,0.0423675303175047
140,0.0158249114339996
140,0.0721581605571242
140,-0.00670451957815044
140,0.051090399362257
140,0.00299659676360973
140,0.100051992889773
140,0.0383797532248429
140,0.100048043764859
140,0.0592174889348727
140,0.0422034390731655
140,0.0691293902219168
140,0.0461053701298159
140,0.0268204306195737
140,0.0564469935025785
140,0.0318223981881135
140,0.0344665573047958
140,0.0240711157753694
140,-0.0297035303299453
140,0.0591905086119327
140,0.0342314545291849
140,0.0920533904002747
140,0.0696185767145196
140,0.106630168345442
140,0.0565253359367359
140,0.0767742284429657
140,0.0578110781180667
140,-0.0365778057208132
140,0.0238446383312976
140,-0.0159714615291428
140,0.0320678821102378
140,0.03308673214182
140,0.0611167250301634
140,0.00924854379515588
140,0.0801892800845285
140,0.00772494279225014
140,0.0272427034603433
140,-0.0239755451317393
140,0.0554135406362103
140,0.0363368218999714
140,0.0760179437785021
140,-0.000880918015268743
140,0.117160909068726
140,0.00891070803239286
140,0.102556751453704
140,0.0519317188667427
140,0.111644721686708
140,0.0505243978500699
140,0.00596567455341511
140,0.0740796810168664
140,0.0742363775539695
140,0.0681929787388513
140,0.0520580631275782
140,0.0499396102635824
140,0.00356471960933888
140,-0.0266391438326316
140,0.0947818090948556
140,0.0625508723446626
140,0.0240447797636759
140,0.00300795182019249
140,0.0228322654132905
140,0.0396169018587746
140,0.0332328288200699
140,0.0579898541675006
140,0.0828386297267773
140,0.0682275437082342
140,0.0563260837934612
140,0.106301925634242
140,0.00648944483774359
140,0.0235900278828263
140,0.0578958337758645
140,0.0590981554658714
140,0.0777336373231733
140,0.00431893920032565
140,0.073086113920439
140,0.0496670996706395
140,0.100084108774181
140,0.0230624459515732
140,-0.032677037740566
140,-0.00584642108855329
140,0.0923940548510434
140,0.0451185924963289
140,0.031036556759726
140,0.00786772655177971
140,0.000162713939005367
140,0.0411975935147497
140,0.0999053642590561
140,0.00452895870943451
140,0.068194581295923
140,0.0619586237876908
140,0.0172198366726476
160,0.0323014348607779
160,0.0839091771314873
160,0.0551873337208153
160,0.00220090352047813
160,0.0423060041297913
160,0.0993652503701644
160,0.0216299961428318
160,0.0678022184239745
160,0.05174764114807
160,0.069613603938282
160,0.0572954830878635
160,0.0372574622655147
160,0.106640962017061
160,0.070627175624015
160,0.0102932052352123
160,0.0643792782981829
160,0.0111318330830299
160,0.0564157024802515
160,0.000989020079758373
160,0.0298318945906801
160,0.0662222237599099
160,0.0435330081059245
160,0.101441849499534
160,0.0211778244726328
160,-0.0103442155420632
160,0.00174682588795285
160,0.0614116096749453
160,0.0369924507595459
160,0.0247374445491485
160,-0.0577333770366266
160,0.0384268576288598
160,0.0114476056845455
160,0.0365286521486656
160,0.0761584888330263
160,0.0456038014637225
160,0.0237689673454858
160,0.0884511421229824
160,0.0309815067199359
160,0.0589797397768995
160,0.0490938728416814
160,0.0350472602527393
160,0.0548307005260622
160,0.0925017798606119
160,0.0540452268867405
160,0.015971571489565
160,0.0628440455168583
160,0.0455100753276486
160,0.0437315289693549
160,0.0152228821138249
160,0.0778155230719507
160,0.0428849765219436
160,0.0462270454851581
160,0.0988290985192252
160,0.0619737131355729
160,0.118459102140837
160,-0.0146580804101161
160,0.0233059902696694
160,0.0675315069734293
160,0.0779159091875734
160,0.116599896999011
160,0.151422929640462
160,0.0331202796153376
160,0.0255048140964434
160,0.0870305624905399
160,0.0753471760933757
160,0.144298635058471
160,0.0552005070327665
160,0.0405039895721706
160,0.106386677840752
160,0.100383802010303
160,0.0729178190391302
160,0.0856989227305179
160,0.0587385782630824
160,-0.0375800448004093
160,0.0307881818673214
160,0.0905256841440939
160,0.0537073262554912
160,0.047716506240377
160,0.0152707805816603
160,0.0417425691228915
160,0.0301389486837825
160,0.102742947671993
160,0.0531621974149101
160,0.0206971646588804
160,0.0801757137053574
160,0.0633869391113534
160,0.0210598612930291
160,0.0617685187219363
160,0.0710500015392669
160,0.0580921430764698
160,0.0592166315312988
160,0.060744158846055
160,0.0805213140261263
160,0.0189054357072863
160,0.0508283126363903
160,-0.00907410019573922
160,0.0684014263599182
160,0.0362987172077398
160,0.051987849503439
160,0.00208647060745294
180,0.0591562796404105
180,0.0477030114868344
180,0.0385403005305201
180,0.0782097772412252
180,0.00463032139660121
180,0.0585567837075294
180,0.0849064172712423
180,0.076450413757859
180,0.113775754684967
180,0.08093652772217
180,0.0557856824126108
180,0.0360712526669267
180,0.0540991781967006
180,0.0449904953879313
180,0.068564429887021
180,0.111526323831143
180,0.0460245132791229
180,-0.00367989933404743
180,0.0348401093259939
180,0.0870002987685441
180,0.0482788080677461
180,0.0162061098503037
180,0.043574775420713
180,0.0437040311855142
180,0.0579275415899237
180,0.128710747961914
180,0.0419498163020877
180,0.0625902421552677
180,-0.0326394068998142
180,0.0175800031655771
180,0.0267408327976455
180,0.0597834426607647
180,0.0665114777318062
180,0.034044463661209
180,0.0849490381413843
180,0.0852777310030508
180,0.0947526020517448
180,0.063784857798946
180,0.00902026663127031
180,0.0408209963398298
180,0.0501895122892719
180,0.068608193420894
180,0.0882499687051163
180,0.0233346442842325
180,0.115922814938751
180,0.0610086615668804
180,0.0613520081182244
180,0.0999497406616915
180,0.0156949123399835
180,0.0370102701183256
180,0.0286528986287649
180,0.119626802110812
180,0.0564426455128678
180,0.0457206132983112
180,0.00771472740605415
180,0.0727343568291813
180,0.148490738795067
180,0.0237439340805379
180,0.0896346063141679
180,0.00641767323681423
180,-0.0113615487948986
180,0.0222462806255037
180,0.0740448178122794
180,-0.0341056431789726
180,0.0803155124796433
180,0.0694276381997399
180,0.0846585284905519
180,0.00137316193994693
180,-0.0231255521347289
180,0.0706021678693976
180,0.00830735490648502
180,0.131399400908075
180,0.103524689812264
180,0.00207767870191506
180,0.0571346180650562
180,0.0722521663393804
180,0.0179709941524749
180,0.0698795508711274
180,0.118920035525663
180,-0.00433160441000384
180,0.0133576870240241
180,0.0115091074399893
180,0.0612023869834494
180,0.0962760322554866
180,0.0354555335212798
180,0.00680664003997371
180,0.083920173403232
180,0.0768510169266777
180,0.0691471183327097
180,0.0474314337913062
180,0.0702734679608347
180,0.0751345229725596
180,0.0597988102669668
180,0.0445130066714936
180,0.040737918096676
180,0.0307804019144479
180,0.0598073011328894
180,0.0313148725706346
180,0.0497292370504403
180,0.0450025619260845
200,0.0564036495524956
200,0.0463223774574127
200,0.0572024926379287
200,0.0136247647971833
200,0.0905336406993886
200,0.0633816456539022
200,0.0448764728996597
200,0.0347694251936194
200,0.0337510980024393
200,0.0910127923869285
200,0.0316674629714147
200,0.0273979382271578
200,0.0792956882488292
200,0.0688251385623359
200,0.00162811262110685
200,0.0658538162144061
200,0.128702617087503
200,0.0444425121193169
200,0.0807022211147806
200,0.0575685064257747
200,0.0604385581531285
200,0.105968139370675
200,0.0590580602707204
200,0.0481062256548516
200,0.0576702681774764
200,0.043582787419471
200,0.102733468127338
200,0.0777218363690399
200,0.0700476898087271
200,0.0383038414478541
200,0.0890799902557714
200,0.0756669510125376
200,0.124173281254476
200,0.105297567678699
200,0.0660040845987593
200,0.0852842728695913
200,0.0676316272306002
200,0.00491432276467714
200,0.0332495253262686
200,0.123408712009477
200,-0.00635782628830295
200,0.0286276324158351
200,0.0640645228806417
200,0.0177329464905474
200,0.0726386465886172
200,0.0702329500524628
200,0.0112898351528929
200,0.0415507167041395
200,0.0703079445968343
200,0.0689464864399082
200,0.06162248170235
200,0.0311713388138438
200,0.0751515595573486
200,0.0575300290923644
200,0.0898384882938267
200,-0.00107069883073698
200,0.0324761674964355
200,0.0233395142242598
200,0.0564494023679017
200,0.0710972476984017
200,0.0571398480355035
200,0.0558432652169554
200,0.0728647146488621
200,0.0144150107540855
200,0.0373232935510414
200,0.00434699058598662
200,0.0706837705325635
200,0.0176065601709351
200,0.0345574885430513
200,0.0903174648619216
200,0.0297087887632118
200,0.0420448468857689
200,0.074573370097068
200,-0.0150134926783956
200,0.0551988868891011
200,0.0197415977861325
200,0.0860554894234676
200,0.0426564079722598
200,0.0185968325756311
200,0.0351907846134822
200,0.0563499509016812
200,0.0209363522890006
200,0.0601514394548784
200,0.0576267030103692
200,0.0697453085613766
200,0.0816202185999508
200,0.0394880408269671
200,0.085354128719597
200,0.0584108005329592
200,0.0873635759831307
200,0.058255040144245
200,0.0380341579071623
200,0.0594808313504171
200,0.120439660002734
200,0.0539339482325741
200,0.090073920498117
200,-0.0223459630499539
200,0.0212607928565034
200,0.0419903472979446
200,0.0481559848655626
220,0.0967310158152263
220,0.0895828737153153
220,0.0552218880776124
220,-0.0158683054618049
220,0.0937208597451356
220,0.112464723816817
220,0.018115775197284
220,0.0225448846070225
220,0.0264587932363067
220,0.0644342016266339
220,0.0623324018453175
220,0.00823931562463021
220,0.0310683640580433
220,0.00367839624640764
220,0.0181006158417555
220,0.0519159226189116
220,0.116447428974728
220,0.0554056525375025
220,0.0457817072368722
220,0.132941042834673
220,0.041162215957933
220,0.0622451176714984
220,-0.00559251465114005
220,0.0505976348649722
220,-0.00632481498944986
220,0.0663075797349524
220,0.105623238586465
220,0.0934021189821846
220,0.0867574412457308
220,0.0446925839159274
220,0.00135750770137355
220,0.0551403545472118
220,0.0169263187628808
220,0.0455654074560593
220,0.101645731168834
220,0.0248840032131027
220,-0.00687598192910393
220,0.0236830243037518
220,0.0262661162213779
220,0.0348320638573112
220,0.0550888307550404
220,0.141554789278428
220,0.0383548183141903
220,0.0477230279240704
220,0.085347661634534
220,0.0634565208339223
220,0.0490598797035969
220,-0.121473164584233
220,-0.0142107665802996
220,0.0214089598429224
220,0.0296588407833613
220,0.0558419169225657
220,0.0996645322204826
220,0.0295624184264604
220,0.0149461592088764
220,0.0476569431940476
220,0.00805179398015697
220,0.0355644997146407
220,0.0411450986643258
220,0.0388321087238779
220,0.0096052562636286
220,0.0317350013184485
220,0.0847344033031813
220,-0.0184865154916147
220,0.0283126114752772
220,0.0469943163076966
220,0.0184492292525246
220,0.0374801495592074
220,0.0914973835248606
220,0.0414105819881712
220,0.0386453921954152
220,0.0425513103394532
220,0.0248000495333874
220,0.067452963650551
220,0.0774271840900981
220,0.0240143144427475
220,0.065872747874268
220,0.0103062397795095
220,0.0613923028024188
220,0.0717689494380456
220,0.0476439366431771
220,0.0552939559348878
220,0.0792927292066077
220,0.0166024020293322
220,0.0792310137444032
220,0.0665644004484366
220,0.0439260496844703
220,0.0348030317073452
220,0.0378253611831979
220,0.117502658896242
220,0.0345196294220467
220,0.0496923525340835
220,0.000817755639471534
220,0.0578902786755167
220,0.0255708239293654
220,0.0974235824838138
220,0.116193328396751
220,0.044911607272762
220,0.0725861898243881
220,0.100518616983338
240,0.0664944380196116
240,0.090244860912078
240,0.0529182424378527
240,0.09155208146894
240,-0.0140934947753255
240,0.135060749916251
240,0.0660458024499097
240,0.0148484521933062
240,0.039070225826023
240,0.0723786868608824
240,0.0324503188050411
240,0.0221379778865585
240,0.03959583809796
240,0.0700441107217463
240,0.0819233763079588
240,0.0770970813525284
240,0.112813197427379
240,0.0489879455338732
240,-0.00310940362074085
240,0.067820116512821
240,0.106234897940634
240,0.0776968050559215
240,0.118482826516427
240,0.00559359606586469
240,0.00720331303461795
240,0.0245593680953247
240,0.0380763542001381
240,0.0409127991470499
240,0.11382191034918
240,0.0222457622251106
240,0.0461671058968541
240,0.0561232334593667
240,0.0268091933453916
240,0.0623678250333261
240,0.0527228084574013
240,0.093440529772182
240,0.00495541111071129
240,0.0627202441985003
240,0.0436594349169588
240,0.040916296734225
240,0.0810335605263382
240,0.0124060795583238
240,0.0510982694741496
240,0.030758429145868
240,0.0536839616475709
240,0.0596874921262078
240,0.0158581789575791
240,0.0450516552090572
240,0.011488833475758
240,0.0570973368198432
240,0.0608817476832988
240,0.0952366743709257
240,0.0356543600062928
240,0.0539739486632521
240,-0.0416827665953498
240,0.0947337847054344
240,0.0275981626636596
240,0.0616777073613396
240,0.0491359023621677
240,0.0291842987448362
240,0.0728800784575852
240,0.0770756242895682
240,-0.0122774064837727
240,0.0497503588863374
240,0.0390719078584664
240,-0.000810457649880189
240,0.0549759515382478
240,0.0363142241744458
240,0.0666246544801494
240,0.0649229494394212
240,0.0619538857171858
240,0.0460317471735746
240,0.0179992479088973
240,-0.00923506471451156
240,0.0538950860416733
240,0.0826268175137456
240,0.0681190525014192
240,0.0750409495980768
240,0.0251150648288258
240,0.0362395895164859
240,0.0316487997665457
240,0.0813948420797928
240,0.0786188254380201
240,0.0993501333336654
240,0.0208988917685936
240,0.043525291293333
240,0.0801708631631339
240,0.0652920791744734
240,0.104764485295042
240,0.0089604005143109
240,0.0582532133741567
240,0.0569665560503258
240,0.0276858555990904
240,0.059385765670567
240,0.0569140281773991
240,0.0183177782785743
240,0.0781878252138461
240,0.0750013856800845
240,0.0680672897305679
240,0.0763650041480872
260,0.0145888325250209
260,0.0831812107183455
260,0.0617307930911606
260,0.00531956627862409
260,0.0763990070903331
260,0.0527616407414351
260,0.0379855494736746
260,0.022929546835286
260,0.0587659347255134
260,0.104005702026806
260,0.0225052367351117
260,0.0369567743617411
260,0.0833328288435077
260,0.0781068635644369
260,0.0795445093989422
260,0.0904311233182542
260,-6.54798317285606e-05
260,0.0316068234489326
260,0.0371751827887928
260,0.0322764642504829
260,0.043340085259363
260,0.0673801917272111
260,-0.0282822118964829
260,0.00689025553374921
260,0.00229190186548274
260,0.0315538231318228
260,0.0464608208825375
260,0.00440084931044324
260,0.0364834744288449
260,0.0621838821973047
260,-0.0147300002336497
260,0.0193032626959988
260,0.103660577959502
260,0.0533361627117307
260,0.0659743193705919
260,-0.00218001750611648
260,0.0389116623432786
260,0.0495345331353005
260,0.0489619521439405
260,0.0577780210728744
260,0.0633797390682724
260,0.0528885061175491
260,0.0662395589414836
260,0.0844249033802993
260,0.0202944337143957
260,0.0868746624071094
260,0.0483378088040563
260,0.100276277110666
260,0.0563323630182758
260,-0.0155257318847394
260,0.0606854562970562
260,0.0598030762256823
260,0.0111231460015607
260,0.0888657589757115
260,0.072832113445802
260,0.0908002974009198
260,0.028712805730983
260,0.0576990472214436
260,0.0660400141304936
260,0.0842537358717999
260,0.0862421923541919
260,0.0358165053497856
260,0.000356862362623447
260,0.0492839379439585
260,0.106339405967132
260,0.0367085072489863
260,0.040661740516295
260,0.058372094575039
260,0.120800224976603
260,0.065127305894038
260,-0.00297735796369998
260,0.118494937115103
260,0.0649304965702445
260,0.0171441450908577
260,0.0697475908481551
260,0.0305937400223974
260,0.0381639394831098
260,0.0613852220376648
260,0.0408861711766139
260,0.0623649124550392
260,0.0561729324419651
260,0.0677510121115894
260,0.0633664094845314
260,0.0546571860514585
260,0.0133181739163602
260,0.096411164593312
260,0.0807236456252671
260,0.0639832336940556
260,0.0545502840408873
260,0.0742589569883043
260,0.0741456037264931
260,0.0545372046065303
260,0.0513076211281425
260,0.0398081201575567
260,0.0766306627642439
260,0.0213236106306839
260,0.0886664497776796
260,-0.0596682247536468
260,0.0570686283458815
260,-0.0361957062120032
280,0.0627507490227768
280,0.00531044222587821
280,0.0597601316645296
280,0.0717081318765141
280,0.0602246031192211
280,-0.0035045006182256
280,0.0652723324539086
280,0.0311416325529687
280,0.018938693403663
280,0.0545801284984573
280,0.0426193602845812
280,-0.00288995618481611
280,0.00644924654833201
280,0.0481819153542221
280,0.0233652526497563
280,-0.0108015759959795
280,0.014640412086691
280,0.0413029385667163
280,0.00956512345024718
280,0.0507968938963436
280,0.0700254657292578
280,0.0477292875544889
280,0.0161950204739228
280,0.0517562410291184
280,0.0679374464305428
280,0.0243195375774358
280,0.0285589686698929
280,0.0685676336273823
280,0.0822779562857316
280,0.0226968414407369
280,0.0561847534956611
280,0.0649174445885267
280,0.0884853380899312
280,0.0606078929309262
280,0.0861875090005999
280,0.0030020806947872
280,0.00698120017448354
280,0.105928573975651
280,0.0221480123885284
280,-0.0382299785961008
280,0.0712631592780513
280,0.0363718097977407
280,0.095787562665666
280,0.0363296359229022
280,-0.0105705453353467
280,0.0795866808846015
280,0.0736179868636124
280,0.0371048515730402
280,0.0286434699135797
280,-0.0101656247908035
280,0.0352653824135723
280,0.066959648556617
280,0.0121669560135869
280,-0.0402794466489905
280,0.0531269020474492
280,0.0394769110435989
280,0.0901938007677879
280,0.0307330138922318
280,0.0325352460627565
280,0.101104812381929
280,0.0734947712935845
280,0.080500700009246
280,0.0246665934784418
280,0.0575961564578334
280,0.0622240959277263
280,0.0638307499237547
280,0.00936687669585841
280,-0.00769036968947333
280,-0.01371865161582
280,-0.00660991455937712
280,0.0197014986814605
280,-0.0181823061500537
280,0.0381701549870647
280,0.0203578858081027
280,0.0280861377952541
280,0.0391997359718183
280,0.0236381613954364
280,0.0717229097619961
280,0.0703693793555054
280,0.0681320064033139
280,0.0767544285903482
280,0.0820883455259852
280,0.0331539322791352
280,0.0654770992680003
280,0.0639976127214793
280,0.066486039259748
280,0.0234144815059018
280,0.110540417366492
280,0.0656054048001254
280,0.0747763418976637
280,0.0488469910600829
280,0.0394633383653084
280,0.0577511082908423
280,0.0208620298219842
280,0.0811280511334894
280,-0.000546527047049871
280,0.100141297676374
280,0.0985170158802161
280,0.0558619967081594
280,0.0519001636557041
300,0.0930384437695832
300,0.0831493910854003
300,0.0667632612746023
300,0.0264783510214645
300,0.0533768621540557
300,0.0397779410905866
300,0.119683241079999
300,0.0332306857047864
300,0.0745542451195499
300,0.0385149061733166
300,0.0310559993248231
300,0.0327035080617297
300,0.0767616791865805
300,-0.0144841763277079
300,0.028640832278214
300,-0.00563242202996381
300,0.0798001823758561
300,0.0625288392097216
300,0.0773984883087115
300,0.0691521133055225
300,0.0748561886715018
300,0.0261798755977379
300,0.0475770392389328
300,1.24439411348276e-05
300,0.0819715244638915
300,0.0825350506356348
300,0.0126150759599798
300,0.0377220670397876
300,0.0492780267260176
300,-0.00897329458934372
300,0.103681635489301
300,0.0492966590729499
300,0.0766618960860802
300,0.0629156627394582
300,0.0115401308618649
300,0.047775919177762
300,0.0219780063237799
300,0.0268858080300198
300,0.0754862802565572
300,0.0875198457274433
300,0.0759338589817641
300,0.0212133983750685
300,0.0616332832460681
300,0.0670327646175781
300,0.0741794879149249
300,0.0677811825298461
300,0.0489075356192488
300,0.0387705138483172
300,-0.00661131411856745
300,0.0472158930137773
300,0.0602667039353023
300,0.0686244998355014
300,0.0921402642715624
300,0.0156927779021289
300,0.0129747080995324
300,-0.0315155442932503
300,0.0965458788006177
300,0.00594004412444924
300,0.0883795364354418
300,0.0572892759378224
300,0.097191244072277
300,0.0332665156558034
300,0.070274568386197
300,0.0204489319877033
300,0.00957637391134528
300,0.052823604398051
300,0.0350988299546255
300,0.0154776260396884
300,0.0359538119270241
300,0.0326848419878532
300,0.00914950749952415
300,0.0253871641697421
300,0.0288311363383523
300,0.0427835921881281
300,0.0710018679944798
300,0.0449111371063815
300,0.0558111936199531
300,0.0807797532105199
300,0.0916272798943442
300,0.0393475387046269
300,0.0161201714479562
300,0.0423321254963661
300,0.0957557817176442
300,0.0395994469980357
300,0.00841671239567123
300,0.0383347926793745
300,0.0551333926913897
300,0.0235581265344737
300,0.0912944241456492
300,0.0869925098135203
300,0.0755205934562037
300,0.0525670278822518
300,0.0197374568532669
300,0.0510530820044143
300,0.0771476082756225
300,0.080055370791873
300,0.00901811697122084
300,0.0802252310712437
300,0.0348600607298047
300,0.0804242794391077
320,0.0344992792715472
320,0.0629545350736591
320,0.069044511919319
320,0.0211497661817959
320,0.0350220086201163
320,0.0918786917172725
320,0.095682354922219
320,0.0552809618529439
320,0.0513073761359222
320,0.039722707665992
320,0.0358152786844194
320,0.0167952526136823
320,0.0404379782471843
320,0.0267707675756577
320,0.0367876354826442
320,0.0323977042099305
320,0.027287280579727
320,0.0340047395405618
320,0.0748740553476332
320,0.00363342737966408
320,0.0498125196002189
320,0.023685656081959
320,-0.0163865833836314
320,0.0821246018539652
320,0.0673197551345542
320,0.0269914801684745
320,0.0599413954532279
320,0.0850791069137339
320,0.0481481271294058
320,-0.0174731205563729
320,0.0548125495068117
320,0.0297273459752331
320,-0.00187979104910112
320,0.0871932949275595
320,0.0350503152671039
320,0.0478468580673632
320,0.0554708640836308
320,0.0671949059539431
320,0.0377277201869685
320,0.0138266001810895
320,0.0804416158693493
320,0.0710112315986491
320,0.0867415608909868
320,0.0175959488791406
320,0.0806823067976165
320,-0.0130268842403445
320,0.0657536588670701
320,0.0856993126867913
320,0.0754001212996903
320,0.0206737503083003
320,0.0299054999925772
320,0.100604208548665
320,0.00460587308508491
320,-0.00727869910310756
320,0.0287484913980196
320,0.0591937269102931
320,0.0687530704640927
320,0.0890888154873693
320,0.081594218983016
320,0.0715654638283779
320,0.126267275724678
320,0.0377730706333146
320,0.0455031564321731
320,0.0857360739063352
320,0.0709264551226681
320,0.0190628147386263
320,-0.0168893340193502
320,-0.00914370052793448
320,0.0764798892436475
320,0.0149275367366552
320,0.0617823330717581
320,-0.00850761593082645
320,0.0455484549548282
320,0.0748168776760955
320,0.0682833463713204
320,0.0348774801685698
320,0.029255693426269
320,0.0539696288297245
320,0.0533239430949566
320,0.0446263276876662
320,0.0945663130809501
320,0.0121969177768416
320,-0.0178617790983392
320,0.0763458414703537
320,0.0600636810154213
320,0.0435230602300094
320,0.0962225687112487
320,0.0692327861143395
320,0.0662716358544101
320,0.011531782906015
320,0.0348380716074561
320,0.038074781967169
320,-0.0128211219680328
320,0.0415825071550598
320,0.0414247369405034
320,0.0242844969448461
320,0.114525429363791
320,0.0704970037114497
320,0.0462716985831575
320,0.0253804515045763
400,0.0537617216176408
400,0.0358438390999536
400,0.0232520965030446
400,0.052241750404558
400,0.0180159760752246
400,0.0932887703344479
400,0.0304060028603559
400,0.0746416550608648
400,0.073370728496796
400,0.0226657696872356
400,0.0332438043958233
400,0.0838322535532331
400,0.0758137554272753
400,0.0776549441505395
400,0.0902689129050268
400,0.0145068463325666
400,0.0807160910567121
400,-0.0266932310342252
400,0.0832684522412789
400,-0.00218268358595492
400,0.0147479655354948
400,0.0345241952637536
400,0.0346432874748025
400,-0.00736847917544011
400,0.0443371849670452
400,0.0593604534900802
400,0.0288818362277238
400,0.0703664924794519
400,0.0454557207267047
400,0.0344905713367969
400,0.0156000064364199
400,0.0354712547332124
400,0.0688540709818826
400,0.0536023512342072
400,-0.0134391142306023
400,0.0823115785511867
400,0.0904960435416652
400,0.0511157403360556
400,0.0875100096798449
400,0.0505811836871518
400,0.0555934466611073
400,0.12747119204569
400,0.0377302866910405
400,0.0325670093657849
400,0.0738807953697309
400,0.0642815833580112
400,0.0473804470207419
400,0.0396231914265226
400,0.0637178474914472
400,0.100141697993799
400,0.0477209511572747
400,0.0946290680988595
400,0.0284059111389092
400,-0.00440060533272532
400,0.0695881071495692
400,0.0763483968601223
400,0.00635911675950106
400,0.0696986951465733
400,0.038812359172726
400,0.0138721629157112
400,0.0243294578921816
400,0.0743273213670901
400,0.0350360557474398
400,0.0909595741850082
400,0.0517036399141702
400,0.0120743285933114
400,0.0368708331525204
400,0.0308651306106596
400,0.0514593418074608
400,0.00663190560382274
400,0.0259990242111423
400,0.0463983279892703
400,0.0526656275947065
400,0.0376741518709101
400,0.0380576704025287
400,0.0655090119175848
400,0.0688924221641376
400,0.00706674112931254
400,0.0542686942034231
400,0.0522202567905957
400,0.0391318659733259
400,0.0464641145223755
400,0.0360733099369237
400,0.0617499770715206
400,0.0689239377755551
400,0.0431864862807221
400,0.0258726736778271
400,0.0128320567896173
400,0.0527916487110243
400,0.0813242027266382
400,0.000347035564464932
400,0.0495160380911834
400,0.0699267426383501
400,0.0305776996985659
400,0.0512330727780488
400,0.0113227216506054
400,0.0130790534009621
400,0.0672735563510709
400,0.0603995673240624
400,0.0326164173549571
480,0.0390316122560015
480,0.0382223572203038
480,0.0110714643328064
480,0.0122396063586782
480,0.0743164455260841
480,0.0824770549188987
480,0.0473283351616859
480,0.0475603019888132
480,-0.00379883655613483
480,0.0642410477481009
480,0.0777655184316413
480,0.0374780781743167
480,0.100200717409145
480,0.0236018251067865
480,0.0388057880314387
480,0.0771776927446604
480,0.0566033466933288
480,0.0353874634297544
480,0.0651398493084021
480,0.00797663207664909
480,0.0258199355202506
480,0.0213923294241362
480,0.0823859371825529
480,0.0552742875136091
480,0.0135563665375262
480,0.0691848156153472
480,0.0730942980795996
480,0.0464858065307363
480,0.0950714218426232
480,0.0755484864822608
480,0.0199271348482334
480,0.0302610201609088
480,0.0441545281067276
480,0.0646851286876465
480,0.0223355397527895
480,0.0267899670681324
480,0.0118373917489781
480,0.0195472791513148
480,0.0216712278614816
480,0.068267092626708
480,0.102648079106042
480,0.059528599217742
480,0.0486136640189964
480,0.0929051200416355
480,-0.00235016871553794
480,0.0366602695728007
480,0.0729135245917346
480,0.0218526332677976
480,0.0838237144364809
480,0.0565773090652031
480,0.028251552501784
480,-0.0114902898621812
480,0.0347656659763868
480,0.0226761047557698
480,0.0720108666927523
480,0.0017498236570015
480,0.083678759325159
480,0.032301287946518
480,0.039695897032896
480,0.0679443022146942
480,-0.0260968106524837
480,0.0854265611078388
480,0.0736786230283611
480,0.0548125545599885
480,0.0453291134761139
480,0.00871140655649045
480,0.0481637573059008
480,0.061857380048023
480,0.0703731372306309
480,0.0656146638610298
480,-0.00642250669647972
480,0.0887694518822428
480,0.0603494672649518
480,0.0567698336722753
480,0.0467332689042022
480,0.0152278754093438
480,0.0411191972719243
480,0.0472914513738597
480,0.0524679024724553
480,0.0477298898664021
480,0.0809183290195255
480,0.0599641544899009
480,0.0461238512197227
480,0.016859702796648
480,0.0350711938280228
480,0.085065003022973
480,0.0289232247574315
480,0.0628902244292241
480,0.0293793031398416
480,0.0475402129639971
480,0.0305028356904113
480,0.0836180153530947
480,0.0625592146035913
480,0.0808150996332406
480,0.0706517610291645
480,0.0281364004921838
480,0.0479354965371181
480,0.0341889350064028
480,0.047053029801034
480,0.0325969623086465
560,0.0616664618004402
560,0.0612016622212841
560,0.053899139975871
560,0.0566385721739637
560,0.0775487468862543
560,0.0481188898884164
560,0.0451260374041339
560,0.0415494659411424
560,0.0246401826205581
560,0.0127792278145703
560,0.0579400551886221
560,0.0917939723550325
560,-0.00739306592910561
560,0.0599427493960851
560,0.0207616607102814
560,0.0684285550070587
560,0.0764636179170918
560,0.0857725366828987
560,0.0202796898981579
560,0.00669182178242347
560,0.00529178807304829
560,0.0231353764071185
560,0.101771018299089
560,0.0154362536380987
560,0.0711334675951444
560,0.00417669418260004
560,0.0875113123068273
560,0.0611141092697537
560,-0.000630937812738699
560,0.00999958683466116
560,0.0261501047614555
560,0.0762917667195574
560,0.0396846413454835
560,0.0886559556823143
560,0.0277328826096696
560,0.0479304637781452
560,0.0217611504831998
560,0.0816085538651452
560,0.0506257093115132
560,0.0316499370881421
560,0.0436885402270625
560,0.0516153740698809
560,0.0473636569294955
560,-0.0137118410375955
560,0.0552355449960933
560,0.00805325724603976
560,0.0319302629933867
560,0.0482423577009431
560,0.0421181604959644
560,0.0504630280150882
560,-0.0141222452236648
560,0.064732079851122
560,0.0147959427935423
560,0.0846265960683127
560,0.0493183362510504
560,0.0149332382705188
560,0.0319975659072331
560,0.0837035113289691
560,0.101923788349011
560,0.0696012775839466
560,0.00504028747843735
560,0.00472594574795157
560,0.0557753533475795
560,0.0307828621042222
560,0.0183799092292143
560,0.0325950324935553
560,0.054777097033056
560,0.0884278695628251
560,0.0818587903362753
560,0.0682026113716791
560,0.0309897291404714
560,0.0535575393875706
560,0.0573337603892468
560,0.0273581129575641
560,0.0087860410673227
560,0.0398406948495721
560,0.0536895656024892
560,0.00575975107702849
560,0.0431519482850208
560,0.0490338323479815
560,0.0623507596531154
560,0.0611631168705413
560,0.0372841380125422
560,0.01476123847533
560,0.0381332527068939
560,0.0219045460753084
560,0.0391896070679581
560,0.0668914640796229
560,0.0662373373064003
560,0.0896507726308257
560,0.0547339119760729
560,0.062913895368134
560,0.0644376345331601
560,0.0169308673882063
560,0.0508310061053303
560,0.0364099515118365
560,0.0358598960496758
560,0.0371739939077296
560,0.0371541968264093
560,0.0404645683273526
640,0.0357736603817404
640,-0.00683860236023186
640,0.012235302244055
640,0.0487936214155399
640,0.0834429474819368
640,0.0795577857875654
640,0.0785013024368823
640,0.0596347601018337
640,0.0682479016824824
640,0.0553055348239578
640,0.0185384064310052
640,0.0191389102130925
640,-0.0246856315026873
640,0.0400648918391146
640,0.0143597130273107
640,0.0583243556695171
640,0.0351901406681079
640,0.0670005021273512
640,0.0352783630027229
640,-0.0377864878068377
640,0.0291546543561532
640,0.0503617517066428
640,0.0881313111161236
640,0.0450900657259484
640,0.0550289536063753
640,0.0808134869467276
640,0.034028990010435
640,0.070813663018661
640,0.0139133953825303
640,0.100569011680368
640,0.0323202917404515
640,-0.0283929366038981
640,0.0410460600522996
640,0.0432817103171287
640,0.0708077735098167
640,0.0418574758607282
640,0.0610422575832542
640,0.038362039577559
640,0.053606958067971
640,0.0752223177630345
640,0.019223324736212
640,0.0209961286053086
640,0.02489914322985
640,0.0794313283633446
640,0.0655014083002309
640,0.0352293024429105
640,0.0250813292671687
640,0.0239913667513013
640,0.0168695496572945
640,0.0517578585116964
640,0.000438585075697067
640,-0.000482917205769912
640,0.0666712032083338
640,0.0852374259128155
640,0.0599037083142652
640,0.0364164239583252
640,0.0945799523222344
640,0.0675495756756487
640,0.0395412572264807
640,0.0721468322540984
640,0.0283730775209396
640,0.0371044784069837
640,0.0401252492087844
640,0.0485658023630686
640,0.0372547465228596
640,0.0634691891367019
640,0.0534615302391579
640,0.0281062037052246
640,0.0295388582011683
640,-0.022209115012131
640,0.0204386149050126
640,0.0681511668201248
640,0.0324388138334023
640,0.0628469627829721
640,0.0313738030240566
640,0.0388471268207671
640,-0.00355343248458083
640,0.0574798592576965
640,-0.016431195169455
640,0.0245150357577275
640,0.020289729871932
640,0.0469820660252316
640,0.00433425714574034
640,0.058420336537185
640,0.0274972265006474
640,0.0409034585520673
640,0.0397820554491905
640,-0.00365894795985379
640,0.0579236343115742
640,0.0482141025214926
640,0.0453447585302591
640,0.0583324596247835
640,0.0638641604289331
640,0.0112043905917646
640,0.0486458720772338
640,0.0307195602396343
640,0.0570295479592502
640,0.0300106119984919
640,0.0393771903320358
640,0.0476230563058115
720,0.0509407068337811
720,0.00283822569567712
720,0.043231587096844
720,0.0742123600599778
720,0.0571424736948785
720,0.0409496434380798
720,0.0811471671607551
720,0.024968041212493
720,0.0490555051565057
720,0.058948318372855
720,0.0635268745031228
720,0.0150089471387938
720,0.0568319526838957
720,0.0404083815182506
720,0.020457978040082
720,0.0347566034009726
720,0.0266330555224607
720,0.0695139172712456
720,0.00995050745167461
720,0.0427265838058259
720,-0.00187799219844366
720,0.0602966976532649
720,0.0283516608865251
720,0.0549975146818859
720,0.0591950414359245
720,0.0762673578210961
720,0.0656551607785211
720,0.0610778333412366
720,0.00929873682813374
720,0.0651693127653315
720,0.0482191664004765
720,0.0918601556808869
720,0.0069666841053044
720,0.0110403845278856
720,0.0586680271726592
720,0.064259123339434
720,0.0625080313381134
720,0.0351340883304673
720,0.0248694218449312
720,0.0361427503125677
720,0.0389278495137608
720,0.0330905836398423
720,0.087857027151982
720,0.0345845453960923
720,0.0280042906113176
720,0.0624762311870242
720,0.0352903500017402
720,0.0385002732621993
720,0.0260780779508037
720,0.03297358200559
720,0.0441667407370035
720,0.024159877457609
720,0.0785107723599043
720,0.0389141015402984
720,0.0334330815198742
720,0.00762528700082487
720,0.0513723608937785
720,0.0224434371526145
720,0.045769760775343
720,0.0618919039299687
720,0.00668598889106124
720,0.0345800792393155
720,0.0103246024876579
720,0.0395236377477553
720,0.0619996206370015
720,0.0563910038023718
720,0.0606727633854278
720,0.0213531252889617
720,0.0255580679116265
720,0.0444217685361775
720,0.0587880585139871
720,0.0379793434337149
720,0.0565611035652198
720,0.070954388222276
720,0.0776381968730239
720,0.0546320897610195
720,0.0314578993992032
720,0.0133336713315249
720,0.0368577914620908
720,0.0180170961718219
720,0.0162454086441242
720,0.0201390124938144
720,0.00370978110362159
720,0.0469974297377901
720,-0.0085448755656961
720,0.0219370845636348
720,0.0482752124983363
720,0.0524509945810963
720,0.0761489719818044
720,0.0450451805523943
720,0.0297462508320432
720,0.0600186414234962
720,-0.015830238706098
720,0.0938617515604668
720,0.0183562899315486
720,0.016536330164217
720,0.0306784430089541
720,0.0606046539905395
720,0.0522271162000681
720,0.0538129299766414
800,0.0311949552328083
800,0.0339977768126499
800,-0.0206376217065529
800,0.0246046498276945
800,0.0648803340527418
800,0.0648918270115637
800,0.0392500125806083
800,0.015322641074091
800,0.0606029443281684
800,0.0832786280213242
800,0.068253123020182
800,0.0338467250823217
800,0.0221138318235664
800,0.0673310430887288
800,0.0751877484924298
800,0.0477162610581169
800,0.0843616480898664
800,0.00478983583173846
800,0.0293725454692031
800,0.0625741963328849
800,0.00472382523811786
800,0.0638437700561802
800,0.0567594785781015
800,0.0446750165652044
800,0.038009790832136
800,0.077947156972612
800,0.0645691229505966
800,0.0438510487209427
800,0.011796308449348
800,0.058702836522495
800,0.0231306443248818
800,0.00146673289278444
800,-0.0081133277836232
800,0.033766950769797
800,0.0106301158510049
800,0.0179988957117145
800,0.0835327196307785
800,0.0490510065107378
800,0.0932701810617887
800,0.0940908902107003
800,0.0256502137748245
800,0.0720617114478205
800,0.0511493644170024
800,0.0595434620583935
800,0.0850891101881164
800,0.0701223405338433
800,0.0188437899517344
800,0.0281704257823628
800,0.0428379783317645
800,0.0450615918977812
800,0.0510527951474139
800,0.020600169270029
800,-0.0003299268542848
800,0.0314985796706957
800,0.0849186793282219
800,0.00169639883364335
800,0.0423502300781139
800,0.0765752871033181
800,0.0381889456237436
800,0.0794889625964194
800,0.0420124843701536
800,0.0320427366622868
800,0.0467393354192038
800,0.0112092911106088
800,0.0763210381120984
800,0.0587853621579363
800,-0.00766032404150956
800,0.0373663433680088
800,0.0273088795195273
800,0.0640974665100411
800,0.0665123736434854
800,-0.024925925344803
800,0.055448890508818
800,0.0284028769444957
800,-0.00126071886633145
800,0.0202765585939053
800,0.0784053877512376
800,0.0277773578085301
800,-0.0100002079488266
800,0.0491355929718935
800,0.00297459936983187
800,0.0269125763124128
800,0.0902910769630624
800,0.0343850203925551
800,0.0685257211016981
800,0.0354491454632194
800,0.0394027824798098
800,0.0478845363589032
800,0.0147871688128789
800,0.0578678458427367
800,0.050648032962878
800,0.0479729529928844
800,0.0324059129809063
800,0.0453387602375225
800,0.0285262822043118
800,0.0311561905785763
800,0.0355730759683381
800,0.0195465334237304
800,0.0716641548506687
800,0.0742466721900024
880,0.0813550559337425
880,0.0492050965473241
880,0.0347281562405196
880,0.0472138937625197
880,0.0344960402825943
880,0.064071395137681
880,0.043930172661057
880,0.0242419353063038
880,0.0295753408694306
880,0.0290860952665159
880,0.0279229739362177
880,0.0369453286513217
880,0.0564760770516459
880,0.0227633661651956
880,-0.0152290731606315
880,0.0442958101170727
880,-0.00418458722669918
880,0.0681823071171919
880,0.0755951849453741
880,-0.0451236250114201
880,0.0739428555622632
880,0.0781393009324377
880,0.0246679089475227
880,0.0831329402116909
880,0.0211413821729027
880,0.0330324336042301
880,0.053741856448386
880,0.0614442098823405
880,0.0268503688178032
880,0.0675517316697265
880,0.0356812895058989
880,0.0247490412277276
880,0.049166375685916
880,0.0508419683555449
880,0.0413422521848282
880,0.0855301682693611
880,0.0598390482335255
880,0.0417219989146351
880,0.0526419376422191
880,0.0641179187926276
880,0.0243389215034289
880,-0.00616577860675688
880,0.0288782293081999
880,0.0423232893929849
880,0.00601844158684597
880,0.0972546008058102
880,0.0378744576108128
880,0.0343842119752884
880,0.0575847763127459
880,0.0783651033820844
880,0.0970228852994962
880,0.0213621976488697
880,0.0462354188418571
880,0.00474160524074425
880,0.0292148758700741
880,0.101007153546131
880,0.0539893462279404
880,0.0569595767833625
880,0.0592997523985263
880,0.0137033940433559
880,0.0569617511603688
880,0.0574461972381524
880,0.0286569756710033
880,0.0604050238035266
880,0.0490696408864599
880,0.0447330614382177
880,0.0686330221352743
880,0.0167627315604987
880,0.0455623064505273
880,0.0124551810324196
880,0.0578459284905969
880,0.081221619417102
880,-0.00880847782443993
880,0.0139540462811563
880,0.0670822504580425
880,0.026849871956089
880,-0.0027887812177709
880,0.0790288529977897
880,0.0317019677640827
880,0.00108070527006088
880,0.045487439811255
880,0.0117450868474698
880,0.0309845257992283
880,0.0106167593053375
880,0.0718322322762697
880,0.0255206273453659
880,0.0476429811874854
880,0.0359884696685474
880,0.0829414400117754
880,0.0350599979582051
880,0.0449213297181292
880,0.0282609638591369
880,0.0745567876823141
880,0.0352554857756392
880,0.0155352810095558
880,0.0584059604705001
880,0.0515465832151474
880,0.0378964817612847
880,0.0585312585283595
880,0.0209777145732016
960,0.0371548764538341
960,0.0731294621096151
960,0.0455609373606585
960,0.0547231716885773
960,0.00347197951791365
960,0.0758364942615552
960,0.0304737806724497
960,0.0893668690227562
960,0.00771548405981386
960,0.0782312069130088
960,0.0663871135551431
960,0.0769727970772101
960,0.0221778224685525
960,0.0961860486979877
960,0.0449671328588859
960,0.0291653309367845
960,0.00200138284676208
960,0.042208127947383
960,0.0339447506109818
960,0.0361695323968847
960,0.0582426501748749
960,0.0740527820894311
960,0.0279846772405389
960,0.0271446356722121
960,0.0275126185842061
960,0.0496868560727955
960,0.0481615394593022
960,0.0670512088068774
960,0.0379264431467383
960,0.0334907067374242
960,0.0318012837728994
960,0.064106016756569
960,0.0534032976400618
960,0.040885124126622
960,-0.00406015233771961
960,0.0131733749073182
960,0.0515452498264058
960,0.0672769446635787
960,0.0433311899355721
960,0.0671641972198075
960,0.0761111282314541
960,0.0957332092470444
960,0.0302744468015922
960,0.0103186828223086
960,0.0259176928883199
960,0.054300223387811
960,0.0361907465128057
960,0.0463731428708764
960,0.0668261174655705
960,0.0722399984081519
960,0.0502838976343184
960,-0.0199461117981484
960,0.0553101629385022
960,0.0773817128748506
960,0.0221273042793322
960,-0.00313344473064949
960,0.0944035656279609
960,0.031405870578669
960,0.073811509605203
960,0.0452535877086198
960,0.00671095474335382
960,0.0501550943577143
960,0.0123534684184034
960,0.0062587800003032
960,0.0913783173866687
960,0.0686697800591773
960,0.0286924208412038
960,0.0845468663279268
960,0.0786847074836418
960,0.0734187681131292
960,0.0576763010125351
960,0.0230672743784775
960,0.0261378819353226
960,0.0494115664238432
960,5.91112535249955e-05
960,0.0519891553203171
960,-0.021248183525781
960,0.0316846802691324
960,0.0754237123068826
960,0.0331440473352007
960,0.032072325387711
960,0.0875134596707713
960,0.0595281662959349
960,0.0487134729890999
960,0.0515802667183906
960,0.0280015358794781
960,0.0597352368454239
960,0.00277419732050734
960,0.00981522713893115
960,0.00792608897374307
960,0.0549215731148303
960,0.106013603103446
960,0.0284309077233439
960,0.0214285410023137
960,0.0859453629594312
960,0.0480777632863649
960,0.0683473354013188
960,0.0421120030832904
960,0.0587445068559799
960,0.0233782711136614
1040,0.0426298440513279
1040,0.0545896070084596
1040,0.0470133418734261
1040,0.0727072144984705
1040,0.0048131598936292
1040,0.00614280657700445
1040,0.0347194407428358
1040,0.0721725122868994
1040,0.0459843128295235
1040,0.0202815208391864
1040,0.00467236150790272
1040,0.0583918898990861
1040,0.0542149100445578
1040,0.0248967111273215
1040,0.091295169901263
1040,0.0632999929810548
1040,0.0270382751767654
1040,0.0889481831067364
1040,0.0326278878822705
1040,0.018245192635127
1040,0.0363666244701444
1040,0.0495310051208118
1040,0.0621436869621866
1040,0.03158222752766
1040,0.0542635099837061
1040,0.0363801142071059
1040,0.0310750959935213
1040,0.028858746657516
1040,0.00713967416411173
1040,0.0930120582091151
1040,0.0354083286878679
1040,0.0383780604745158
1040,0.0817905375101647
1040,0.0603885304720722
1040,0.0260695808928783
1040,0.0346889203948356
1040,0.0201924811107339
1040,0.0658728620581813
1040,0.0493784716208557
1040,0.0339726289235589
1040,0.0252928742642913
1040,0.0548178030552541
1040,0.0548179253656748
1040,0.0327937868484364
1040,0.0293589888808039
1040,0.0280424041751968
1040,0.0105303853328991
1040,0.0375562884775626
1040,0.0160591704344176
1040,0.0513817876226616
1040,0.0124091797048861
1040,0.0459345995710745
1040,0.0594181656618956
1040,0.0510713519322239
1040,0.0417941325527338
1040,0.0692625764881369
1040,0.0469384066498298
1040,0.018366687750676
1040,0.0574271410131055
1040,0.0111687850022252
1040,0.0547511503631246
1040,0.0396030259799815
1040,0.101282785247623
1040,0.0416574516709857
1040,0.0260824822150482
1040,0.0444723975039732
1040,0.0704545722268066
1040,0.0390245702381477
1040,0.0296708203413113
1040,-0.000873563623413015
1040,0.0178090556013897
1040,0.0377078789998336
1040,-0.00669347133520213
1040,0.041988444454342
1040,0.0480692821810772
1040,0.0540715318014096
1040,-0.0146713002587458
1040,0.00458381033460522
1040,0.0294769153977121
1040,0.0612095774943962
1040,0.0226541828737115
1040,0.0747530242313705
1040,0.0630347122502432
1040,0.0353919520240993
1040,0.0561289136247584
1040,0.0400254036687998
1040,0.0382379546207957
1040,0.0505794530542388
1040,0.0273498043672102
1040,0.0464017003328895
1040,0.0415858001662522
1040,0.0486327676750126
1040,0.0752622999758332
1040,0.0279385325733688
1040,0.0424794569683184
1040,-0.00740837392375624
1040,0.0855976569021401
1040,0.0891242037132923
1040,0.0450688843334656
1040,-0.00704116537677886
1120,0.0265647374833271
1120,0.0482916351112872
1120,0.030361200543754
1120,0.0452889900094899
1120,0.0584015475090168
1120,0.03746748712614
1120,0.0626143041081894
1120,0.0438419359888517
1120,0.0561366144021756
1120,-4.92610167180217e-05
1120,0.0843742063190225
1120,0.0237018124753641
1120,0.0426835728218999
1120,0.0556410637021098
1120,0.000668797268055859
1120,0.0292196004571924
1120,0.0115493877328219
1120,0.0228601432874715
1120,0.0310073848155098
1120,0.0737267958680284
1120,0.0623064337889722
1120,0.0315150169893331
1120,0.0203498039709264
1120,0.023925119305755
1120,0.0414555414202463
1120,0.067833386598662
1120,0.0495509831878359
1120,0.0252687229456516
1120,0.0368583997613023
1120,0.0554106436088747
1120,0.00322126181079668
1120,0.0687022399766464
1120,0.0703725916030783
1120,0.0742283687146427
1120,0.0381445793162671
1120,-0.00330302078107216
1120,0.0281250309329143
1120,0.0483308368303212
1120,0.0301662562465606
1120,0.0453510262638759
1120,0.0683157355640714
1120,0.0470737819618808
1120,0.0841372459305647
1120,0.0391089499063348
1120,0.089096503881378
1120,0.029281707269913
1120,-0.000497924170719252
1120,0.0679861118550261
1120,0.00419992913422337
1120,0.0491913369570843
1120,0.0189991188626216
1120,0.0190568711874734
1120,0.0601256804218846
1120,0.00383487756576321
1120,0.0154182402117239
1120,0.0298713530286272
1120,0.0594954338149027
1120,0.0537427339355914
1120,0.0322499943705632
1120,0.0416661812907306
1120,0.0796374301539029
1120,0.0239321598328992
1120,0.0537619982579167
1120,0.021812119989783
1120,0.0196913109048043
1120,0.0492248421075704
1120,0.0295801949963274
1120,0.0300881227889085
1120,0.0304571112687042
1120,0.0148201446555136
1120,0.050178110912484
1120,0.0107980114205412
1120,0.0229031263453994
1120,0.048334033962072
1120,0.117325343935788
1120,0.0356550682412302
1120,0.0731425825881825
1120,0.0561834684927754
1120,0.0265757634775477
1120,0.0477203850329709
1120,0.0710795101736251
1120,0.0170456874111402
1120,0.0198890858469188
1120,0.050255146597572
1120,0.0615418881602466
1120,0.0567099490811825
1120,0.0554401642223117
1120,0.0320062516604738
1120,0.063684745552551
1120,0.0339916361971687
1120,0.0647623267749247
1120,0.04965891695925
1120,0.000740129083501149
1120,0.0156530629361377
1120,0.0481879683869187
1120,0.0326198521586462
1120,0.0392048136310979
1120,0.0308595830174317
1120,0.04169532234358
1120,0.0509723030015281
1200,0.0644432868615881
1200,0.0922083622427039
1200,0.0461435793449875
1200,0.0195462308990701
1200,0.0912074161790156
1200,0.0378339261840219
1200,0.0560589408927872
1200,0.0321009488400824
1200,0.0300964863687871
1200,0.0390567575629005
1200,0.0605893410491411
1200,0.0102942717348347
1200,-0.0140334133486139
1200,-0.000645535433298679
1200,0.0791306932090395
1200,0.0377993391600539
1200,0.0369624873318675
1200,0.0242908922774727
1200,0.0449476500681693
1200,0.113093378241567
1200,0.0352107566418553
1200,0.0683550106995476
1200,0.0610916038848408
1200,0.0453567354573178
1200,0.0654396165280209
1200,0.05753973804489
1200,0.0330814915590613
1200,0.066405132827933
1200,0.0456218893918388
1200,0.0513083771220278
1200,0.034175705267553
1200,0.0774710556339857
1200,0.0202120014732709
1200,0.0644554093153155
1200,0.100993243772891
1200,0.037617470950304
1200,0.0167871180280635
1200,0.0343187139995593
1200,0.00573687782685387
1200,0.0560264117224521
1200,0.0157317430636235
1200,0.0452157213539576
1200,0.0395016552960616
1200,0.0615313848450646
1200,0.0558595652114428
1200,0.00789544203898581
1200,0.0291331358744894
1200,0.060931868200874
1200,0.0274229400798648
1200,0.0470146014165027
1200,0.0281118347732013
1200,0.0462024414744288
1200,0.0240871819821442
1200,0.0445096629887316
1200,0.0551165910649803
1200,0.0255961747050168
1200,0.0225144154492745
1200,0.0146746218193443
1200,0.0474496780658507
1200,0.0576960259907862
1200,0.0704416160958201
1200,0.0274055122809249
1200,0.0279997710548558
1200,-0.00676139000584069
1200,-0.0165713365774431
1200,0.0114650916807602
1200,0.064372015156451
1200,0.0488078485099974
1200,0.051886913267007
1200,0.0127445171620424
1200,0.0489209220321702
1200,0.0158052603395673
1200,0.0699050361975004
1200,0.0467610728961074
1200,0.0853878969734187
1200,0.0427424693518151
1200,0.0554729761908094
1200,0.0803545373492535
1200,0.0394245570447319
1200,0.00567144611633968
1200,0.0449396404742996
1200,0.0253403378874049
1200,0.0166524074102091
1200,0.0548242987740297
1200,0.0654807123677075
1200,0.0457190185330637
1200,0.0502520257252142
1200,0.0109358899796613
1200,0.0558065150525267
1200,0.0116415236498465
1200,0.0140701961824977
1200,0.0473341844348273
1200,0.0290658456502973
1200,0.0343204940224371
1200,0.0361796783803674
1200,0.00789566689116381
1200,0.0241175810369852
1200,0.0458643774795207
1200,0.0532921489709449
1200,0.043237088358891
1280,0.0236462517832
1280,0.0678843328619182
1280,0.0378195055656457
1280,0.0180482956565663
1280,0.0479713175998037
1280,0.0311478959948583
1280,0.0128341016985798
1280,0.0614123669255431
1280,0.0197952539091226
1280,0.021205544920753
1280,0.00630088058257774
1280,0.0278506871395219
1280,0.0437995063406909
1280,0.040347699019306
1280,0.0684338058329963
1280,0.0509189917829713
1280,0.0547332928647292
1280,0.0110860017080677
1280,0.0318288993467103
1280,0.042025889900582
1280,0.0692943264232208
1280,0.040533226739763
1280,0.0188798293850447
1280,0.0413070361779409
1280,0.0442389993879496
1280,0.0559598738999427
1280,0.0273584963187719
1280,0.0411725447619184
1280,0.0479323799177775
1280,0.0534830354649619
1280,0.0601154913221279
1280,0.024385515903453
1280,0.0530949333430156
1280,0.0653374982967868
1280,0.0263654795309823
1280,0.00212587557209194
1280,0.016571883398434
1280,0.0282209041368691
1280,0.053433958065757
1280,0.0507111702785103
1280,0.0234462047863774
1280,0.0100426166104528
1280,0.0136068268404636
1280,0.0295559073831537
1280,0.0351895514724056
1280,0.0320489393976424
1280,0.0529626267094455
1280,0.0246440602297147
1280,0.0457132228540275
1280,0.00394993365496072
1280,0.0507304689379977
1280,0.0529645891908586
1280,0.0512642864249481
1280,0.0550777903693171
1280,0.0404969670239986
1280,0.0715066358996196
1280,0.0919149702989936
1280,0.0673024530124469
1280,-0.0194209944336851
1280,0.0691950432478358
1280,0.0671172969998204
1280,0.0401399859416874
1280,0.0223064524512965
1280,0.105099241966859
1280,0.0241944054282402
1280,0.023242064823593
1280,0.0257671811855578
1280,0.0293410267690479
1280,0.0167356801749914
1280,0.0308670057163343
1280,0.0309051754075098
1280,0.00764520291938346
1280,0.0044515550216486
1280,0.0361118225143052
1280,0.00310426123188289
1280,0.0430592220382532
1280,0.0385591372463403
1280,0.062711068234228
1280,0.0583974010270897
1280,0.0805683682565727
1280,0.0146742465484907
1280,0.0564695625344873
1280,0.0647026734110625
1280,0.0561339314057575
1280,0.0103180438347526
1280,0.0427598391905505
1280,0.0694135567790619
1280,0.0408084537958265
1280,0.0359923058994896
1280,0.0767286306795576
1280,0.029281704993932
1280,0.0235757157565908
1280,0.000937554783648304
1280,0.0541619267618152
1280,0.069692511249392
1280,0.0273326431102546
1280,0.0400727084792547
1280,0.0366923929896136
1280,0.0168174078548808
1280,0.0343418242118259
1360,0.0494403758056019
1360,0.0446388927380791
1360,0.0554327707353606
1360,0.0522313124882915
1360,0.0362186466799409
1360,0.0662961335729176
1360,0.0154745430771742
1360,0.033980261993493
1360,0.0253316184892569
1360,0.0669931288101749
1360,0.0253197211138456
1360,0.0300729681988617
1360,0.0673176847735116
1360,0.047065996563378
1360,0.0511975992479518
1360,0.0481851238804909
1360,0.0374610177279255
1360,0.0290204349381379
1360,0.0197419680278526
1360,0.0351921973018924
1360,0.0537284449857658
1360,0.050767017584976
1360,0.0299314466580556
1360,0.0217896515974443
1360,0.0273938576075986
1360,0.0319022480879728
1360,0.0464766598032993
1360,0.0591818200099938
1360,0.0506004543086628
1360,0.0311449895477603
1360,0.0471250291835563
1360,0.0422004291350041
1360,0.0453002147232952
1360,0.0346544201461868
1360,0.0331314506375456
1360,0.0640247522825256
1360,0.0402345599368185
1360,0.0309503961121264
1360,0.0272728835946216
1360,0.018169370710266
1360,0.0601427089595474
1360,0.0179531840172045
1360,-0.0169999785111803
1360,0.0401847464838099
1360,0.0443779554722063
1360,0.0418796784722079
1360,0.0135399669388793
1360,0.0402449452536093
1360,0.0142798922318303
1360,0.0501158052815811
1360,0.028881069759455
1360,0.0383506109718928
1360,0.0296202950204485
1360,0.0441494821453065
1360,0.0485675908161476
1360,0.0488999884233825
1360,0.0127754244625644
1360,-0.00879027769242486
1360,0.0402385955015553
1360,0.0612497164777791
1360,-0.00104281310395157
1360,0.101854376853725
1360,0.0166030812767822
1360,0.0229497045824467
1360,0.0492615701940151
1360,0.0579866395688906
1360,0.0598356221310885
1360,0.0408687634213324
1360,0.0581513762184256
1360,0.047315393645878
1360,0.043629616074315
1360,0.0122703153216009
1360,0.0525299548888521
1360,0.0496122662754127
1360,0.0552703609206569
1360,0.0235930157423781
1360,0.0383344821543845
1360,0.00654462623454029
1360,0.0268970562365028
1360,0.0621644779685939
1360,0.0481991357132991
1360,0.0449199495380743
1360,0.0509464631196125
1360,0.010929629555913
1360,0.0323516661960022
1360,0.0529951217185814
1360,0.0226261038698529
1360,0.00137163734338409
1360,0.0616597313513137
1360,0.064362513834809
1360,0.0497791318255041
1360,0.0158965633199991
1360,0.0370096170318968
1360,0.0125254934793102
1360,0.0465897288714706
1360,0.0893452865680195
1360,-0.00533379971045224
1360,0.0145640131257467
1360,0.0575623077708455
1360,0.0503385691996489
1440,0.0537783311264996
1440,0.0168080860958074
1440,0.030281482617865
1440,0.0192308670308994
1440,0.0384074083238024
1440,0.0312475770010763
1440,0.048258746268141
1440,0.0247458937842022
1440,0.0681451898095475
1440,0.0157429161314348
1440,0.011058707423254
1440,0.0216611146416003
1440,0.0352254463577662
1440,-0.0124105748756142
1440,0.0443963031450128
1440,0.0311084125878643
1440,0.0607638771657432
1440,0.0540952849924763
1440,0.00353120259759978
1440,-0.00542098371426436
1440,0.0463852245333539
1440,0.00645385741973073
1440,0.0291546546523388
1440,0.0150124411426707
1440,0.0464624513631097
1440,0.0570365919181717
1440,0.0488320938287849
1440,0.0132782144195233
1440,0.00999417397343202
1440,0.0543159659826332
1440,0.0395074039406215
1440,0.0605611841174308
1440,-0.0172462657418949
1440,0.0435000197357202
1440,0.018726468275797
1440,0.0213525278093145
1440,0.0406539431081645
1440,0.0468761514483322
1440,0.0339781852877372
1440,0.042645518709559
1440,0.00100334986038213
1440,0.0483118012899835
1440,0.0112459836605739
1440,0.00107972405810228
1440,0.046329340873413
1440,0.0266667190981965
1440,0.0280153331089567
1440,0.0457697840017789
1440,0.0251545645271702
1440,0.0513226250432021
1440,0.0393751970033071
1440,0.0589946116049155
1440,0.0207116268616706
1440,0.0305234099727143
1440,-0.0148732316835837
1440,0.0357985011881894
1440,0.0616276639918791
1440,0.0139857306622307
1440,0.0555378043272921
1440,0.0173844299120385
1440,0.0723543662830412
1440,0.0969371305727451
1440,0.0583955452144818
1440,0.0480630343885169
1440,0.0402316855240794
1440,0.0676958403540412
1440,0.052050272761687
1440,0.0690308106444606
1440,0.0732855831412041
1440,0.0313150292932469
1440,0.0371025034184824
1440,0.0537899282474116
1440,0.0562515172766428
1440,0.0323360221041877
1440,0.0529576605207206
1440,0.0522866832649307
1440,0.039819494689088
1440,0.0581824904150026
1440,0.0215016974776854
1440,0.0527377441093714
1440,0.0357090976031754
1440,0.0625544237343804
1440,0.0273841456926543
1440,0.0446235599303827
1440,0.0197109118045583
1440,0.0174619786035075
1440,0.0254205948709271
1440,-0.00137910261840513
1440,-0.000357404304412969
1440,0.03455431977478
1440,0.0262901557753182
1440,0.0114089136391907
1440,0.0451206917233012
1440,0.0542543239051883
1440,0.0414179937852782
1440,0.0122311144322386
1440,0.0651023001356682
1440,0.0421854201014739
1440,0.0386759723352097
1440,0.0531444647204721
