20,0.263904897453281
20,0.0905842854526529
20,0.132620605225752
20,0.173719262819799
20,0.21196913824217
20,0.0938331420136935
20,0.133404975526469
20,0.0861367414674025
20,0.123030908795723
20,0.0979392183661924
20,0.128371011109995
20,0.0980489865694631
20,0.0395172032267075
20,0.116826703353375
20,0.147728990830648
20,0.171534374839307
20,0.140513500669227
20,0.213503863810768
20,0.139855609305961
20,0.103261729177259
20,-0.0484493760274843
20,0.213941050595333
20,0.0941872703652996
20,0.0841190302670818
20,0.0603321366243278
20,0.232865575727015
20,0.0374825739893028
20,0.0883423842675978
20,0.0879256124332582
20,0.122674119781768
20,0.100133752316336
20,0.0254676819960304
20,0.10054873202449
20,0.0878823610644807
20,0.131831136443355
20,0.0655684816053553
20,0.0165734053411081
20,0.128555487103719
20,0.130281834076271
20,0.165176202407169
20,0.148796042231982
20,-0.00717493869400856
20,0.162017435614894
20,0.128830407307511
20,0.150500509727548
20,0.109500109874131
20,0.125359788336014
20,0.135317144391209
20,0.0678680740032585
20,0.0876650964715915
20,0.0659168926706389
20,-0.0264849974594313
20,0.17911916780683
20,0.178104883379526
20,0.226900121418478
20,0.148231063590279
20,0.2013843764832
20,0.181067549269018
20,0.110908598106747
20,0.115614329740099
20,0.190074944249626
20,0.018843621680226
20,0.11586987217047
20,0.128958414105031
20,-0.00347757441637701
20,-0.0122131675067072
20,-0.0481812214901361
20,0.0692883060146254
20,0.244447555022725
20,0.147411226946847
20,0.0736503174934414
20,0.112103180060553
20,0.188343728336876
20,0.0807773640885148
20,0.156495530771457
20,0.151575216349026
20,0.147390085469806
20,0.134921662250276
20,-0.045000321725219
20,0.071688651269147
20,0.162266049372158
20,0.148699416766226
20,0.180239872073836
20,0.212575266419545
20,0.281602891214536
20,0.139247964965544
20,0.20469367873815
20,-0.071851234501969
20,0.178569985783237
20,-0.0316927792128205
20,0.100935981243034
20,-0.111177436068047
20,0.181933006156581
20,0.0409856627942631
20,0.0782409276179072
20,0.136108253982624
20,0.184511932775114
20,0.037789070703301
20,0.144775012708689
20,0.174593436781146
40,0.162530867805894
40,0.0629984411838679
40,0.0885980947381456
40,0.17527274278915
40,0.0938699291385575
40,0.0291758334640593
40,0.275747777230534
40,0.222037113563892
40,0.26579669036436
40,0.225077794497891
40,-0.0568589881760149
40,0.232089212829568
40,0.167499472686944
40,0.172883321164325
40,0.150355228001441
40,0.264842680576952
40,0.0888643174027834
40,0.25564855539587
40,0.180618492635901
40,0.0568772720395273
40,0.123183515008099
40,0.172589380342302
40,0.213886246457132
40,0.173284988267222
40,0.0523095272244819
40,0.137407898017022
40,0.092955629671857
40,0.127481436313092
40,0.187528361866066
40,0.211075287152611
40,0.0396150077083684
40,0.0960149588748125
40,0.0735923173362269
40,0.254311854651006
40,0.23195822746898
40,0.161583775696209
40,0.0652243266221259
40,0.147797935756532
40,0.0686827277440976
40,0.208180648758212
40,0.112854123068175
40,0.214557419570889
40,0.105421252692985
40,0.21879608061347
40,0.165917481414833
40,0.231866187283147
40,0.240418389802302
40,0.172838690419018
40,0.23217509857492
40,0.0271152398084271
40,0.231171404053821
40,0.126417701809777
40,0.205043093891694
40,0.228318164140225
40,0.219562036828251
40,0.160165397523005
40,0.228637082967853
40,0.149166279335169
40,0.121906718328463
40,0.0975143975623496
40,0.206467222876007
40,0.212223737264783
40,0.0794180176644624
40,0.0237835448178786
40,0.161827456102135
40,0.164611311155974
40,0.185583264138617
40,0.231827183291361
40,0.0779461321567816
40,0.172281464959116
40,0.151123724661105
40,0.133834434405203
40,0.26024998061778
40,0.258268720741687
40,0.211350746792207
40,0.0439909478209282
40,0.0792616372384471
40,0.0343023412455733
40,-0.00596621866256754
40,0.187040938407209
40,0.0787444226099996
40,0.27016862371498
40,0.149478368487367
40,0.215527749751073
40,0.0882238837507521
40,0.166078410620589
40,0.197567523575889
40,0.137726087259511
40,0.131212380540982
40,0.0867441789083081
40,0.169625212500405
40,0.195251726472654
40,0.170553858989853
40,0.130908590648399
40,0.257791443422851
40,0.115695464076294
40,0.242648127461713
40,0.166982380649904
40,0.126871945249693
40,0.187137862356996
60,0.180216262445442
60,0.199205638268155
60,0.249265686178245
60,0.205744921049862
60,0.224182441007438
60,0.146130815723156
60,0.152482846271302
60,0.216275944911517
60,0.110044621467717
60,0.248385389712965
60,0.231840903868663
60,0.0313730379143438
60,0.239847077042202
60,0.212459222353166
60,0.15838448612661
60,0.2016398383618
60,0.116090871898657
60,0.130337489227906
60,0.0717767722773331
60,0.16042222499379
60,0.230385874281277
60,0.246063261748406
60,0.156028588057328
60,0.267865197024707
60,0.208330231162665
60,0.197483930808159
60,0.181708797592199
60,0.125982813403012
60,0.174913643974174
60,0.0788398521029775
60,0.291622202898673
60,0.192776380511414
60,0.200565253328649
60,0.173114803232068
60,0.27690878842849
60,0.26953159329196
60,0.243903147138959
60,0.1583237785218
60,0.223606630937555
60,0.20590762994147
60,0.183650791558743
60,0.0407582562341032
60,-0.00259724562561011
60,0.176768264433555
60,0.132729525728933
60,0.21499101287039
60,0.143685605838963
60,0.220557248092883
60,0.20173295885323
60,0.212830672851253
60,0.219406509447421
60,0.241125895061381
60,0.252144188385856
60,0.154145919828965
60,0.119135220907564
60,0.0148075044462631
60,0.254705402129034
60,0.227584118865385
60,0.187096281052971
60,0.162387123307532
60,0.208024988280607
60,0.146156219297036
60,0.240735617088457
60,0.225392864780668
60,0.194932521384097
60,0.209320501009742
60,0.194682400714477
60,0.190153220793846
60,0.165178013550573
60,0.170045525021218
60,0.110501666327774
60,0.180333509226791
60,0.152552075511487
60,0.258332048031796
60,0.245884979507755
60,0.182092635241056
60,0.237181087291333
60,0.193758547783766
60,0.166446099170521
60,0.181127132854148
60,0.238389424909768
60,0.130789826485127
60,0.243982871289735
60,0.19730702046707
60,0.101238474024704
60,0.173117081859415
60,0.101009236122093
60,0.180709572690646
60,0.216634088940506
60,0.176821602630555
60,-0.0500839813944155
60,0.292908539940431
60,0.201486039834222
60,0.255578433111964
60,0.21947892149377
60,0.23823619541797
60,0.189028231027021
60,0.228957914658003
60,0.237870770978222
60,0.0952286254415883
80,0.150341162047042
80,0.207733519866595
80,0.155110535876158
80,0.196908655397052
80,0.237230387949165
80,0.181060094205852
80,0.143699824020904
80,0.101544596423259
80,0.179269556379811
80,0.246393412938052
80,0.221831172459729
80,0.25236981381212
80,0.203187196593272
80,0.238280765306666
80,0.0783659512865633
80,0.072591238960058
80,0.229725165380212
80,0.159369606033878
80,0.120549817623857
80,0.14278646015787
80,0.122024944478695
80,0.22017026143638
80,0.208871741595097
80,0.091996625922792
80,0.10554028127273
80,0.104668768872577
80,0.252682333761743
80,0.204395159369374
80,0.0944362609473474
80,0.209228485182436
80,0.121907252601002
80,0.23843978763534
80,0.246937237624948
80,0.0492381511161402
80,0.186072190419066
80,0.214332146155686
80,0.219189428339397
80,0.241738204728466
80,0.202487385612424
80,0.246614072162822
80,0.282917428207646
80,0.257524426837733
80,0.244698203819493
80,0.220297837293572
80,0.184487703977163
80,0.229443002460095
80,0.269680096249508
80,0.240967020906129
80,0.221959413860579
80,0.16205746196622
80,0.198644007671587
80,0.24879982833625
80,0.153728867974075
80,0.213635677494997
80,0.204660011809573
80,0.156266052230611
80,0.12265087851844
80,0.238483305956635
80,0.162326171716081
80,0.0294849027258011
80,0.237351023454775
80,0.190196602519355
80,0.213718967099664
80,0.135741899645347
80,0.262944241327663
80,0.231787018109747
80,0.250756805475659
80,0.234446173349145
80,0.178992500357633
80,0.190446286220237
80,0.203921420045758
80,0.240563725510717
80,0.2084025989352
80,0.266764389953578
80,0.215373125432317
80,0.11889081912859
80,0.246098341856322
80,0.238967012304993
80,0.249743205133888
80,0.254176682179883
80,0.178992202607031
80,0.151542597118408
80,0.194560460360125
80,0.186718923478327
80,0.166948639977447
80,0.121869132636741
80,0.16438933519159
80,0.1405461181932
80,0.152525731555381
80,0.223377261608006
80,0.146401859677061
80,0.216462277526742
80,0.240165219436527
80,0.183412479973923
80,0.243164790407446
80,0.237714530088719
80,0.119807382444883
80,0.189305075913741
80,0.0940312608757731
80,0.230499445728731
100,0.268084209116188
100,0.204208671566116
100,0.236536992959489
100,0.271852151482624
100,0.203168075971697
100,0.226071756159974
100,0.217297834177181
100,0.196298452205722
100,0.210105091055661
100,0.270579771197553
100,0.227170497442872
100,0.287935469448608
100,0.162062399384056
100,0.175171363148578
100,0.197149672303972
100,0.172879430634499
100,0.272897518021327
100,0.17397797624577
100,0.277930216588368
100,0.184466124768984
100,0.269873547077468
100,0.240626401750444
100,0.162641189963431
100,0.164138650835934
100,0.246283737335459
100,0.183118512941449
100,0.246827082402204
100,0.22961196712575
100,0.251292277598794
100,0.225392960003418
100,0.189127287757516
100,0.181924012082161
100,0.227198372998932
100,0.247812108342513
100,0.230912254100905
100,0.163467004150827
100,0.160779954310933
100,0.25062606649556
100,0.289924238063769
100,0.0839463499157299
100,0.193877170621759
100,0.195399371414477
100,0.243145660536219
100,0.225313345599732
100,0.194232900085517
100,0.207506596315071
100,0.217187135724224
100,0.214888380683445
100,0.165972159313838
100,0.207196896533032
100,0.215227080376538
100,0.241544155558013
100,0.13774359220279
100,0.223873275478451
100,0.219238153804774
100,0.281766244764404
100,0.238976054955003
100,0.15651644824296
100,0.266454407280834
100,0.321796359829185
100,0.166239028899754
100,0.215908069824907
100,0.177383778491944
100,0.170517732298111
100,0.115991958258091
100,0.238328204052651
100,0.156198844948983
100,0.193879792769637
100,0.188022101406472
100,0.207453538859581
100,0.156147471177393
100,0.297935077165952
100,0.192477170175727
100,0.216132466759974
100,0.240914088509805
100,0.183880264339563
100,0.253203933340179
100,0.291195237895981
100,0.158848576080148
100,0.0490880093573395
100,0.226469990814394
100,0.201435068942912
100,0.178822855526797
100,0.255361285437518
100,0.193685574045373
100,0.194759801204474
100,0.0676983316190695
100,0.214017405884761
100,0.221445905886604
100,0.20124134166623
100,0.177887546695088
100,0.0553162863216328
100,0.221806802690895
100,0.0221783427534239
100,0.245931191318729
100,0.242239702803079
100,0.264800822353128
100,0.269375195676683
100,0.162035467757042
100,0.189594181345899
120,0.260021020129791
120,0.127844226741335
120,0.241899937151949
120,0.207530754264464
120,0.243524814728011
120,0.222371779203889
120,0.124628684353284
120,0.270223721128621
120,0.191742737004478
120,0.136305849840082
120,0.206650998886839
120,0.154356952198533
120,0.300417566500168
120,0.236060343512025
120,0.228198873033034
120,0.285892147158752
120,0.249513333842748
120,0.209175278192258
120,0.252131618499196
120,0.173692702056252
120,0.228122036821562
120,0.209845583429961
120,0.108523652774846
120,0.216956659390085
120,0.176190750453323
120,0.131825469608807
120,0.25042461394704
120,0.242177038057573
120,0.263156539351782
120,0.127959625793031
120,0.174921680480414
120,0.0517478318046498
120,0.169279951453314
120,0.0295278713090579
120,0.160619400839746
120,0.180222270956738
120,0.281167616960558
120,0.26098868774863
120,0.159902195198481
120,0.201029094123492
120,0.228991866988793
120,0.283377009084197
120,0.201895465790278
120,0.209349503032002
120,0.226737218296235
120,0.216209873247498
120,0.220361873305384
120,0.263450915144387
120,0.221841210703327
120,0.210612768666907
120,0.25798817935793
120,0.221188132827037
120,0.214859805548532
120,0.165948563945846
120,0.202312732915655
120,0.195787486176155
120,0.134337531756598
120,0.173364780731401
120,0.194507648715147
120,0.203409224215906
120,0.210955376513015
120,0.192791948840931
120,0.242788320060898
120,0.183160284518471
120,0.214737063291474
120,0.245139041315056
120,0.225836999276496
120,0.236999239057719
120,0.210013730760653
120,0.0979424615082412
120,0.17197786713214
120,0.256695354381773
120,0.0741671264625591
120,0.213368613731648
120,0.292575571018477
120,0.261306174391887
120,0.214949706855705
120,0.0839245150262061
120,0.177538295841749
120,0.131631934208253
120,0.192925330271828
120,0.257619171097668
120,0.213361182518356
120,0.245400974100334
120,0.186491570563724
120,0.261375885983871
120,0.264387891914673
120,0.162410498431804
120,0.298892418225533
120,0.237928408884879
120,0.275176513671004
120,0.227831125010036
120,0.21765310868479
120,0.209522752130501
120,0.167067720464676
120,0.248547503258786
120,0.271682264869848
120,0.253390808706875
120,0.275898768160881
120,0.165679241608723
140,0.214054892692191
140,0.257839799264271
140,0.224787361939688
140,0.195525771445572
140,0.267484772474653
140,0.257589996600433
140,0.181824223675696
140,0.221547375341579
140,0.202632646675344
140,0.21675308604335
140,0.276699601889482
140,0.317112314867582
140,0.232881452159384
140,0.157250955800903
140,0.211992119797056
140,0.300967168994031
140,0.260638072603632
140,0.266829657601842
140,0.272639221985475
140,0.246804769747016
140,0.220891714413527
140,0.216039152658741
140,0.205938327169393
140,0.291121315332433
140,0.238446667951076
140,0.187402422911085
140,0.201284339553589
140,0.27307972372938
140,0.169323126270899
140,0.171075959941707
140,0.133682733711605
140,0.255603090194914
140,0.222484489538528
140,0.141492790233555
140,0.220032359545593
140,0.247736580978232
140,0.275904955962826
140,0.240582311658089
140,0.237834051192955
140,0.197559338413394
140,0.228054976598572
140,0.208593316037694
140,0.221091581388847
140,0.183625614880223
140,0.282184037991151
140,0.22910313462289
140,0.187098399685236
140,0.280562137026665
140,0.289309673990634
140,0.24318315171229
140,0.272865837078862
140,0.275716486417699
140,0.256661102639381
140,0.218156577077712
140,0.198044934008444
140,0.237608582955316
140,0.297851881809436
140,0.248005189064309
140,0.228745612143794
140,0.12768962145921
140,0.274445057677347
140,0.249419250397292
140,0.147281557804057
140,0.20098401790872
140,0.180423722194531
140,0.142572858580929
140,0.217390082034029
140,0.225993980786646
140,0.19353316309795
140,0.279035973873887
140,0.27865608634709
140,0.228576366055177
140,0.203456892646159
140,0.211691802534709
140,0.262400865725251
140,0.130471714469389
140,0.279759999625441
140,0.195165283994205
140,0.209975601580755
140,0.201578756960207
140,0.218980849982021
140,0.269612556019386
140,0.201595281843125
140,0.298007517007909
140,0.192538954187727
140,0.18188008994266
140,0.164493239267565
140,0.140511422911055
140,0.191581189664851
140,0.172823904751133
140,0.257677140637911
140,0.253690233292045
140,0.24482133783264
140,0.243087817311489
140,0.186178502516684
140,0.248095943788946
140,0.176358084927118
140,0.18135163731405
140,0.189933522036526
140,0.22366285865829
160,0.241239193284883
160,0.280703788792661
160,0.243718188991519
160,0.229258335070643
160,0.200158039198177
160,0.183402978392056
160,0.260823400266285
160,0.211341182096546
160,0.237611794577354
160,0.194108379798899
160,0.255075331085463
160,0.232732142634568
160,0.179382576233513
160,0.290273818993302
160,0.26586793592028
160,0.24742425800549
160,0.250785031979598
160,0.284817020076826
160,0.146188265319585
160,0.172187594414274
160,0.249771521019823
160,0.224167536663096
160,0.264384348791574
160,0.246105184969686
160,0.28374115469561
160,0.276027010150469
160,0.284216116059375
160,0.248289598597514
160,0.282748238716184
160,0.215878619649915
160,0.265859037898953
160,0.229128556366687
160,0.238134852701781
160,0.118749762949001
160,0.269018721701776
160,0.218680996164814
160,0.261366539207359
160,0.295702742032951
160,0.212799234422216
160,0.18329130055343
160,0.232933270804924
160,0.159189202002166
160,0.140200209398884
160,0.210305700591607
160,0.22667721292442
160,0.236058181762477
160,0.254159246683633
160,0.247066345418384
160,0.248070635953756
160,0.25855521288925
160,0.154070070124164
160,0.231125585744572
160,0.254247431419894
160,0.21483550761294
160,0.205513799294868
160,0.191610105116221
160,0.224129286362702
160,0.281604451820416
160,0.272413047461193
160,0.257649851667276
160,0.216826169482913
160,0.188878322158576
160,0.254273964067047
160,0.25410147598465
160,0.219365240816485
160,0.161325216224957
160,0.245289883989785
160,0.221844124996093
160,0.246915409670484
160,0.206995320566538
160,0.265570111365858
160,0.20739766203685
160,0.297536379580307
160,0.169178371528086
160,0.261207976760529
160,0.234643996866485
160,0.250101874678286
160,0.201017543023389
160,0.224940083824962
160,0.284404116986253
160,0.27659080174983
160,0.257503075363422
160,0.200548843270641
160,0.135563151182218
160,0.210119232011136
160,0.222063968178243
160,0.202596610671156
160,0.22046330945537
160,0.233561423029154
160,0.271022709158704
160,0.249846256345255
160,0.287583167668957
160,0.299077540176885
160,0.108722911895763
160,0.215221728679668
160,0.264712122747997
160,0.229452237407315
160,0.267893270802668
160,0.258931289198088
160,0.201241483788544
180,0.221612468211906
180,0.218435976770593
180,0.211505577077874
180,0.224942335330243
180,0.207688387479802
180,0.249444338277213
180,0.238357745632353
180,0.266610491878708
180,0.223356074408835
180,0.311955273990891
180,0.299362547771771
180,0.204450213050597
180,0.277535124576437
180,0.276050313605685
180,0.179713547404988
180,0.252232368669213
180,0.232589578229894
180,0.240842153615792
180,0.278698938312403
180,0.249826071817778
180,0.255867594672761
180,0.172908218442245
180,0.20224814341089
180,0.272339288291756
180,0.296954914969781
180,0.284494418008536
180,0.202287366396234
180,0.243531824809277
180,0.208946586807941
180,0.251689254970413
180,0.234731258819329
180,0.206036210862875
180,0.152886867564316
180,0.190504202886655
180,0.231709373278376
180,0.206580399378559
180,0.275222946388044
180,0.254986307011921
180,0.206266495948523
180,0.258779943322725
180,0.264725100059258
180,0.227693017754465
180,0.228283032309159
180,0.261421994442998
180,0.215232478175484
180,0.291445822675706
180,0.207601439938722
180,0.223326457285739
180,0.215796088248299
180,0.252464700123958
180,0.169899207207524
180,0.214666667966123
180,0.223020936412693
180,0.192733398556979
180,0.175170661291387
180,0.265119342120876
180,0.283668162340954
180,0.226390679359161
180,0.219493817828072
180,0.249816444682556
180,0.206282305440156
180,0.185240108087421
180,0.263859528623882
180,0.22875905041977
180,0.15401085164007
180,0.168669570351148
180,0.287054006859455
180,0.233394176376257
180,0.199806550502761
180,0.241413735099708
180,0.239497345593541
180,0.274904572315167
180,0.265565903250381
180,0.269901916474275
180,0.260920908873116
180,0.228331827869052
180,0.183380050212492
180,0.236218913247235
180,0.251834496562923
180,0.172503264363411
180,0.21695343285342
180,0.283404688154545
180,0.212502306312925
180,0.259748218675066
180,0.195755013814118
180,0.186468293154979
180,0.198276843641521
180,0.219110240553816
180,0.227527722734509
180,0.133395698701056
180,0.133541091055721
180,0.250850547369853
180,0.217620204235831
180,0.271972500044622
180,0.271159941000343
180,0.289543618166502
180,0.193861141980118
180,0.255705312680913
180,0.238538406842301
180,0.294766169528073
200,0.290552885648393
200,0.19503518186164
200,0.20690981753071
200,0.205073718579534
200,0.292939459722832
200,0.269522914763984
200,0.246947908677643
200,0.193060326448775
200,0.248947943824025
200,0.275716850509667
200,0.286053652372837
200,0.281712900119568
200,0.273526574627298
200,0.22050803448742
200,0.254501912127377
200,0.251232061110623
200,0.268808612656429
200,0.199570850145128
200,0.252365784410557
200,0.224565361615083
200,0.218842671275439
200,0.274239671453242
200,0.192412765635994
200,0.170767598839677
200,0.157358066846181
200,0.235812051173858
200,0.21732651635619
200,0.240201528812757
200,0.242937322034486
200,0.217578127169455
200,0.250056881672443
200,0.272419690340046
200,0.211570624814251
200,0.190353774195611
200,0.221177236340971
200,0.23608141214891
200,0.223756149891006
200,0.166331127502068
200,0.262726603803839
200,0.230786589164208
200,0.228533899408088
200,0.302445044583521
200,0.224204346848188
200,0.244184228824174
200,0.244096534920856
200,0.273989597220302
200,0.299821452015774
200,0.250326152230847
200,0.305784203103786
200,0.146452727721113
200,0.235175393475296
200,0.196872189676998
200,0.196126055985894
200,0.277100660185265
200,0.269559466407867
200,0.175426107253792
200,0.233346227777935
200,0.249747232017481
200,0.230523903413373
200,0.268193895915627
200,0.259498811014894
200,0.19748502214256
200,0.204078960237554
200,0.267899772289961
200,0.240760002573105
200,0.251934047164287
200,0.283773281331967
200,0.279851156988059
200,0.283170243465727
200,0.303644403408897
200,0.265878005007883
200,0.225884013578202
200,0.273091515798597
200,0.192757914313639
200,0.206611189731368
200,0.197516586932337
200,0.242742976736275
200,0.256968273322163
200,0.248038445875358
200,0.230870634815234
200,0.180113980489425
200,0.233811247300642
200,0.208382601893839
200,0.226332032194512
200,0.18480132064817
200,0.262044294583246
200,0.283142395677856
200,0.278471111647087
200,0.192565715480264
200,0.166077540040991
200,0.23510884082571
200,0.152414827759622
200,0.254946622376024
200,0.216939599142523
200,0.24753333981344
200,0.207140581818773
200,0.242574217134501
200,0.294217136414399
200,0.202053507953198
200,0.275693612053656
220,0.281522960725708
220,0.243310150686209
220,0.296148444744001
220,0.262535806973687
220,0.26267253399297
220,0.189577945108928
220,0.289008794589066
220,0.244648518591164
220,0.281655840684772
220,0.273748795289254
220,0.246070255664359
220,0.216309980589883
220,0.297869496755224
220,0.246238262042097
220,0.251454859565657
220,0.197711593983921
220,0.26159455288456
220,0.175189648409044
220,0.231495703261642
220,0.257188411655822
220,0.222576978131513
220,0.191049892539633
220,0.297376238199246
220,0.231023314200949
220,0.265642939874474
220,0.287881098738835
220,0.246152756848576
220,0.20284665445988
220,0.264240489046831
220,0.283069933567048
220,0.294639250934579
220,0.26302507364458
220,0.252855203072107
220,0.245455785672389
220,0.234396672423465
220,0.250770503707911
220,0.262434389707181
220,0.235594216737881
220,0.261894455773097
220,0.240278988769013
220,0.234706916438389
220,0.257177336489495
220,0.266975630340912
220,0.272150081435891
220,0.300197410454168
220,0.221195349289508
220,0.245795570234146
220,0.279257593155397
220,0.251261461605888
220,0.2603474080717
220,0.231528407426962
220,0.205580154122754
220,0.208035604061987
220,0.252778742757183
220,0.295734017940688
220,0.275069229379857
220,0.253041105670447
220,0.206348933792264
220,0.297792598351564
220,0.205541503461908
220,0.230917245296969
220,0.268251011840939
220,0.234027201835389
220,0.274204491024314
220,0.223740940125074
220,0.230272586525047
220,0.227624482306392
220,0.236389328817393
220,0.228648433020914
220,0.232428012887946
220,0.250934128847499
220,0.205734196149153
220,0.241428972867346
220,0.244375411255185
220,0.256043295943064
220,0.246352321050394
220,0.31000968887725
220,0.227132188084766
220,0.261557486126371
220,0.279315891745789
220,0.236110039241004
220,0.251271239371555
220,0.27680541151284
220,0.255632746138075
220,0.177232115775744
220,0.221552171008617
220,0.272651368537815
220,0.143996317745906
220,0.228724192061317
220,0.220626318472697
220,0.248980864946444
220,0.303897287669154
220,0.250184415446844
220,0.263111132930397
220,0.300778481464157
220,0.14378858996661
220,0.276222681149273
220,0.247697364063182
220,0.270423269824261
220,0.241312392520529
240,0.281771447379407
240,0.283253235222164
240,0.241830020653671
240,0.226918867130307
240,0.276480914514349
240,0.254936051559361
240,0.236609542156628
240,0.214543569835073
240,0.250137659826573
240,0.240007509266245
240,0.227406208579755
240,0.257458352444644
240,0.300002213592599
240,0.257544762211847
240,0.304007043219903
240,0.263463680697905
240,0.251641593336332
240,0.235986976686033
240,0.264939471573736
240,0.265995429753216
240,0.231375408041561
240,0.292932183648795
240,0.291142584082269
240,0.266400775955417
240,0.282413006973448
240,0.261015568085316
240,0.287272725074843
240,0.288499657991037
240,0.213719234638921
240,0.258265587353202
240,0.174175685100578
240,0.243935637133512
240,0.25050867214438
240,0.292242827616691
240,0.264963998442882
240,0.250342147303835
240,0.228406153208842
240,0.232402696775197
240,0.249518701517024
240,0.315939950109024
240,0.246710297559338
240,0.245995588929695
240,0.212984990066331
240,0.28681857354282
240,0.267664225520882
240,0.265732249730925
240,0.248889076812831
240,0.251069354584821
240,0.268831881508169
240,0.294612719013832
240,0.255225454850143
240,0.205493455651987
240,0.231791629517771
240,0.255799939806529
240,0.21379734672972
240,0.278993893292623
240,0.254147813046466
240,0.235289703061245
240,0.251592383771859
240,0.253118710562074
240,0.151419441265061
240,0.250833111543728
240,0.230247066957361
240,0.246621940107633
240,0.247459480008258
240,0.278414840513704
240,0.30442855238129
240,0.222426909781499
240,0.293744558529955
240,0.227765249044442
240,0.309270753838035
240,0.242149403247984
240,0.225100552213393
240,0.279740646970267
240,0.192617565947505
240,0.274612045410366
240,0.284335827877931
240,0.206125245783675
240,0.250329106331628
240,0.285166148933339
240,0.267716354631362
240,0.225633141293444
240,0.280647657416218
240,0.26976864061777
240,0.303977910235891
240,0.271859110310872
240,0.243358245586117
240,0.239260681910835
240,0.316001277218591
240,0.249881705889844
240,0.274170122936369
240,0.246963592778484
240,0.239435887578032
240,0.201450585175509
240,0.275490380918019
240,0.264033248140931
240,0.23782100489616
240,0.306939040237669
240,0.255802617623598
240,0.240885331561426
260,0.279565395710875
260,0.250486978435296
260,0.232629822585897
260,0.264790571245434
260,0.230289317736358
260,0.25574513204613
260,0.253223834100645
260,0.202071053186688
260,0.294481948237483
260,0.241850223123191
260,0.246184051039529
260,0.214768734856339
260,0.267350257760202
260,0.286864056034151
260,0.265554165386434
260,0.308764051422438
260,0.305914313196785
260,0.282612560622253
260,0.259492476657285
260,0.237746415889004
260,0.220264780946686
260,0.254873304928634
260,0.244041758590431
260,0.26056818364359
260,0.279832935950849
260,0.256241923036647
260,0.255370087432624
260,0.213491507594506
260,0.224584054978553
260,0.263315460563942
260,0.275370698919943
260,0.247651305914474
260,0.250228053690087
260,0.284592492312125
260,0.218812953206538
260,0.261747995074836
260,0.232419618237205
260,0.247432470427535
260,0.248270652880579
260,0.25300734315423
260,0.305278209453392
260,0.255244643531779
260,0.258944310178489
260,0.20081963563261
260,0.255853054959209
260,0.295745606151484
260,0.244118304635646
260,0.286740955983728
260,0.3188414882766
260,0.241116490901235
260,0.285625509251979
260,0.290295881072739
260,0.181491710217754
260,0.288729387688334
260,0.253049005319936
260,0.211389771450311
260,0.211782848087521
260,0.200569544688197
260,0.253245922237786
260,0.246042277982359
260,0.257278168625736
260,0.264767695112498
260,0.194269658172499
260,0.239352226446089
260,0.284401736181708
260,0.327382264085361
260,0.238769092959447
260,0.270785050410039
260,0.269830412435485
260,0.284195654917412
260,0.218104019122754
260,0.175323231020394
260,0.304589237012913
260,0.287891643446858
260,0.275637073512826
260,0.290670802047716
260,0.184748801968716
260,0.238094701478435
260,0.263949695572674
260,0.290234177519877
260,0.196872761733641
260,0.215098965223868
260,0.198106236414233
260,0.237782620684189
260,0.281702264006545
260,0.266325957126295
260,0.225308920616587
260,0.16065011257471
260,0.22227124873322
260,0.258255291576303
260,0.193137324660719
260,0.279665958663595
260,0.269612527305725
260,0.282808361325989
260,0.238697594713713
260,0.213802523924798
260,0.19919232081577
260,0.21458475694197
260,0.234503978571012
260,0.242131248787028
280,0.307981325301321
280,0.244495313421426
280,0.222824379856844
280,0.257484134517728
280,0.262066629443297
280,0.318958365345315
280,0.300029821240773
280,0.255518589980673
280,0.262089288462515
280,0.261605836239552
280,0.305793508221851
280,0.224612028837008
280,0.272216650485861
280,0.212149358107732
280,0.216090405807381
280,0.235104919937166
280,0.293537806498833
280,0.198112107244347
280,0.262230099542847
280,0.256688506040848
280,0.252669461984633
280,0.217254988517908
280,0.221414399991511
280,0.211239158316018
280,0.26787004170428
280,0.16958965810362
280,0.268809840122672
280,0.249889862745245
280,0.222090900316008
280,0.288084025858607
280,0.284484217504448
280,0.213291815596593
280,0.264027744945215
280,0.278638584104124
280,0.273953439285748
280,0.299110804462727
280,0.286653322788062
280,0.260912715899627
280,0.279587383556572
280,0.307906167911162
280,0.266260465387202
280,0.278606353680982
280,0.234161428818687
280,0.247220165262852
280,0.287022610400661
280,0.238256181636667
280,0.248229348762699
280,0.254797469366701
280,0.221370832174594
280,0.218844919094474
280,0.316037672040082
280,0.274963791696705
280,0.23818060007638
280,0.245055191260906
280,0.278062375465748
280,0.261763853753717
280,0.303000098625088
280,0.297226948256936
280,0.255748453694045
280,0.201611068883362
280,0.294135992550297
280,0.285058884766278
280,0.271932491573427
280,0.256382563935665
280,0.256907120923021
280,0.25286783074664
280,0.266756756301234
280,0.235447739273451
280,0.285725011800401
280,0.289306464387811
280,0.221766694780206
280,0.205480527873952
280,0.244620267840571
280,0.22340732134518
280,0.249328252495703
280,0.255668941884131
280,0.214853679240751
280,0.259562428634417
280,0.283411355790694
280,0.276010616955336
280,0.306861770011871
280,0.319681842053514
280,0.244534175453989
280,0.281711705284112
280,0.257492422152878
280,0.247567795117241
280,0.254045565410393
280,0.302665313665755
280,0.262209407137592
280,0.27720938078737
280,0.274300568307671
280,0.236431751536345
280,0.252798298286083
280,0.243771107010215
280,0.23568390621883
280,0.279481676834056
280,0.282759094653304
280,0.306184312442685
280,0.281717011373805
280,0.276206811230705
300,0.267675301479817
300,0.296761742618584
300,0.234148802502676
300,0.212836342971061
300,0.261849939454868
300,0.287732983629035
300,0.303914402215657
300,0.269056979141574
300,0.272367580530502
300,0.301006509428677
300,0.255677298351789
300,0.247225658092711
300,0.278182673937774
300,0.310093382332686
300,0.208941081765501
300,0.300036273701429
300,0.27961896404632
300,0.288393853431191
300,0.178999229099162
300,0.272008825266354
300,0.301850471097203
300,0.241360359336031
300,0.302358177745233
300,0.293154135722997
300,0.252002778884101
300,0.291862828259103
300,0.23524243687302
300,0.289851531010363
300,0.291674484013016
300,0.231921002109416
300,0.299601108188368
300,0.272187120981341
300,0.302905067820356
300,0.244584256964454
300,0.272933926538944
300,0.263350428535896
300,0.276307171435892
300,0.291190715542819
300,0.26676199311438
300,0.282073648463196
300,0.284746738975355
300,0.281658331880205
300,0.269539882014262
300,0.309373733406886
300,0.28143070007211
300,0.234542517990323
300,0.255829004714931
300,0.242773850245478
300,0.258206108073039
300,0.240767744523911
300,0.214113391507837
300,0.288778659990169
300,0.206463002103459
300,0.198055777150699
300,0.300138477131767
300,0.234945697426275
300,0.224725326694754
300,0.278950255588558
300,0.302696588649191
300,0.269974254930925
300,0.288506770846796
300,0.247754712295799
300,0.326380446127647
300,0.284221675230788
300,0.270339919243364
300,0.26065363765133
300,0.234152301962711
300,0.231035392914121
300,0.238709503422118
300,0.289374630046216
300,0.267032605740807
300,0.266539158873982
300,0.248555210324734
300,0.289733416273824
300,0.253124558261331
300,0.189242196971336
300,0.245149146406578
300,0.308159000016372
300,0.254652456776144
300,0.281501256757256
300,0.268609290983598
300,0.301470587115969
300,0.265995617477881
300,0.22746204906525
300,0.250843103662648
300,0.271199760694424
300,0.269639790002237
300,0.276895040049856
300,0.24821692380589
300,0.227163708155059
300,0.228471197905655
300,0.244960639878726
300,0.238907560640141
300,0.281402044971183
300,0.231674041608154
300,0.282894050903204
300,0.278320445080995
300,0.217028812954571
300,0.30262595258229
300,0.300625007197739
320,0.296339247744289
320,0.268717462454496
320,0.247450759114041
320,0.272366844815849
320,0.240478017260656
320,0.218281625046756
320,0.296257107155597
320,0.284980638066297
320,0.270158540020948
320,0.285378441626393
320,0.222776599054176
320,0.24538044473452
320,0.279666104556445
320,0.27758005576946
320,0.28293027062687
320,0.248143032599993
320,0.261754278325545
320,0.230085869217515
320,0.268410379345329
320,0.299361194001204
320,0.206314077260161
320,0.267093128619698
320,0.226165757749056
320,0.278467146194753
320,0.298310543437713
320,0.247053575920648
320,0.313364145889086
320,0.281695777618026
320,0.293131373033646
320,0.254957731440986
320,0.28957479539899
320,0.290470214846475
320,0.225409291685567
320,0.329257970549768
320,0.27061457624903
320,0.266085266316987
320,0.249391638529461
320,0.25971770203209
320,0.280885464418916
320,0.285797496693288
320,0.241583994664172
320,0.252550191112602
320,0.302199233951608
320,0.26981872590956
320,0.21342665577099
320,0.255298412262689
320,0.321123391887047
320,0.302610972720524
320,0.274515862303076
320,0.288284487866223
320,0.244196543451055
320,0.26925010316853
320,0.277903770663858
320,0.294761457920289
320,0.208343595710652
320,0.266813311551324
320,0.238797202961142
320,0.239968698641313
320,0.284969664015912
320,0.296469082607953
320,0.319030175670576
320,0.235234238761219
320,0.244419037704289
320,0.259652231139577
320,0.251212011578422
320,0.271748681778925
320,0.264269070111336
320,0.251547279030143
320,0.252008906818683
320,0.25400655307145
320,0.260091289067418
320,0.293288586829672
320,0.239161167509342
320,0.277513765864918
320,0.254450854165578
320,0.259743918871197
320,0.283966247887816
320,0.207670816904967
320,0.257874448083659
320,0.309640637391842
320,0.233289877504896
320,0.263717133668422
320,0.311798662912526
320,0.23529031244625
320,0.286789090068914
320,0.303365882119938
320,0.309934436770219
320,0.308307309571068
320,0.254131957694578
320,0.278948158871606
320,0.233041407342557
320,0.236239556261956
320,0.242584937464236
320,0.26949513979479
320,0.262690005400131
320,0.292863299390656
320,0.274282650374553
320,0.248939405303875
320,0.216520866756979
320,0.262264346595432
400,0.312708693030449
400,0.309229567208326
400,0.272579188210634
400,0.276111223326368
400,0.296163607323819
400,0.226190503850633
400,0.261321768151698
400,0.278507788704079
400,0.246020845386962
400,0.31170286070116
400,0.282892430137788
400,0.312492989245845
400,0.312785895975544
400,0.1980110072181
400,0.290893838242975
400,0.294000026006579
400,0.290981502904718
400,0.276006001213672
400,0.266772173693668
400,0.202424814142721
400,0.247728741980787
400,0.29356552027803
400,0.297828996031206
400,0.247960249873827
400,0.280902776206547
400,0.275612849982475
400,0.254958370670547
400,0.338062525350409
400,0.281395163684304
400,0.260836227436319
400,0.245112099481072
400,0.292985938888449
400,0.269860624371825
400,0.296987560916385
400,0.225189965618653
400,0.245216429514585
400,0.279567186057947
400,0.279214113347012
400,0.274527895655076
400,0.324114104231776
400,0.217642810106972
400,0.261468698708796
400,0.275349448014623
400,0.258643956780714
400,0.273011723706559
400,0.267590002663164
400,0.273812749447778
400,0.286665637247021
400,0.288183864163499
400,0.300942272959972
400,0.251618607998147
400,0.272049560646267
400,0.282735957132758
400,0.249095877119715
400,0.29154282365557
400,0.29317485648798
400,0.2864384446882
400,0.272912951734743
400,0.273580097065969
400,0.296220447929447
400,0.271512978284662
400,0.270147178587444
400,0.297546135361608
400,0.298120184610076
400,0.202444508027417
400,0.319311144930357
400,0.271308641744666
400,0.291599389650803
400,0.233268008776623
400,0.291925236691043
400,0.260267798180572
400,0.241484658883002
400,0.275233182944037
400,0.283262143177359
400,0.262907379516016
400,0.308719194891403
400,0.304136414729882
400,0.231582749808906
400,0.259852620697717
400,0.259937331411632
400,0.336208888528928
400,0.278558641506333
400,0.284258665937106
400,0.286543191045362
400,0.314522280554948
400,0.258593128070894
400,0.262750141098881
400,0.269725750986657
400,0.262786610775206
400,0.271611418569451
400,0.27120277292268
400,0.281061817352256
400,0.277985418656759
400,0.278646999899227
400,0.253763335524949
400,0.276609516586303
400,0.259921828938927
400,0.286667723992678
400,0.260882242608985
400,0.263895024702813
480,0.236229099496472
480,0.27036868997766
480,0.332147654617595
480,0.296224222992778
480,0.27857409719406
480,0.312572750572987
480,0.298468215340643
480,0.242001521066714
480,0.279059115698775
480,0.293488297730041
480,0.341600151639203
480,0.319845221875662
480,0.312747490687771
480,0.308836699371601
480,0.303134537338119
480,0.271456658262044
480,0.287804405722452
480,0.289424199545765
480,0.246631425727729
480,0.270636182339537
480,0.289896816261779
480,0.306476116495456
480,0.267502571626441
480,0.264904800011465
480,0.305497881269597
480,0.273515098434693
480,0.307261931485515
480,0.270489453037555
480,0.28305448812794
480,0.315427792452742
480,0.318592006047749
480,0.263509818689615
480,0.31948765525537
480,0.25166827373876
480,0.302120591093131
480,0.272681591191788
480,0.289460483041357
480,0.290862224716681
480,0.273814151592125
480,0.302123962027085
480,0.307261768941799
480,0.291825392413485
480,0.275386855072108
480,0.279169038203249
480,0.31081037563953
480,0.290767287084164
480,0.287321655167504
480,0.300051508624116
480,0.336992292983207
480,0.286060062976349
480,0.2525676848047
480,0.303168267870207
480,0.278543971539533
480,0.257953848359947
480,0.283096628045286
480,0.290180211543891
480,0.292201309562292
480,0.330101510711142
480,0.294740808393933
480,0.234399518135518
480,0.330318126188407
480,0.303225187966024
480,0.300214225233838
480,0.296424890935985
480,0.310327206394605
480,0.290991068226569
480,0.307871622156671
480,0.290523558018569
480,0.323178163662425
480,0.269702847327034
480,0.29625647581364
480,0.294676258653481
480,0.295540025376246
480,0.311158007654429
480,0.323169612207891
480,0.288352674147986
480,0.251103034030848
480,0.260594045904687
480,0.302299943414934
480,0.311842213803781
480,0.318602486817804
480,0.288106744335436
480,0.265525944249041
480,0.27851766404716
480,0.319299466242114
480,0.299502807479172
480,0.275466367263873
480,0.284216628617858
480,0.295228155421235
480,0.254863815853566
480,0.304470006328513
480,0.334782796655229
480,0.252174529023995
480,0.297285749648242
480,0.249236372534839
480,0.248155807743084
480,0.293848459444809
480,0.28506877849748
480,0.31121209650948
480,0.242112607740756
560,0.31331797798075
560,0.339682641367015
560,0.292413984076968
560,0.302001783577062
560,0.299520114251387
560,0.320633509914856
560,0.285434245554943
560,0.306252663075038
560,0.293916321850266
560,0.298467116249507
560,0.273818183301501
560,0.291903681312341
560,0.253848797619911
560,0.28975197170148
560,0.317106089841941
560,0.266633391503064
560,0.29034179277152
560,0.299551352785992
560,0.29633548039688
560,0.306184506536134
560,0.302826797802115
560,0.303175487238297
560,0.29663986313803
560,0.305133557868528
560,0.294991389897087
560,0.289063294611875
560,0.307564765194555
560,0.294129563969973
560,0.276731586545587
560,0.276722574139032
560,0.299940041628186
560,0.288416305520798
560,0.28391492828071
560,0.252252813135663
560,0.308321715254435
560,0.256167719342641
560,0.284652380562118
560,0.301718743049123
560,0.293017709822834
560,0.294806479938091
560,0.291370217050811
560,0.279891167125434
560,0.310043105906183
560,0.295885866090828
560,0.264503698703616
560,0.306569589317247
560,0.278150764258312
560,0.304012133649172
560,0.265365399127746
560,0.294708618999506
560,0.296165938330247
560,0.285863619289096
560,0.316277049982008
560,0.304813289889039
560,0.314087639816911
560,0.300711314317828
560,0.317009636439858
560,0.295680512772044
560,0.280044087126127
560,0.299702396107542
560,0.283081464736484
560,0.324422296521054
560,0.239425285054602
560,0.291293967819384
560,0.275822578490143
560,0.305754507906973
560,0.24041384827083
560,0.285555785101693
560,0.271295957673617
560,0.273059715463185
560,0.314145701171442
560,0.289940363384548
560,0.307820906519226
560,0.331509157535159
560,0.292656266339694
560,0.261143004714766
560,0.286534262509057
560,0.295401679574359
560,0.340752187819919
560,0.271074333504854
560,0.282932557055488
560,0.293364941425182
560,0.327234704235555
560,0.252408578092007
560,0.268730159901058
560,0.257442241663738
560,0.308858411153004
560,0.287135514130946
560,0.279817901148183
560,0.304663411556389
560,0.267922472992453
560,0.295049257745776
560,0.29134810763817
560,0.225548094021859
560,0.331496465991385
560,0.308093941511261
560,0.300154741898871
560,0.331830711952255
560,0.256304580758154
560,0.272536647067033
640,0.31190635110611
640,0.245814569642531
640,0.275027392305159
640,0.292882236774972
640,0.310656562289202
640,0.292295243375973
640,0.308944601378418
640,0.307596501240071
640,0.297972178721557
640,0.312298586529607
640,0.312336708977622
640,0.296882577516559
640,0.34000080239468
640,0.272783607347475
640,0.328242892773298
640,0.279303236407573
640,0.300220349931576
640,0.299723593626988
640,0.313625747601462
640,0.30441121714435
640,0.273236293784389
640,0.293994668881202
640,0.308588322488834
640,0.269161505052765
640,0.319320766166208
640,0.318716426739873
640,0.25744725088391
640,0.331735292300472
640,0.286876217030697
640,0.288044255373248
640,0.268088062765735
640,0.270388644859927
640,0.317406449365657
640,0.336930886796981
640,0.304082479048545
640,0.284606549960681
640,0.335604551499918
640,0.281514743946844
640,0.314958790658014
640,0.246249969640594
640,0.268270818797055
640,0.27876960588434
640,0.300033691168421
640,0.335290182078441
640,0.319994022358304
640,0.264117092559583
640,0.300870614236938
640,0.273161811485531
640,0.269616171740173
640,0.314384860955
640,0.309652377407956
640,0.318245283340072
640,0.2921760092476
640,0.297551025138195
640,0.283675571880266
640,0.295095567597218
640,0.297186545862501
640,0.315459536621887
640,0.264784117291128
640,0.318485690579863
640,0.308740718985803
640,0.307784615193025
640,0.314327454018719
640,0.269068360053837
640,0.261519347847785
640,0.293523507204688
640,0.29116805951709
640,0.296065955386104
640,0.273654332322747
640,0.322851318727044
640,0.268637438887665
640,0.318285127930623
640,0.321770929786736
640,0.31303237852276
640,0.270296600015584
640,0.310142792124084
640,0.298510738029599
640,0.278001447196797
640,0.311315115455715
640,0.314206698561943
640,0.308703591807832
640,0.287614308958613
640,0.296145917315237
640,0.290040360225678
640,0.342207197295212
640,0.25515477249064
640,0.305616361752217
640,0.313684970499907
640,0.293660971613853
640,0.329276517752986
640,0.24396446879483
640,0.285032051839303
640,0.336896837811342
640,0.290835110743292
640,0.286223083030678
640,0.339967349039335
640,0.305283416083806
640,0.324763149161454
640,0.303862573900785
640,0.290023226698832
720,0.321613921573196
720,0.278930513071799
720,0.280428165071285
720,0.260989796211857
720,0.291661022148377
720,0.308117461175467
720,0.296171430676439
720,0.3216728839947
720,0.306614795222612
720,0.308502229801144
720,0.295742611803518
720,0.2975864784842
720,0.327684218292943
720,0.346880021332617
720,0.303764665956981
720,0.299694987560975
720,0.324874859446203
720,0.275288606823568
720,0.305024173005852
720,0.294204809720694
720,0.319574266123655
720,0.284490338954496
720,0.279437342693035
720,0.283148057993437
720,0.319256188788349
720,0.296055669257043
720,0.276801776974406
720,0.301743398409368
720,0.284085257516475
720,0.298377845782888
720,0.325281004731707
720,0.306119900934796
720,0.296142750785685
720,0.259469140933284
720,0.275993368349961
720,0.282295997761825
720,0.284048861991387
720,0.280060736466851
720,0.286577364979829
720,0.292344742321079
720,0.289630222018295
720,0.293519057762161
720,0.304385720973139
720,0.296957854394512
720,0.282163007927014
720,0.28813380871188
720,0.2688080186866
720,0.314020721290075
720,0.264237067111733
720,0.276149852171892
720,0.274663433256466
720,0.304902365782343
720,0.304458056730361
720,0.294765991743694
720,0.310251942633049
720,0.283771616361059
720,0.287849785869707
720,0.300145870477248
720,0.339883924884487
720,0.267360393266364
720,0.322918956313025
720,0.301392722419883
720,0.324686622684251
720,0.257098884395604
720,0.257367773230273
720,0.313932477266171
720,0.347136353376676
720,0.332171768934675
720,0.316113614999635
720,0.310589279184656
720,0.303253069102055
720,0.30996583016456
720,0.29768990747101
720,0.298322873377433
720,0.319665178823426
720,0.336027630506601
720,0.314681508691431
720,0.318074603919371
720,0.293371382203291
720,0.294621162292832
720,0.293320851888751
720,0.294241704871675
720,0.316783167786602
720,0.283251830701953
720,0.318839751511406
720,0.318622610491542
720,0.299691994253351
720,0.282784173936296
720,0.284748910660939
720,0.288366424045132
720,0.294381084087626
720,0.311256981990587
720,0.328507508610282
720,0.330131782391336
720,0.314136054395974
720,0.329444518067823
720,0.244545488030647
720,0.299999194762263
720,0.264142065677616
720,0.296241889902293
800,0.292386649349943
800,0.326961207525737
800,0.258521969169015
800,0.315074853759733
800,0.299418213983468
800,0.292529645663347
800,0.324368268514587
800,0.313400460174474
800,0.321021270895195
800,0.311727447095918
800,0.303472543182987
800,0.319450184514592
800,0.271561016160431
800,0.303424257121975
800,0.28841487227942
800,0.257174604966367
800,0.313083740641012
800,0.305121604268813
800,0.307401305067828
800,0.277018990671726
800,0.311498690786545
800,0.283215189326461
800,0.320852216125096
800,0.306079419653833
800,0.309702051298316
800,0.292396855017262
800,0.289299828519946
800,0.266424795082913
800,0.31298739267962
800,0.287519698733206
800,0.316148046832593
800,0.33007655234027
800,0.311109357600073
800,0.332555335562764
800,0.319588281361338
800,0.330244890292297
800,0.291493238703403
800,0.307817007142364
800,0.322460980447292
800,0.298596758244922
800,0.326168982681809
800,0.280220550681547
800,0.330323158376587
800,0.272009575564453
800,0.302287703316121
800,0.308010474664576
800,0.316269907841364
800,0.275824039097672
800,0.26568606965748
800,0.311561949765726
800,0.308727889063778
800,0.298078416026322
800,0.297337961346518
800,0.279025335165299
800,0.283110282080981
800,0.274689126757018
800,0.290559312410934
800,0.306240690481521
800,0.320526833226654
800,0.286204375013827
800,0.278435211498629
800,0.283651347870668
800,0.31093198367852
800,0.289143087555158
800,0.281074357545636
800,0.281389837660465
800,0.31708862165001
800,0.258643128921491
800,0.340627253485132
800,0.300275960598222
800,0.33168935533768
800,0.265840191402284
800,0.282305900376502
800,0.307147549351483
800,0.292057857490447
800,0.284750082460228
800,0.283733334147754
800,0.259914022728494
800,0.294207392111588
800,0.306762789439452
800,0.290990097629636
800,0.282715761971472
800,0.294378636457418
800,0.292390415261911
800,0.33352456876462
800,0.302880685626934
800,0.303472470668124
800,0.306110574470747
800,0.301311630294859
800,0.269123648459659
800,0.288160141346647
800,0.266735903948931
800,0.294303860154906
800,0.295001304533146
800,0.28702632487455
800,0.279544594130112
800,0.294188387332229
800,0.29023619423759
800,0.29969614545363
800,0.306660045423267
880,0.274628388119129
880,0.288476739718289
880,0.246237165156644
880,0.277170617569282
880,0.293597636850279
880,0.290872438348296
880,0.263144677461887
880,0.296151561283287
880,0.312692233396138
880,0.315816318162436
880,0.30917300517414
880,0.29645601103655
880,0.301898878728621
880,0.285508161322964
880,0.300706507393915
880,0.275988813909934
880,0.262526821683232
880,0.310829408541519
880,0.304302178901516
880,0.302263860563958
880,0.303539053120132
880,0.29046718087658
880,0.295614274526745
880,0.309543833478883
880,0.30489786334739
880,0.286501092406846
880,0.296593811476293
880,0.300933875894293
880,0.287762262700781
880,0.302520854802031
880,0.278013206169845
880,0.28950434696105
880,0.305610210143783
880,0.316498128357864
880,0.321377492317891
880,0.277924456319378
880,0.28613525399217
880,0.319349137684203
880,0.242802530779466
880,0.266118839921332
880,0.273839145765115
880,0.271299682688526
880,0.295424874613939
880,0.319710490085937
880,0.280533683966332
880,0.281865051896869
880,0.322644764622703
880,0.286978453766053
880,0.29417857923124
880,0.287924601254887
880,0.317518088923286
880,0.258048057475452
880,0.277940901680206
880,0.277072273456747
880,0.313172948045242
880,0.308689765573007
880,0.271229549460549
880,0.311713350761466
880,0.299138519239804
880,0.287710573972807
880,0.309319141125984
880,0.309304487968785
880,0.276976607910114
880,0.317708648861212
880,0.275398024261371
880,0.272272638413313
880,0.31748026667666
880,0.240565021752804
880,0.28308361608033
880,0.310810779762296
880,0.256584077869776
880,0.257960067498076
880,0.288070475986462
880,0.305966688160104
880,0.308596922067236
880,0.302703954425038
880,0.286462470680449
880,0.301927538196253
880,0.332158660731997
880,0.297781055767143
880,0.287884216087285
880,0.321422033254386
880,0.310313077950007
880,0.337743730361639
880,0.280524321501257
880,0.310798078771548
880,0.283064890064937
880,0.311754152951083
880,0.300898530573924
880,0.303534346532386
880,0.295414479649072
880,0.305896493527151
880,0.265827915493857
880,0.295754785218216
880,0.295934672553647
880,0.281545001072908
880,0.29266079213277
880,0.327881193962293
880,0.294834216062395
880,0.30031388892058
960,0.292522487239931
960,0.326800436541586
960,0.276761048821225
960,0.329502005806589
960,0.30467814929136
960,0.291934223964741
960,0.282521690284074
960,0.279944066459744
960,0.284664635149067
960,0.282655312240533
960,0.248433166922463
960,0.293399415867703
960,0.292360037515208
960,0.283528400746828
960,0.325586845617306
960,0.312941105887397
960,0.303301677828972
960,0.293901499345293
960,0.264895923322425
960,0.284717567886168
960,0.259564607847472
960,0.307646479083427
960,0.28314656116316
960,0.265272732078932
960,0.320222263034049
960,0.299078116200509
960,0.267742695300409
960,0.293484288201543
960,0.293151163501963
960,0.271532749574321
960,0.294936951796401
960,0.288628143169133
960,0.314942504000985
960,0.29566300336697
960,0.257026159224032
960,0.314951740867075
960,0.319134770291403
960,0.273241008221962
960,0.307396180843071
960,0.30065263262627
960,0.282707420812845
960,0.281313984954138
960,0.30476251827725
960,0.31389279689209
960,0.25143131080784
960,0.288579929857732
960,0.308782005977923
960,0.314537886607367
960,0.30771818919946
960,0.31715128896311
960,0.289448277102396
960,0.290792923952751
960,0.279931099374423
960,0.312077677675631
960,0.308716945639565
960,0.248592032467285
960,0.272389541043252
960,0.265754016153025
960,0.317171127960698
960,0.26856476308942
960,0.277973414908325
960,0.296027545887434
960,0.293817464784644
960,0.293980562265573
960,0.295187206479844
960,0.305947596309273
960,0.262367360382507
960,0.291868651141926
960,0.29920353556492
960,0.284710807646918
960,0.284804411458978
960,0.290853645777963
960,0.307374078734204
960,0.317553903904449
960,0.306780407870909
960,0.282103735637856
960,0.280260211920093
960,0.301317254780681
960,0.285258887014555
960,0.299679452255537
960,0.298422491975451
960,0.273328923883345
960,0.301642322170821
960,0.305294641757881
960,0.312313860498429
960,0.286116065374351
960,0.300108271816006
960,0.290673162303504
960,0.306313727862283
960,0.30700971620441
960,0.311990456033191
960,0.31270623207679
960,0.323896794938619
960,0.28751113738962
960,0.303542983715053
960,0.281307304742062
960,0.258320480862422
960,0.316595145741324
960,0.279491444111611
960,0.301171952572352
1040,0.27063734369467
1040,0.331911381962611
1040,0.2867884761432
1040,0.269997486767258
1040,0.317422144091499
1040,0.268951346561294
1040,0.274983732525866
1040,0.299036666104393
1040,0.289098672653122
1040,0.315172649345351
1040,0.329283352307457
1040,0.292053551793516
1040,0.301324731712999
1040,0.293156000623847
1040,0.298661115233943
1040,0.285593799027561
1040,0.29128153786658
1040,0.326317716337486
1040,0.300311237896218
1040,0.270511229970675
1040,0.317916464376483
1040,0.316732278024087
1040,0.297139671013503
1040,0.280967138892611
1040,0.297189535105689
1040,0.27955478051215
1040,0.310096396845937
1040,0.31450306708226
1040,0.290297258789276
1040,0.297860383891309
1040,0.273347549960821
1040,0.302918822977264
1040,0.302512137091964
1040,0.274840289030438
1040,0.288656512050914
1040,0.287320126620025
1040,0.286524526736578
1040,0.289605981705089
1040,0.27195463870415
1040,0.295619163252187
1040,0.285242384743653
1040,0.286353293850151
1040,0.294550859911101
1040,0.275246855855022
1040,0.27840177456873
1040,0.28965917227148
1040,0.29802356252475
1040,0.277513471491038
1040,0.314411817435552
1040,0.280392068120903
1040,0.305583726693892
1040,0.293939744559017
1040,0.28920161347391
1040,0.301078714933081
1040,0.287829460436793
1040,0.309950789748802
1040,0.284854425876764
1040,0.307050548554121
1040,0.269943728284458
1040,0.293773606176416
1040,0.292899864492542
1040,0.295309379867228
1040,0.313519974496742
1040,0.277641737749089
1040,0.315629608335576
1040,0.285395419053327
1040,0.286966481608595
1040,0.310736021599122
1040,0.288109294027157
1040,0.283982516209255
1040,0.312329249387434
1040,0.29481103957496
1040,0.280174824039513
1040,0.286225613669437
1040,0.300549113357835
1040,0.2775600217453
1040,0.264334501874687
1040,0.298572480958595
1040,0.281022894973448
1040,0.275841257148912
1040,0.315059668040246
1040,0.283738490354321
1040,0.282128012989147
1040,0.314995642316058
1040,0.289094311561066
1040,0.336452076579662
1040,0.277816036173148
1040,0.293044850680704
1040,0.27902025455832
1040,0.282528198964549
1040,0.275855653971857
1040,0.256051776720011
1040,0.29771309606812
1040,0.293127833738689
1040,0.299370193996048
1040,0.274469729003529
1040,0.308477678570892
1040,0.294137980330968
1040,0.315816534347376
1040,0.324472976551277
1120,0.259827940378312
1120,0.284879009385937
1120,0.235712821887511
1120,0.287939209144903
1120,0.318543190064829
1120,0.265683759685144
1120,0.286043541539627
1120,0.320871171725624
1120,0.286183441560142
1120,0.304551699057288
1120,0.313175634307554
1120,0.289067973024775
1120,0.252370417353786
1120,0.310404760839101
1120,0.307295058833996
1120,0.318217783477296
1120,0.281961186292704
1120,0.286882488148587
1120,0.270895466983238
1120,0.27241640809365
1120,0.271024731705581
1120,0.285966429784366
1120,0.291014954436192
1120,0.315106887983377
1120,0.266680093844559
1120,0.280407498531376
1120,0.279612353183998
1120,0.308787180462566
1120,0.285640041282423
1120,0.289254568838855
1120,0.274046996808303
1120,0.277961886816023
1120,0.280998567108517
1120,0.305066946002564
1120,0.295073475464276
1120,0.277567698156974
1120,0.271665004977513
1120,0.294119456625688
1120,0.270361786141677
1120,0.297114698459219
1120,0.260902099490553
1120,0.248724926605636
1120,0.28417747087484
1120,0.28061671463678
1120,0.292023307031778
1120,0.272399172281298
1120,0.28438267216578
1120,0.296890059652331
1120,0.282519432885347
1120,0.311708484109433
1120,0.26983074468243
1120,0.249712354617601
1120,0.28068023191979
1120,0.306299815427677
1120,0.287384017313558
1120,0.307021037781551
1120,0.284251843752905
1120,0.278090232717971
1120,0.26329273482015
1120,0.243537137293239
1120,0.252443791996072
1120,0.296460569661521
1120,0.29680225699504
1120,0.293544140885519
1120,0.312007529286384
1120,0.338273857557697
1120,0.285106151926805
1120,0.271479985823371
1120,0.282119928656061
1120,0.292147667755101
1120,0.298234853926017
1120,0.261053978110516
1120,0.299126108014524
1120,0.295898182649063
1120,0.296417118557022
1120,0.277279244976104
1120,0.2726721821191
1120,0.289265125107221
1120,0.301341676789707
1120,0.28300447607965
1120,0.288486376250381
1120,0.270296834964675
1120,0.274878498005397
1120,0.3039715439345
1120,0.272675316645543
1120,0.265629845558039
1120,0.325456973154916
1120,0.291141507174322
1120,0.293111209465226
1120,0.300237622562604
1120,0.255819770964314
1120,0.287246017307175
1120,0.299246939904167
1120,0.301615556347109
1120,0.281168871598704
1120,0.252698272612202
1120,0.327643204915092
1120,0.281601059118024
1120,0.280002907739859
1120,0.267929467368536
1200,0.301875105875659
1200,0.284280254913707
1200,0.27235497662859
1200,0.316730923933253
1200,0.292597632597164
1200,0.262723373873254
1200,0.273795290216631
1200,0.304487511462444
1200,0.29648116055561
1200,0.273963564821112
1200,0.278792482470665
1200,0.279708615104367
1200,0.27578063439312
1200,0.259598838668449
1200,0.285585612355981
1200,0.3127202763745
1200,0.27683465232973
1200,0.287400531393836
1200,0.29975563089525
1200,0.266051206933805
1200,0.288891079741142
1200,0.273365715918897
1200,0.280917899487827
1200,0.295211310895031
1200,0.307429337917222
1200,0.278125501739966
1200,0.308976874012162
1200,0.301717569619157
1200,0.288617414787399
1200,0.274304212111123
1200,0.289868965266529
1200,0.286020625716589
1200,0.282871994788849
1200,0.28723496666986
1200,0.303329992738576
1200,0.293143355305354
1200,0.283583343316863
1200,0.28873097344899
1200,0.272375827650858
1200,0.25559222852627
1200,0.317601433660323
1200,0.313764588845152
1200,0.287339698386397
1200,0.296931595213568
1200,0.304861408624623
1200,0.29477139784695
1200,0.302768599469382
1200,0.27872535198095
1200,0.284942640826299
1200,0.299360888635804
1200,0.296133739049202
1200,0.260077410162157
1200,0.302030189976398
1200,0.272692567274554
1200,0.287659834696681
1200,0.255696446830218
1200,0.265634690715101
1200,0.290654312965871
1200,0.266923021249843
1200,0.274385388596164
1200,0.28470470817298
1200,0.2702459077276
1200,0.252448322977013
1200,0.303553513615686
1200,0.283538843864317
1200,0.314528407068254
1200,0.300142969721025
1200,0.304050894574319
1200,0.2444859948258
1200,0.285469242377571
1200,0.298499796722769
1200,0.308122661861706
1200,0.2930987866382
1200,0.291729473205164
1200,0.288090589683715
1200,0.281206262413796
1200,0.265683657751632
1200,0.282958048212837
1200,0.262842944469181
1200,0.276320331190807
1200,0.287067836056441
1200,0.27024855806835
1200,0.294544180395926
1200,0.269865346115768
1200,0.292092981567263
1200,0.288674112258455
1200,0.27790342299978
1200,0.294761454427536
1200,0.309204769303228
1200,0.278348168844015
1200,0.264930660494896
1200,0.285072516990997
1200,0.301811646602869
1200,0.279036826477772
1200,0.300137085880746
1200,0.264584677238892
1200,0.291544645838272
1200,0.284027888984063
1200,0.302166053713667
1200,0.280881796498828
1280,0.303862848278096
1280,0.266340901379792
1280,0.283157663440745
1280,0.272563244252696
1280,0.29589288751697
1280,0.301853141712151
1280,0.275340103520303
1280,0.286448851510962
1280,0.296604521500953
1280,0.274162724743448
1280,0.251312466525332
1280,0.293512377511246
1280,0.250930596979258
1280,0.254808798710324
1280,0.294572750919465
1280,0.287024280973235
1280,0.276845827301963
1280,0.273875711699376
1280,0.246484476925308
1280,0.258684053964727
1280,0.277460101616163
1280,0.302015325812395
1280,0.295241946417205
1280,0.282797556870604
1280,0.27754812070711
1280,0.295853501341517
1280,0.244378550397733
1280,0.259929313965443
1280,0.254037939497873
1280,0.273643503124169
1280,0.285483514753213
1280,0.293656879122809
1280,0.285456957774243
1280,0.282077039506824
1280,0.279280356321415
1280,0.273855522894064
1280,0.272742815046691
1280,0.257653745943529
1280,0.301858015868926
1280,0.297038251848982
1280,0.273013570244335
1280,0.261178012350155
1280,0.321054187807571
1280,0.273111388864309
1280,0.266891238049719
1280,0.261501689076474
1280,0.276126408389838
1280,0.266832326884728
1280,0.279855188575521
1280,0.290219952752332
1280,0.276850773156307
1280,0.281257685625343
1280,0.280141379583281
1280,0.310846699371103
1280,0.271546616863679
1280,0.28121688303742
1280,0.293675448650247
1280,0.255922752094045
1280,0.297509310045091
1280,0.279814911604221
1280,0.281492678098097
1280,0.293683229015558
1280,0.317782987577556
1280,0.280394540494554
1280,0.290541851141331
1280,0.28988866360603
1280,0.276619486048216
1280,0.246889574312328
1280,0.264078139207189
1280,0.283743958771313
1280,0.296300285035892
1280,0.279575379091307
1280,0.290188459763013
1280,0.246879096933521
1280,0.298812820240809
1280,0.27332324512388
1280,0.277489217776372
1280,0.278194691590881
1280,0.290682341595464
1280,0.2964392473103
1280,0.27312019375326
1280,0.278781409905001
1280,0.2726825134574
1280,0.272596553541452
1280,0.26611151308861
1280,0.255386357535149
1280,0.292324520082486
1280,0.254591809162591
1280,0.263926210386746
1280,0.266484434523937
1280,0.28344313877218
1280,0.327991248403027
1280,0.275051567719438
1280,0.293669094847177
1280,0.262983222346955
1280,0.28668832261394
1280,0.291362325616587
1280,0.277989494302873
1280,0.276790673729754
1280,0.275120854744478
1360,0.267957663766045
1360,0.272779126006121
1360,0.264182015960772
1360,0.270328119460204
1360,0.26347989540817
1360,0.280142177353699
1360,0.260196286226376
1360,0.263789306542172
1360,0.267876941892714
1360,0.290618752074014
1360,0.274163465987284
1360,0.324440246922287
1360,0.260312154148728
1360,0.284705792366021
1360,0.270471641612278
1360,0.269752080796627
1360,0.281082672842501
1360,0.282238928018194
1360,0.277219939027253
1360,0.243916427108251
1360,0.268272982142835
1360,0.262948012981023
1360,0.256043467555811
1360,0.289370801926676
1360,0.240570184884572
1360,0.274857115424982
1360,0.252775650469457
1360,0.295711033155668
1360,0.268225697167593
1360,0.253751757547992
1360,0.290294618547568
1360,0.284725273125209
1360,0.244010969262418
1360,0.31475024640377
1360,0.233340850009953
1360,0.274185636065498
1360,0.297078128967911
1360,0.230132560771944
1360,0.274515418059494
1360,0.297912795706149
1360,0.282838483556509
1360,0.274922867183697
1360,0.268239414477715
1360,0.292946488147814
1360,0.296535728290515
1360,0.275677468668291
1360,0.282011155494055
1360,0.275918762207491
1360,0.273580443200068
1360,0.265950380742876
1360,0.269996431300969
1360,0.273998780187547
1360,0.243862889753304
1360,0.270220215602842
1360,0.289431102924594
1360,0.300071006716956
1360,0.261170333916269
1360,0.269198628267893
1360,0.250075584245256
1360,0.249121478693917
1360,0.288331225562713
1360,0.271154354360511
1360,0.267293432940298
1360,0.30533812914817
1360,0.270613055635006
1360,0.265522508489529
1360,0.302515287701434
1360,0.27438596363586
1360,0.273750721757045
1360,0.262290556408149
1360,0.268896495158777
1360,0.294002131987359
1360,0.289277404198804
1360,0.254799461067257
1360,0.280211708991434
1360,0.292743579088299
1360,0.284923680632015
1360,0.269544799377786
1360,0.280085984914115
1360,0.298357063285742
1360,0.279142606116113
1360,0.277534167495992
1360,0.286064856314589
1360,0.261519997109178
1360,0.281045033593112
1360,0.270903035582628
1360,0.281450185477646
1360,0.28913440323882
1360,0.317037230114135
1360,0.294603409157611
1360,0.285849172656844
1360,0.274188719811857
1360,0.283090779191992
1360,0.280563113861693
1360,0.275456466781954
1360,0.292282379499094
1360,0.269755510239421
1360,0.255049473659064
1360,0.257396566679899
1360,0.277343598866993
1440,0.282072677248896
1440,0.264788417386246
1440,0.236579417132425
1440,0.266851326223425
1440,0.286421359048869
1440,0.278214957685489
1440,0.278048445237647
1440,0.287107239445383
1440,0.28451606293186
1440,0.264235212147185
1440,0.294891300066662
1440,0.308793506108405
1440,0.265186635061726
1440,0.247267072344145
1440,0.26540988448563
1440,0.254897497098272
1440,0.267252885528487
1440,0.281518736353812
1440,0.298694550438457
1440,0.258242153883106
1440,0.300696957978755
1440,0.283400513425162
1440,0.298049999994884
1440,0.284793630725469
1440,0.250993839859758
1440,0.274492850763361
1440,0.262667979939343
1440,0.307791050747924
1440,0.277589861945395
1440,0.268684654176346
1440,0.292670367720013
1440,0.278561046838586
1440,0.258563498697405
1440,0.255754227211015
1440,0.294552209244954
1440,0.284160795385613
1440,0.266361460086613
1440,0.264522276995191
1440,0.305378782923313
1440,0.265272057040121
1440,0.259286004153579
1440,0.288540404102672
1440,0.279729555332387
1440,0.277482970260357
1440,0.293692107709885
1440,0.267122895109644
1440,0.293372189401154
1440,0.263265591912614
1440,0.27389343215179
1440,0.29736056089971
1440,0.266615012037905
1440,0.289966688879459
1440,0.258929512176659
1440,0.278670913627491
1440,0.293816243221794
1440,0.305054966249088
1440,0.281982173557106
1440,0.260296972493965
1440,0.2665670557161
1440,0.272583607020554
1440,0.286113688845155
1440,0.264582539466456
1440,0.28131449818271
1440,0.282332369114848
1440,0.274151049314883
1440,0.274822412438026
1440,0.257015293385977
1440,0.253982969657617
1440,0.269630567195116
1440,0.273707786601016
1440,0.272263743173717
1440,0.290045590416804
1440,0.260117310102669
1440,0.264143320014906
1440,0.264041970933483
1440,0.294744843539601
1440,0.299917050916967
1440,0.270076215102679
1440,0.259131220528796
1440,0.270422131293263
1440,0.317808776026445
1440,0.276586352551712
1440,0.295528439814668
1440,0.2967608495031
1440,0.297698516616856
1440,0.283338098090367
1440,0.297474970907289
1440,0.270789931517506
1440,0.315015094957783
1440,0.264327011004417
1440,0.29026433866435
1440,0.278192881903192
1440,0.255518913619294
1440,0.27730056020774
1440,0.285490226102704
1440,0.260621261881725
1440,0.271068333002225
1440,0.257376277405638
1440,0.272529616989376
1440,0.301257044044074
