20,0.0873721781802334
20,0.0919157099892109
20,0.204382995537851
20,0.0210765783653304
20,0.181819633158402
20,0.168682783812112
20,0.0992293253893257
20,0.177703101498648
20,0.104254979942734
20,0.125273090614285
20,0.182195096098691
20,0.224141307818131
20,0.122325115596042
20,0.263367727062534
20,0.155814374117696
20,0.219838218758178
20,0.13869634692556
20,0.272739555712893
20,0.095640835139049
20,0.206602985274346
20,0.245479316267577
20,0.0764991161634467
20,0.0879790487647365
20,0.145451662992142
20,0.252441282516706
20,0.180132295643936
20,0.104633359320366
20,-0.0327632661288785
20,0.215607689862793
20,0.0750636729190955
20,0.184913084177012
20,0.0298671616460273
20,0.240334821371207
20,0.0410929445300808
20,0.248581686042584
20,0.140967342625064
20,0.117740161358609
20,0.210671180626069
20,0.276392935854786
20,0.24684628590177
20,0.260331286632617
20,0.331861424646437
20,0.220412207126689
20,0.272117586707149
20,0.23487338263962
20,0.0514357497048732
20,0.111088915815783
20,0.21217380989713
20,0.120485403195371
20,0.110048575143659
20,0.229717682475231
20,0.176862375743822
20,0.0115278792850231
20,0.0694411892823564
20,0.231297116132457
20,0.0940691190763816
20,0.257898916882181
20,0.244227889044591
20,0.262344353644577
20,0.197228758539523
20,0.148567951316448
20,0.290528797164788
20,0.195503755158751
20,0.265303944115369
20,0.211743589687428
20,-0.0286396519940704
20,0.273809005911813
20,-0.0429102913663032
20,0.094299364946522
20,0.0841582189796687
20,0.0634484648983908
20,0.104567171621249
20,0.164597009589049
20,-0.0484893768751943
20,0.0699615134424252
20,0.138232041378952
20,0.18593337139053
20,0.137369276006735
20,0.137281374360715
20,0.0796348025535574
20,0.212004777189659
20,0.0922836482571432
20,0.292302520871306
20,0.297667923368687
20,0.168981014056792
20,0.128707345702898
20,0.20251013584333
20,0.223448952829968
20,0.215039050908789
20,0.184906655026233
20,0.0968071009976751
20,0.168758881566242
20,0.134953051933879
20,0.223376898381563
20,0.134891312290067
20,0.145165321433364
20,0.235758068978875
20,0.162609869695175
20,-0.0194758402606258
20,0.206075360865088
40,0.2686785631843
40,0.229527051979297
40,0.0514634002751559
40,0.13838289038387
40,0.0970102365089695
40,0.228691839279291
40,0.0712932603078137
40,0.0963373825389003
40,0.318314489050423
40,0.243909778471675
40,0.0950707716454028
40,0.25057916722942
40,0.248971133512531
40,0.224682249847143
40,0.127472966977632
40,0.155827921649041
40,0.267310323222502
40,0.226055640124689
40,0.304446289793394
40,0.162708218608359
40,0.280695220446353
40,0.162811228493812
40,0.266737065986261
40,0.178992474169243
40,0.302476786870303
40,0.244522649541199
40,0.261054124370204
40,0.210455623056154
40,0.260579351616547
40,0.213842471600702
40,0.239895885840443
40,0.194445330570889
40,0.233237747921318
40,0.104104575402867
40,0.0355918487355206
40,0.220933005531985
40,0.228718438939315
40,0.134091628271298
40,0.172828797101362
40,0.222634070322998
40,0.303393203097607
40,0.138029902135088
40,0.320234737765213
40,0.100266491092164
40,0.297131562546914
40,0.208794686832861
40,0.16945731259698
40,0.230219408883471
40,0.167323348552959
40,0.16272307603428
40,0.168669550986591
40,0.190077869420032
40,0.217564134931724
40,0.298032712174843
40,0.1518971487346
40,0.210315482444969
40,0.259161404919892
40,0.170467456028852
40,0.238270884783603
40,0.111931351177379
40,0.0610597382352237
40,0.172377301560997
40,0.130728360704971
40,0.224656249332073
40,0.176420313006898
40,0.145083969754081
40,0.0802280481998989
40,0.305357980396419
40,0.269860707327695
40,0.248546169202764
40,0.0639641550005255
40,0.181050376424438
40,0.0883974979422057
40,0.154837144302339
40,0.239227990034262
40,0.196522696413523
40,0.0948765833590938
40,0.20206292362345
40,0.239917184790033
40,0.0863012896058855
40,0.187773558128021
40,0.232128198859641
40,0.142339576332133
40,0.211665663862211
40,0.186702545955523
40,0.104136187839175
40,0.216482678391212
40,0.311876919665141
40,0.267716864525948
40,0.136633449703194
40,0.0904734581313172
40,0.167675998256509
40,0.284717712072401
40,0.099278072055803
40,0.261099815183405
40,0.243496870716314
40,0.217715120390985
40,0.242461730281489
40,0.164796871535721
40,0.260901878784946
60,0.257446911167731
60,0.11174475163461
60,0.14355168423706
60,0.258810770674425
60,0.227452530285616
60,0.324577918268645
60,0.117052801261308
60,0.230778053611146
60,0.172857839403203
60,0.233547801395649
60,0.273178519915162
60,0.201456371669469
60,0.249486406049438
60,0.1995543003917
60,0.280705604220246
60,0.0285001726099834
60,0.216247522176484
60,0.177145284368011
60,0.28964140165495
60,0.263544456723485
60,0.183926923986781
60,0.23735252341201
60,0.279761428980939
60,0.251155358320939
60,0.21678165124185
60,0.219885981860697
60,0.251936585369441
60,0.303835639115001
60,0.281747403477327
60,0.255111710950608
60,0.231285419075848
60,0.198641524667448
60,0.171641799986869
60,0.299037574206457
60,0.173031875626759
60,0.220141058741443
60,0.238892786652616
60,0.175920283409245
60,0.286984048522824
60,0.316175138072724
60,0.262791461027609
60,0.304782078925206
60,0.0880064633363917
60,0.169059455997365
60,0.199638385410867
60,0.236775892990605
60,0.131057099263013
60,0.272873145190913
60,0.252090915983921
60,0.126042971644625
60,0.218063579949053
60,0.142654312338822
60,0.293977101483834
60,0.230650666331024
60,0.114988525769481
60,0.267338349248683
60,0.263753683343085
60,0.303333020515314
60,0.227406898361701
60,0.108809959132788
60,0.321553018112052
60,0.160178625205094
60,0.253440528042508
60,0.27394651935887
60,0.150785853099349
60,0.173236551205983
60,0.241981970636075
60,0.193695175568439
60,0.263854225845052
60,0.278911917726808
60,0.253291805965414
60,0.220402499539235
60,0.287136412532466
60,0.278733867826612
60,0.317424079459763
60,0.173189774210709
60,0.309674091275591
60,0.161895277133231
60,0.325474303085064
60,0.29292948686864
60,0.2374338693882
60,0.258846212162588
60,0.0299194819175893
60,0.243797122884701
60,0.213480032868202
60,0.261567433279878
60,0.11900243150178
60,0.232243263674374
60,0.25061375274185
60,0.292252772046185
60,0.19481899799802
60,0.211268173893835
60,0.233463337565424
60,0.180833840150865
60,0.160593017579523
60,0.115119249067844
60,0.303327626973721
60,0.238311982083068
60,0.16595437176949
60,0.0385914357653686
80,0.216835631773375
80,0.227728108585184
80,0.308501300626271
80,0.0529173961400529
80,0.252315343723353
80,0.247872550045716
80,0.362606959003974
80,0.252538545874386
80,0.296798682121533
80,0.289739506403992
80,0.21538578369497
80,0.196145033234806
80,0.282651570516885
80,0.307202079749775
80,0.330471335110168
80,0.334288110699568
80,0.224450975566973
80,0.161505329896649
80,0.137605624859218
80,0.312676210861299
80,0.162102206071081
80,0.288554782038935
80,0.280801058690748
80,0.1458682249116
80,0.290476916575412
80,0.246233443772731
80,0.00020554555966903
80,0.237703679182899
80,0.235192484761573
80,0.300795675757267
80,0.204986805754792
80,0.245795436688887
80,0.136976601362296
80,0.250689689894463
80,0.269530971747279
80,0.212443058253544
80,0.175328478384762
80,0.327172999184709
80,0.240261454476063
80,0.297155200408255
80,0.27072542477703
80,0.261329960899623
80,0.211754509877273
80,0.331949231125133
80,0.227823836741066
80,0.216467473729104
80,0.230845214792645
80,0.21457690335713
80,0.311904642807229
80,0.294653341409804
80,0.278227422719812
80,0.250928850018905
80,0.29198088134277
80,0.243294144202119
80,0.308918093893189
80,0.204371886827617
80,0.233960188525635
80,0.295358668144949
80,0.324806261674455
80,0.294496010378337
80,0.252624618615089
80,0.30311002242539
80,0.21310264542084
80,0.219717735032204
80,0.184202929003226
80,0.295383373948249
80,0.253930051652624
80,0.32098774844762
80,0.244192366318108
80,0.28940683063711
80,0.283490797769338
80,0.228094011710686
80,0.0955111635367069
80,0.274910835852979
80,0.223633185877273
80,0.20004814596953
80,0.214958681779727
80,0.323308399237427
80,0.215865654994969
80,0.118885761014818
80,0.217143073925549
80,0.254699082235125
80,0.35633286453574
80,0.313795820809678
80,0.287331524814126
80,0.256767107942398
80,0.240454733598168
80,0.145415335969873
80,0.227225074389128
80,0.250573877874482
80,0.334045628268298
80,0.308361235133098
80,0.193500056133262
80,0.184169674026591
80,0.293142079056359
80,0.0917206589279919
80,0.299361234608901
80,0.2998116331335
80,0.190335140707157
80,0.272921640456277
100,0.336501220252148
100,0.315913236663333
100,0.198047755402671
100,0.216094383590001
100,0.277502494723597
100,0.26036231835811
100,0.325374817070151
100,0.257971700104952
100,0.248333610768914
100,0.210292750061856
100,0.335744089418081
100,0.321605878669693
100,0.266549760993457
100,0.344930672145309
100,0.260150810452576
100,0.292742179220737
100,0.274004230950103
100,0.312132244480059
100,0.272164480640047
100,0.270027830571676
100,0.256380518919804
100,0.316920896690014
100,0.324758938238718
100,0.274622454087669
100,0.250755220889608
100,0.263632496298333
100,0.308218091413712
100,0.260071766397123
100,0.314807668550632
100,0.286738102040896
100,0.30597829498601
100,0.294712327870867
100,0.31163223326361
100,0.199827265472153
100,0.204700601141541
100,0.116350197094429
100,0.289154281955327
100,0.362262126446103
100,0.178203001511778
100,0.128231990131725
100,0.27963835375427
100,0.142998953766704
100,0.200105065493649
100,0.276895706678137
100,0.338622297514824
100,0.274493344814791
100,0.235900385433909
100,0.302096997840121
100,0.335357122088813
100,0.260375425204073
100,0.263134631780311
100,0.30559027867985
100,0.247599337993288
100,0.290033195504171
100,0.328566361109191
100,0.232824830761799
100,0.284765197889513
100,0.304337935468665
100,0.343810088341103
100,0.270246590064227
100,0.316277503908382
100,0.240431357481874
100,0.176595868129754
100,0.283637936494319
100,0.270728513031517
100,0.296722983997036
100,0.337772352915028
100,0.307455115965567
100,0.310335060846671
100,0.335018733229287
100,0.318393938481332
100,0.318329344675825
100,0.266486556437324
100,0.308482908580468
100,0.256529326381601
100,0.226454653226395
100,0.331559190814737
100,0.246054482791079
100,0.163799637504606
100,0.213676679693937
100,0.167352688693479
100,0.286084539065319
100,0.322902518300842
100,0.278170830637592
100,0.333659697853291
100,0.254342859690302
100,0.265946732090358
100,0.337293107848426
100,0.276708438667257
100,0.317770853622748
100,0.151131780725982
100,0.267582116130336
100,0.331623420228398
100,0.209662540721727
100,0.289418170201409
100,0.275304001124058
100,0.251183709562242
100,0.282441670420642
100,0.273892057817108
100,0.159954720132913
120,0.255046201750302
120,0.347458620474567
120,0.294472225534739
120,0.360285451767689
120,0.311984014985423
120,0.359920475619704
120,0.252055961830603
120,0.34383037551939
120,0.220466972383251
120,0.214085121921823
120,0.25752671435937
120,0.347746081570502
120,0.309675797648044
120,0.23519627180406
120,0.282193106889385
120,0.293030489377061
120,0.243611217050793
120,0.28058411460999
120,0.305357629389267
120,0.222465624185975
120,0.230848016746933
120,0.294045917075416
120,0.313574989175861
120,0.20452887017641
120,0.144434568365478
120,0.307608454416209
120,0.275816203061762
120,0.270951876785859
120,0.328672408148072
120,0.294690235717325
120,0.355869477004259
120,0.360277896783853
120,0.289884841015536
120,0.303047324109607
120,0.189437202430106
120,0.33743300232393
120,0.270780822991735
120,0.213157068901276
120,0.293829873359541
120,0.283839296828532
120,0.176892382317678
120,0.330831038425037
120,0.171907985227811
120,0.301265578263006
120,0.255685441444514
120,0.260918715511501
120,0.284769002336336
120,0.290051908755433
120,0.327918656537615
120,0.374509373813399
120,0.348989514757004
120,0.12866958901698
120,0.307995595187776
120,0.348109291832663
120,0.252929917054719
120,0.285316558037704
120,0.0673875308496096
120,0.307910311028975
120,0.282982249626621
120,0.322242213634896
120,0.302672546606091
120,0.335263975007222
120,0.285524918915025
120,0.325366493267017
120,0.315669810432388
120,0.324930334694977
120,0.376968471153425
120,0.311201970574499
120,0.351312497902543
120,0.286833968500777
120,0.328323390398059
120,0.299479000444734
120,0.337759743431851
120,0.269098245265044
120,0.257429369197253
120,0.180347634716534
120,0.301484467426737
120,0.271063963577565
120,0.315797276317897
120,0.305900016601276
120,0.265591042370373
120,0.342226969919128
120,0.291991231193664
120,0.288677968608295
120,0.294159231942144
120,0.288125814216935
120,0.243017115914145
120,0.235962637387174
120,0.334997162471084
120,0.303673849100138
120,0.307346190451358
120,0.245843083616986
120,0.263467205694326
120,0.219091723016649
120,0.270365907894652
120,0.335042064160866
120,0.322052053936366
120,0.273202511883692
120,0.292219721223087
120,0.303751606133082
140,0.339511953364544
140,0.2645411426528
140,0.320883942462029
140,0.249572827461505
140,0.279258702594378
140,0.308750979267863
140,0.318563974941457
140,0.330006160865342
140,0.260903024472831
140,0.357141291613676
140,0.297356804610423
140,0.36360880233616
140,0.29770611985077
140,0.294586206639437
140,0.281127214146735
140,0.268343552383601
140,0.316573909249913
140,0.313889889639747
140,0.224590825970932
140,0.279516613352183
140,0.299355613366195
140,0.266485214210977
140,0.281778637010452
140,0.249711429230878
140,0.298957408927035
140,0.263534661922262
140,0.300529408258797
140,0.337702698633573
140,0.374553851598537
140,0.269582246442242
140,0.356069486433908
140,0.32384281008088
140,0.339491631090846
140,0.308401406837147
140,0.314128120028417
140,0.383884984508661
140,0.320609820843624
140,0.28125589388947
140,0.219634638887518
140,0.294104398245238
140,0.35394122146294
140,0.299736247861241
140,0.177531400055263
140,0.268972998426995
140,0.317781640164503
140,0.356943317609026
140,0.349379158584381
140,0.294514606288515
140,0.26532380332623
140,0.318937194898006
140,0.363851628050184
140,0.377750008240272
140,0.312755115563501
140,0.364411663248751
140,0.214555502667789
140,0.335561803627609
140,0.215698942888573
140,0.265198518753486
140,0.243010870362089
140,0.356307407499888
140,0.24626839545385
140,0.348965843235789
140,0.290223168665195
140,0.340090930760077
140,0.344418184278941
140,0.31788473578247
140,0.286851827970057
140,0.293513303920416
140,0.346048334442311
140,0.28826397191547
140,0.281451182002896
140,0.279801060078979
140,0.30553672448347
140,0.269977885638577
140,0.273705831239674
140,0.295734866712544
140,0.340230943677343
140,0.297716498573364
140,0.2765606824148
140,0.238379521694933
140,0.2629405115791
140,0.285978634005517
140,0.329904113660851
140,0.105409057762429
140,0.209784535766976
140,0.302355131295904
140,0.340441148637362
140,0.335903424613272
140,0.329234130414778
140,0.365316873563728
140,0.361645966905586
140,0.301565535559059
140,0.370954499096547
140,0.330541782968067
140,0.319788774817866
140,0.308199995853004
140,0.236347072033717
140,0.295520248349278
140,0.323007460288642
140,0.334157746311632
160,0.307119406682857
160,0.354779459459796
160,0.318375546430807
160,0.270371602861401
160,0.361708087328497
160,0.340920252120032
160,0.273569244617585
160,0.317800221743297
160,0.359350269800898
160,0.39024682164751
160,0.323818211899829
160,0.237127507103385
160,0.345038400999786
160,0.250572619357327
160,0.272306389022784
160,0.240794276595257
160,0.249911063249289
160,0.284569392055935
160,0.334411046031773
160,0.346012826512306
160,0.347903061437891
160,0.324400576602256
160,0.347936390113729
160,0.296189820466508
160,0.287570903322919
160,0.225025478001348
160,0.308830108826617
160,0.322653610982736
160,0.339213862519246
160,0.292256515035668
160,0.296255580475389
160,0.260553439275123
160,0.315617965531146
160,0.276166417140397
160,0.369365419150857
160,0.355569024906874
160,0.298785208119684
160,0.343899129138878
160,0.328763416922911
160,0.278955888063687
160,0.283759550737941
160,0.314881959204143
160,0.379528206486938
160,0.292783921734291
160,0.334771666540354
160,0.299281864221427
160,0.26353962394866
160,0.332242616762612
160,0.336090295079921
160,0.343944496151773
160,0.266031486292035
160,0.218674993463269
160,0.313671376043704
160,0.329306972682818
160,0.219844146657055
160,0.258276378876493
160,0.308667058993198
160,0.367134618215032
160,0.293400008130812
160,0.277953522644803
160,0.29168907733636
160,0.323644298794118
160,0.222453778312747
160,0.29739273387957
160,0.36352525492457
160,0.340627688859424
160,0.286984096843037
160,0.399934005737876
160,0.29108451064621
160,0.253121105607178
160,0.339030553834874
160,0.270912196034708
160,0.297656594228997
160,0.309992737876665
160,0.211777778297094
160,0.365081706006857
160,0.287111059609321
160,0.291943044970775
160,0.288218448380996
160,0.346034750613708
160,0.279498152855574
160,0.335738041953614
160,0.349463765981186
160,0.336869747552741
160,0.281231645642008
160,0.303401122456205
160,0.319421227479389
160,0.354176311493557
160,0.294279285501563
160,0.278463124035586
160,0.320045488813014
160,0.322819252942772
160,0.290332516241967
160,0.343360167827249
160,0.280187101232177
160,0.308896005994724
160,0.312311210571273
160,0.339940384340464
160,0.382610879039207
160,0.391176058203871
180,0.320168527596863
180,0.346945302776025
180,0.326189013527261
180,0.31288662184205
180,0.308117589303596
180,0.316896919577796
180,0.314460438479082
180,0.310073434043723
180,0.310816333685027
180,0.372612124604028
180,0.312038894055907
180,0.37423469924975
180,0.317942303536765
180,0.347995742765439
180,0.342030680006758
180,0.331129708652754
180,0.254519994643226
180,0.330304730959994
180,0.342454201115503
180,0.35644620990231
180,0.291820149110747
180,0.294741623133296
180,0.335601188542182
180,0.34864765723856
180,0.287903956508556
180,0.34610646496483
180,0.333143413990457
180,0.341838024087778
180,0.343028842571919
180,0.362498893163567
180,0.368347514832465
180,0.361984398967939
180,0.238871135315005
180,0.30092384054601
180,0.237027823550942
180,0.377232231428735
180,0.325595134325388
180,0.393025626203087
180,0.332719207628535
180,0.281622901576142
180,0.326855222822704
180,0.309144301247195
180,0.327982426217344
180,0.242446905134988
180,0.288054493636387
180,0.399576636426195
180,0.364293191711121
180,0.348951680366044
180,0.364523974140882
180,0.324260092901306
180,0.315526915905644
180,0.256414533399418
180,0.363090650614926
180,0.348127383587489
180,0.359023491849735
180,0.30906589973892
180,0.235099228756035
180,0.27936308595681
180,0.332049132224567
180,0.314513202978072
180,0.32531369393431
180,0.327154948948325
180,0.317938525627018
180,0.26289749421122
180,0.344840532253936
180,0.369802858618036
180,0.307556160903782
180,0.278656118988
180,0.359653824546268
180,0.196050648040715
180,0.331316144579492
180,0.307456122492345
180,0.357611779907668
180,0.327620384738507
180,0.31935519685502
180,0.327324185035443
180,0.351517598365237
180,0.361919357765342
180,0.316210253182956
180,0.35276905050148
180,0.350906593524403
180,0.362873737695497
180,0.292551561094986
180,0.350013912811817
180,0.318328200346364
180,0.355413605464963
180,0.336007164256609
180,0.308904491741645
180,0.303701507162649
180,0.366108621415638
180,0.360036751049029
180,0.319279366894715
180,0.344442361813511
180,0.326546475362026
180,0.316218343314259
180,0.332836068281434
180,0.306237094003658
180,0.315775959704703
180,0.288576143519112
180,0.279509400887605
200,0.275812588420662
200,0.309934238842276
200,0.338963034873334
200,0.332081468837662
200,0.255617484359812
200,0.333315926061101
200,0.297951073483433
200,0.292373886451267
200,0.324159495566489
200,0.347179911447123
200,0.35683029034944
200,0.350846940133027
200,0.329606991332255
200,0.305944238493978
200,0.341076764784181
200,0.284223490724171
200,0.318989941361206
200,0.29169589344615
200,0.38011986900217
200,0.37776127272341
200,0.395532460666368
200,0.334095865353988
200,0.285730516853626
200,0.390265397639905
200,0.41681642180343
200,0.266912151751122
200,0.32190348317931
200,0.391410100662827
200,0.37746383663698
200,0.3538331734078
200,0.372102187715946
200,0.360304328032562
200,0.377762723077128
200,0.31133111793191
200,0.347443292639211
200,0.320669595934915
200,0.256886712169611
200,0.250168847787181
200,0.327593630661108
200,0.371999460575744
200,0.375658646339744
200,0.244684317566136
200,0.38738010112357
200,0.339906225650216
200,0.341141789933109
200,0.33864247888209
200,0.374734979453416
200,0.289548922367201
200,0.347834784733524
200,0.34417881190432
200,0.342981862586142
200,0.375993169287939
200,0.346745198418058
200,0.346194273938145
200,0.285104494783704
200,0.308966874264488
200,0.305624461744166
200,0.273546218005514
200,0.355068328971397
200,0.300856793761576
200,0.364971026585374
200,0.224595533217533
200,0.269066281296045
200,0.345526296097512
200,0.325485196279237
200,0.29369837279156
200,0.362621413791131
200,0.365195175456077
200,0.398101220733921
200,0.408495215383063
200,0.366586834319356
200,0.309159238134296
200,0.376782299157071
200,0.410372577651172
200,0.343679751016065
200,0.385881924177555
200,0.392361294567905
200,0.271789493602003
200,0.29194914153127
200,0.382401270194352
200,0.316270565955962
200,0.308307492567178
200,0.312764369236146
200,0.324226388906205
200,0.351458235719405
200,0.353862749744127
200,0.260750269199019
200,0.335834499758523
200,0.31956282607412
200,0.302279297391121
200,0.334711706016569
200,0.265672795739937
200,0.329607046011771
200,0.370343845343756
200,0.382368026108578
200,0.274339541016651
200,0.339856367419021
200,0.351069506745568
200,0.330925178405198
200,0.352273379132773
220,0.29655077106589
220,0.383988253315287
220,0.382845247599405
220,0.345688255623629
220,0.395003211631061
220,0.258972187802995
220,0.266001223291253
220,0.31441660873001
220,0.326362166043466
220,0.339368055925134
220,0.378438943067067
220,0.374985230346793
220,0.358063932883609
220,0.323680137762405
220,0.319890696335296
220,0.35941619307967
220,0.302952241302807
220,0.317150880959149
220,0.372782595448274
220,0.29852223993921
220,0.362024470565398
220,0.31520335046428
220,0.344539315145449
220,0.385647820463391
220,0.328329981380744
220,0.350260492326487
220,0.324171171843619
220,0.323776537678603
220,0.270273677823824
220,0.325448361930817
220,0.304137423182968
220,0.360482921800818
220,0.32036625893707
220,0.332498333786378
220,0.33623752910449
220,0.39066924737053
220,0.30294352450038
220,0.271299194826238
220,0.299318505865972
220,0.391245145955895
220,0.280018965579334
220,0.338897149400752
220,0.374588167898733
220,0.31253019270035
220,0.383640667644124
220,0.350416920151623
220,0.28863727777897
220,0.346543606423763
220,0.299377330758422
220,0.303018301345651
220,0.408774839143554
220,0.3423044844294
220,0.386375813222921
220,0.374630007250608
220,0.41083105060326
220,0.311000519501877
220,0.366838635078317
220,0.36183832897504
220,0.317096350699716
220,0.346128083644517
220,0.40000954493667
220,0.347291850156958
220,0.340897631875291
220,0.339158541073202
220,0.356771242928219
220,0.31484678136498
220,0.286318219216862
220,0.42779968629535
220,0.327906024910722
220,0.313665292636464
220,0.375333783262761
220,0.260103899706433
220,0.397454184879795
220,0.35598666765161
220,0.252837604088023
220,0.330406980207729
220,0.32286318602645
220,0.351850934778466
220,0.380181386171254
220,0.338827006509364
220,0.309262730504676
220,0.354394358177557
220,0.270314465798631
220,0.358682650740831
220,0.294032563087439
220,0.339533617710195
220,0.384905287267278
220,0.338795876373476
220,0.302548212269592
220,0.367601582606939
220,0.335672245730613
220,0.295681490459769
220,0.272340566369138
220,0.363822410032394
220,0.345154220452706
220,0.363686286057288
220,0.348916891137993
220,0.279213410748465
220,0.305389804443653
220,0.368900959008609
240,0.371597833874558
240,0.301491102926778
240,0.390344966849645
240,0.332303322399051
240,0.370787390915624
240,0.330278050476239
240,0.403519567831902
240,0.334512939347986
240,0.324001086824046
240,0.406870318466035
240,0.342509297260378
240,0.340574424300623
240,0.340403928962889
240,0.320270751187561
240,0.399819947895674
240,0.392006559925033
240,0.349680437399681
240,0.355693983504696
240,0.356084219047786
240,0.375013116397673
240,0.366015680475031
240,0.373441109190456
240,0.382406424265725
240,0.375631934697435
240,0.381486773202027
240,0.322241929660246
240,0.381771386461847
240,0.342002422135574
240,0.349529616950421
240,0.369797411960088
240,0.318926666849784
240,0.297480404925857
240,0.375540296004545
240,0.299431953937412
240,0.34077677123812
240,0.346807003696223
240,0.373850551396711
240,0.305228806567998
240,0.258740056784963
240,0.385390657433117
240,0.371225308198418
240,0.347326211342522
240,0.386996069263257
240,0.354895933967001
240,0.371394049237442
240,0.346232424693496
240,0.37028178536421
240,0.302270210209166
240,0.379109795427202
240,0.384491136605162
240,0.349799963884913
240,0.296712298546812
240,0.338868751635982
240,0.369444489987043
240,0.353541108422102
240,0.302012159638425
240,0.393186731291187
240,0.400820441015854
240,0.402152368754687
240,0.334255965393214
240,0.314704501721397
240,0.280984953309986
240,0.31688069705476
240,0.433368414510292
240,0.360965703547263
240,0.302443576326493
240,0.360256907361527
240,0.373570049655328
240,0.237097044219823
240,0.342832774336827
240,0.333463372411741
240,0.344635090690359
240,0.226547509553297
240,0.372464281253285
240,0.410510478650531
240,0.370565934750799
240,0.315946741705148
240,0.273959273702995
240,0.32392070064652
240,0.351915510767627
240,0.340364007712204
240,0.366528869106282
240,0.337286087441067
240,0.352832346412542
240,0.400828737732175
240,0.311119153318964
240,0.337087365678504
240,0.335679233619461
240,0.37176971007535
240,0.282108862244429
240,0.376569465482491
240,0.331244158792744
240,0.311991286279379
240,0.378492572931081
240,0.335209531495582
240,0.344298341241258
240,0.338230065632891
240,0.310012756315312
240,0.278429478083586
240,0.284862004217795
260,0.37140621445995
260,0.335775033194258
260,0.375364924387447
260,0.360973516550898
260,0.380608994754983
260,0.372604121269216
260,0.359314371817644
260,0.366811249240699
260,0.336449826939625
260,0.364586301421085
260,0.371539647243571
260,0.313659042694156
260,0.345279724948614
260,0.333311592776906
260,0.372094032648755
260,0.413115054475051
260,0.388350132339998
260,0.326157052269099
260,0.312484600073552
260,0.403482405863714
260,0.339285824041744
260,0.377751229962756
260,0.337075073898518
260,0.39464025741067
260,0.394823374474571
260,0.39151414325683
260,0.367258896592516
260,0.349517901175163
260,0.353205742498994
260,0.339197635293655
260,0.326650434646435
260,0.375018939181728
260,0.37919290246388
260,0.28769932248809
260,0.394924532979848
260,0.31979552704775
260,0.363603050627879
260,0.415752563200143
260,0.365740435164074
260,0.349513629843717
260,0.34175257607764
260,0.265697787013684
260,0.382270373421082
260,0.308926502040666
260,0.367869222691425
260,0.347707084415974
260,0.295992195801607
260,0.291383047104663
260,0.33572967429615
260,0.327887147833242
260,0.354676462206303
260,0.32267861706266
260,0.373165349991426
260,0.308811049381693
260,0.322295626995949
260,0.282058397440917
260,0.375304984654397
260,0.339979142073634
260,0.350734191596173
260,0.363183241500828
260,0.405095894943791
260,0.318376765315132
260,0.375266762996966
260,0.350238798902941
260,0.373126552877124
260,0.358428005811632
260,0.310570934842795
260,0.335929431335467
260,0.370434644222206
260,0.358971531942462
260,0.371228316612093
260,0.347692832561086
260,0.359065683040493
260,0.384099723570343
260,0.367665327926727
260,0.311430491292093
260,0.36661202562531
260,0.375714968287658
260,0.407875629425942
260,0.334863881854196
260,0.368989682216247
260,0.327410118758345
260,0.351331919382002
260,0.397014244785166
260,0.357344751386443
260,0.389793024066222
260,0.257535568126702
260,0.402142173287748
260,0.380344128512698
260,0.295915028496192
260,0.337867494087929
260,0.35474947306164
260,0.333631147489703
260,0.357526995795839
260,0.340334489356208
260,0.335253120049457
260,0.321033031957226
260,0.312288446726133
260,0.343631242864797
260,0.431651960151578
280,0.336522621340028
280,0.368474147847169
280,0.361071319515235
280,0.360784991260347
280,0.366459895021427
280,0.283607895829648
280,0.37135497774563
280,0.280880259722292
280,0.352323254782297
280,0.376552283954764
280,0.361186449725061
280,0.389167321619566
280,0.397008928966279
280,0.38558691259938
280,0.350763359629312
280,0.358105921010257
280,0.415985879412837
280,0.397635176691652
280,0.383128701199041
280,0.385602039924568
280,0.421338898826575
280,0.419303956389293
280,0.426297346980985
280,0.384029212535643
280,0.389487188872708
280,0.363928051793919
280,0.376432900479722
280,0.21413776062897
280,0.414372654660691
280,0.358776724173028
280,0.252904816341646
280,0.353165314298831
280,0.370954740754076
280,0.393327081591282
280,0.359380758238538
280,0.372257943599538
280,0.368508052439983
280,0.30490702087477
280,0.328204941992084
280,0.42109371654165
280,0.373347210708458
280,0.371277758308294
280,0.363968954689867
280,0.375665995510858
280,0.402352597227139
280,0.384258168154643
280,0.422936039932837
280,0.367266918740284
280,0.250838846502083
280,0.368535723144639
280,0.377137031698806
280,0.35397414313602
280,0.394610133286584
280,0.412587050093746
280,0.324425662099185
280,0.337545522028168
280,0.380263355843626
280,0.361406908970252
280,0.399591209665704
280,0.346634912372575
280,0.269422609580546
280,0.345738666403539
280,0.311331642255811
280,0.389882946225353
280,0.376163354271439
280,0.361203985822355
280,0.333611627946018
280,0.290608718952349
280,0.297352694585702
280,0.355846171694665
280,0.36724752133601
280,0.329103338018309
280,0.437520727868657
280,0.408632265735185
280,0.411463203095699
280,0.339946434759106
280,0.347052654625916
280,0.303258921121952
280,0.297692596839939
280,0.363555048224765
280,0.397902732737982
280,0.361135746111319
280,0.411597614577524
280,0.330318666185807
280,0.364854382348531
280,0.339158540047566
280,0.360659611566469
280,0.33507352287274
280,0.342985762997462
280,0.356266959528383
280,0.405836767537687
280,0.400905971051931
280,0.361519738141707
280,0.28711970075458
280,0.372116643598274
280,0.344782506073229
280,0.378493317053929
280,0.360209504364459
280,0.376056099908842
280,0.310988538544115
300,0.336303645052789
300,0.373689240354368
300,0.374045785535586
300,0.295727578811163
300,0.425111417695053
300,0.361790641042769
300,0.358184617904946
300,0.398142502920471
300,0.362906162799794
300,0.344733584413023
300,0.383275496736862
300,0.432399048820075
300,0.377204704967104
300,0.386561016254341
300,0.330496035169399
300,0.351050922612627
300,0.284316351095347
300,0.359221056008214
300,0.413508124210731
300,0.34621548539546
300,0.408352659371456
300,0.41194540981518
300,0.315788882373219
300,0.337322994731684
300,0.386985847065188
300,0.406015284861096
300,0.348336012353628
300,0.39501771540472
300,0.391517679359949
300,0.334175437675579
300,0.349808879911214
300,0.391371062413754
300,0.370106781476001
300,0.360579595808353
300,0.3236325792221
300,0.331200778982439
300,0.305166948578875
300,0.379012387639487
300,0.372068422397897
300,0.342346997591019
300,0.359560866891283
300,0.360437864815495
300,0.326620418479781
300,0.389981210311229
300,0.333349282098451
300,0.346286368552442
300,0.354594864822251
300,0.367643153842409
300,0.351846343298325
300,0.368552272278564
300,0.360416512542177
300,0.346040309620139
300,0.391320738788853
300,0.370565934004579
300,0.35484797024835
300,0.286928531021152
300,0.336473585865653
300,0.36901388369166
300,0.353785726551357
300,0.395111001511915
300,0.391563109138324
300,0.370305608533293
300,0.402773996651549
300,0.36757203145846
300,0.391681746825028
300,0.363154215774064
300,0.383228045005187
300,0.364354418171411
300,0.36914798754683
300,0.399662794248191
300,0.419408196852883
300,0.402456598890121
300,0.372410981562864
300,0.363107410970178
300,0.356705613556191
300,0.317544429448271
300,0.372544479482183
300,0.329379151716511
300,0.389784875336926
300,0.371748355543116
300,0.379567529006885
300,0.365192779910624
300,0.326766743710171
300,0.429615476218663
300,0.352416042406974
300,0.411217703973341
300,0.393108140065433
300,0.345478038401769
300,0.413770386684209
300,0.372042590511401
300,0.3391542885592
300,0.347441689552252
300,0.378152078353091
300,0.370500597675155
300,0.400473517938944
300,0.379476431634611
300,0.284726360258216
300,0.405810564600336
300,0.280309031385857
300,0.422126705575202
320,0.404542797446699
320,0.340267580789121
320,0.386189031496555
320,0.411839938704478
320,0.346430094506613
320,0.354644780617327
320,0.406544320523602
320,0.371724436826633
320,0.40664086950899
320,0.381112442395478
320,0.358613605273315
320,0.387052072240873
320,0.359441758520169
320,0.366340315496963
320,0.333067028384138
320,0.333698115397602
320,0.357207500860234
320,0.352667478697632
320,0.366863009015578
320,0.350306313328893
320,0.380004896354852
320,0.383444088358152
320,0.402478249939922
320,0.337923101027318
320,0.415271646528192
320,0.383356110843241
320,0.379394970224384
320,0.324638715434004
320,0.42024266225547
320,0.438244660842783
320,0.377394217611245
320,0.311116056650436
320,0.337948706034385
320,0.328712437847474
320,0.392403816765209
320,0.356519997021835
320,0.366605053016033
320,0.329915635759168
320,0.398671673516982
320,0.399384778293498
320,0.382003148326796
320,0.355880424189208
320,0.31691355534743
320,0.386744988543034
320,0.377065238562162
320,0.339399518312816
320,0.376296834957136
320,0.384700207573211
320,0.413616063639283
320,0.365557326017799
320,0.404816073933217
320,0.34124509944298
320,0.388039457227396
320,0.328593048997376
320,0.345568521078108
320,0.321235116597527
320,0.324768314908586
320,0.375997061906697
320,0.325989547719621
320,0.434480149802557
320,0.319507646192745
320,0.381367882348944
320,0.311803343834532
320,0.360362850510148
320,0.340100113178017
320,0.366697791227231
320,0.354803926448973
320,0.371974233865165
320,0.339891437102126
320,0.383287783071465
320,0.380732944623795
320,0.365551568088571
320,0.33536899257971
320,0.314310180990445
320,0.348289090539829
320,0.427667290312545
320,0.292024435485095
320,0.396040166987198
320,0.384608975095343
320,0.369568713707983
320,0.386729386288854
320,0.368916901594324
320,0.398834366678251
320,0.396662554560724
320,0.303283901791001
320,0.386180048040893
320,0.426591254841217
320,0.363027464810781
320,0.383808562551923
320,0.336072714391022
320,0.427214800865586
320,0.347830983635642
320,0.344687796559181
320,0.403910349057192
320,0.36055978793273
320,0.3466648677011
320,0.31966407229026
320,0.35169418203243
320,0.380237663815724
320,0.40435650274849
400,0.390102397565252
400,0.391741135291795
400,0.366470827113446
400,0.362440829515196
400,0.429137593178249
400,0.42161021436294
400,0.38746184370871
400,0.376460791337667
400,0.43975391493159
400,0.416732634435864
400,0.377666608575384
400,0.391375346700338
400,0.376229370906979
400,0.441227238014489
400,0.348448870102056
400,0.369243507320966
400,0.456834097335834
400,0.431206602079741
400,0.392173399493863
400,0.437070583723736
400,0.401869986124507
400,0.371237583685028
400,0.342958155561898
400,0.369776425104799
400,0.391714455305961
400,0.372469465813596
400,0.394029479013832
400,0.342633421928549
400,0.379944683256093
400,0.35280050227303
400,0.381624533703549
400,0.413809331812596
400,0.349729198295115
400,0.366796068941298
400,0.345360159503771
400,0.392431634631277
400,0.413622268478483
400,0.410152033052044
400,0.346267289160528
400,0.387144651774127
400,0.38188666869166
400,0.352004986797012
400,0.359747503512177
400,0.362292249293716
400,0.32632138367069
400,0.39803547217354
400,0.382493605181599
400,0.423721496047022
400,0.360446430240873
400,0.43019923660338
400,0.353328974280604
400,0.402729203815245
400,0.434431047169542
400,0.396492333344193
400,0.369964726304578
400,0.391859399953753
400,0.327065881392468
400,0.397748147375222
400,0.43563442976713
400,0.435300013007415
400,0.361998430411885
400,0.401055484701292
400,0.364798581730803
400,0.376570905024942
400,0.36934267797675
400,0.377040137714978
400,0.32683229953922
400,0.392380594325151
400,0.350809889777878
400,0.426947809107262
400,0.396570160489618
400,0.36987939165373
400,0.374309144599933
400,0.386107364496423
400,0.401510207243824
400,0.326135987971496
400,0.386712939103948
400,0.42665252252281
400,0.406744768224447
400,0.419860271307179
400,0.385161614401454
400,0.378694863737757
400,0.371890614208206
400,0.448587703730052
400,0.421712358220049
400,0.372651475290418
400,0.401365528088173
400,0.419905753570215
400,0.389514853411879
400,0.366668602076309
400,0.387949954621768
400,0.423597475458384
400,0.416114209825465
400,0.354120171904426
400,0.391232144163376
400,0.341257049478946
400,0.37378162154629
400,0.384834030162398
400,0.385388447308738
400,0.407644461293064
480,0.414940711991223
480,0.404515219063452
480,0.400698247259862
480,0.435253865444074
480,0.412532705211435
480,0.410048541969058
480,0.412817837374271
480,0.408788659910449
480,0.44744081187537
480,0.433313696705317
480,0.389284138376481
480,0.409100596961908
480,0.409981533502534
480,0.418184946845875
480,0.386924690703112
480,0.395957148417859
480,0.382662139482863
480,0.443842259535803
480,0.400358640272216
480,0.422198550633557
480,0.424462378502359
480,0.401043592611248
480,0.373324080782959
480,0.360676625695744
480,0.436417478959104
480,0.384270665976968
480,0.40452171818449
480,0.380834222207817
480,0.429653472557453
480,0.405470222030488
480,0.349763733102738
480,0.393805373549443
480,0.428420443973024
480,0.412940461242287
480,0.358619954468083
480,0.446319908570675
480,0.418881317029558
480,0.453042207359961
480,0.423543694522082
480,0.395087254186053
480,0.395531756695029
480,0.43915301511186
480,0.408736654141068
480,0.430390886949676
480,0.419722760807384
480,0.40328448863007
480,0.398502243593523
480,0.365947492479884
480,0.363442310125772
480,0.39034009641068
480,0.421229227132796
480,0.376968642830343
480,0.417910500760415
480,0.394290457481464
480,0.425261341130976
480,0.432354170289404
480,0.428267471645852
480,0.415774027192581
480,0.402359440770962
480,0.346009425884661
480,0.409403431237382
480,0.416653486124528
480,0.40135584154458
480,0.424674039285246
480,0.411124476110874
480,0.432366912779368
480,0.39130523253412
480,0.360040734859152
480,0.414205538387462
480,0.410680559478538
480,0.39791031261666
480,0.39774378661867
480,0.422819127636699
480,0.406712258531493
480,0.381991034986773
480,0.380059643855121
480,0.393544641837514
480,0.397717938170297
480,0.418615307579901
480,0.351039903738366
480,0.397253184056675
480,0.441597922324047
480,0.408041343147138
480,0.356378345319189
480,0.420027011596166
480,0.407832436485516
480,0.421739278819995
480,0.364067069903027
480,0.382665881104783
480,0.441326097703876
480,0.407424229005346
480,0.391071863786749
480,0.452523130729938
480,0.408509385878843
480,0.411729095439148
480,0.408417295922038
480,0.393940309384446
480,0.437783288797123
480,0.393279834132703
480,0.437447946694567
560,0.416424168467878
560,0.359072093002364
560,0.379344900002563
560,0.41065277162927
560,0.398869094947525
560,0.417278200651886
560,0.397639455876871
560,0.393397146882216
560,0.453027216595469
560,0.388151289376624
560,0.418517596680872
560,0.376094266028597
560,0.42184493411821
560,0.400287577913839
560,0.414744951574942
560,0.401149907826589
560,0.346241788439506
560,0.419498627294792
560,0.423137717827404
560,0.408282475483299
560,0.401834670100462
560,0.429738750010298
560,0.429642352335174
560,0.391954919514594
560,0.378249173563345
560,0.39485916267544
560,0.379233541479411
560,0.424481961504783
560,0.422457453209921
560,0.388506612969862
560,0.395973069330965
560,0.441946830535639
560,0.426712664504567
560,0.409389054031364
560,0.436747043624073
560,0.407986294138704
560,0.445008504074832
560,0.400360868838306
560,0.425869916815289
560,0.399223586109253
560,0.425224196492739
560,0.441105470978229
560,0.407849643974599
560,0.436113664253622
560,0.44176039775886
560,0.417429422602243
560,0.422683599679382
560,0.379913792728645
560,0.397738172006458
560,0.426129717720262
560,0.373101647114977
560,0.412439093666068
560,0.393836816078612
560,0.394840679378265
560,0.391420748729664
560,0.429705145210414
560,0.444457409949717
560,0.377829740820295
560,0.446291818621766
560,0.4243548349933
560,0.403071479130881
560,0.416248399898393
560,0.437899288602282
560,0.423614055179143
560,0.408760877029675
560,0.439812862503746
560,0.4028513289717
560,0.382540939248169
560,0.405302290063086
560,0.442100362255033
560,0.421280905755811
560,0.427436600833254
560,0.42067254623187
560,0.40581982658601
560,0.412430826589848
560,0.416275919256179
560,0.394740594577566
560,0.42018292180732
560,0.454097867360106
560,0.43183399785837
560,0.395651835644982
560,0.369989129996931
560,0.429064001633104
560,0.440012399795543
560,0.406348974126094
560,0.420038309742996
560,0.421578996613374
560,0.431331486732907
560,0.376989915224122
560,0.412989226940752
560,0.394554798724527
560,0.458283961187979
560,0.424535574650755
560,0.451746316308088
560,0.442321242827676
560,0.412883059210246
560,0.376657585462081
560,0.431115665179928
560,0.402086940111792
560,0.389581152872641
640,0.408711520405152
640,0.404349745365816
640,0.442728778168761
640,0.429870733303563
640,0.456495938647435
640,0.405110392348092
640,0.417971577255787
640,0.417221619862611
640,0.439631010875022
640,0.370340793407109
640,0.435456062033348
640,0.434819592875832
640,0.405668591419064
640,0.41800063843515
640,0.402628288325948
640,0.415066606589592
640,0.418807159917716
640,0.416880522738473
640,0.441548817335481
640,0.408974373418552
640,0.404225137257986
640,0.461308608475115
640,0.396663022673249
640,0.439655871673491
640,0.416690766470081
640,0.384874957746984
640,0.405103956183609
640,0.455240204693722
640,0.418751146498339
640,0.42271623267876
640,0.403708038603132
640,0.445567317155255
640,0.450036406526111
640,0.459615315347067
640,0.445365221087194
640,0.428086820613995
640,0.430572570770846
640,0.351182790820866
640,0.413453857201626
640,0.423011706053849
640,0.459660559907095
640,0.37546996451137
640,0.421843441686975
640,0.382926423541467
640,0.428156240367877
640,0.426759948890592
640,0.443067740490353
640,0.450083713107112
640,0.41519964907226
640,0.408461253805591
640,0.436754833570127
640,0.425583971645539
640,0.444308504615134
640,0.427638709476116
640,0.405885174915924
640,0.394735057611349
640,0.495536360031503
640,0.422593568387747
640,0.388220737021965
640,0.419880198624025
640,0.428955398266265
640,0.436696518166203
640,0.433330721702202
640,0.43031700455452
640,0.386183930434206
640,0.424736228583723
640,0.445555305038595
640,0.439334275024535
640,0.397559567506911
640,0.455642822910812
640,0.425943931739875
640,0.455130569595964
640,0.419556797121018
640,0.421857694558893
640,0.431085150585028
640,0.387734047220101
640,0.394031290178268
640,0.409685236118552
640,0.384300287029333
640,0.463333651480727
640,0.402762699372707
640,0.45327643211381
640,0.437691728727154
640,0.423766159907568
640,0.432585309780804
640,0.410416686601796
640,0.416842820283026
640,0.44540391223117
640,0.45697741456093
640,0.409084967881203
640,0.41524721459567
640,0.424029597882622
640,0.373289925272242
640,0.457753681970697
640,0.429464303548749
640,0.40974751576772
640,0.427366914336145
640,0.401934223781431
640,0.441220931195204
640,0.4369274561684
720,0.446691891832273
720,0.424366640449271
720,0.435862924547228
720,0.38082678973873
720,0.462516531906777
720,0.427812414471757
720,0.428581426451141
720,0.42300327781785
720,0.446704119158357
720,0.425545747205889
720,0.423628935247014
720,0.415728401994013
720,0.46886334916519
720,0.433694364202551
720,0.463467386276209
720,0.433550289571065
720,0.441335900418635
720,0.42098754967447
720,0.390512958945002
720,0.464120254487193
720,0.408394641251297
720,0.456151238140752
720,0.407434793513066
720,0.428738769314341
720,0.447825764838806
720,0.461712882569711
720,0.442561852880553
720,0.402937629918457
720,0.422223048986947
720,0.42831345959899
720,0.44015202807062
720,0.432331033497679
720,0.400345989097158
720,0.432700534060896
720,0.45537679037022
720,0.45396355871368
720,0.442024165187295
720,0.461616883509796
720,0.448073150435389
720,0.45761439157408
720,0.398624405117995
720,0.401128635218644
720,0.469838248739886
720,0.416119621936629
720,0.463066325574177
720,0.429680104530234
720,0.377827580461633
720,0.452994386673592
720,0.407452109087453
720,0.390830387039063
720,0.431246075657061
720,0.382660918934212
720,0.416202833361648
720,0.460322437329101
720,0.418465309541817
720,0.443033390697204
720,0.465185894008887
720,0.465247039697041
720,0.368698999332319
720,0.417444201349772
720,0.417115193162996
720,0.44055145595415
720,0.403421108474974
720,0.432001283311497
720,0.437299625055894
720,0.482316655420836
720,0.434529287169679
720,0.451149478863785
720,0.465057471352468
720,0.423834878664579
720,0.440170702845881
720,0.418298455258476
720,0.46031856286971
720,0.410232830491369
720,0.438516568247361
720,0.399128859168741
720,0.474003125124177
720,0.451102213811895
720,0.448640017633781
720,0.404923366245632
720,0.402243104821762
720,0.459381396456154
720,0.379790209482857
720,0.427523702175129
720,0.404844822692974
720,0.436940788591708
720,0.401158170026437
720,0.453392403971964
720,0.446329310069182
720,0.434746697413911
720,0.401961564351607
720,0.455446135291322
720,0.410378045077276
720,0.420586439425233
720,0.458303590911446
720,0.42728774668821
720,0.426939397511608
720,0.411639752146491
720,0.44539416990794
720,0.462242686073327
800,0.374047249113287
800,0.44858956774455
800,0.417902198078304
800,0.423585813402257
800,0.439117873010565
800,0.435454917496085
800,0.457701850532875
800,0.415440936328433
800,0.424316138159682
800,0.460786717247395
800,0.38002212856914
800,0.459630800706094
800,0.453667106782571
800,0.477089195096128
800,0.454720850323737
800,0.425128828670381
800,0.456210218676845
800,0.416070308177966
800,0.421694138864077
800,0.415670622042046
800,0.451338900742106
800,0.40064238476161
800,0.45429786511864
800,0.462157956232782
800,0.428968596660415
800,0.450321679417815
800,0.460551260340871
800,0.477775548961718
800,0.364152181215994
800,0.402745293161042
800,0.439994699966181
800,0.449073918443732
800,0.435896217559006
800,0.452716751528761
800,0.380784082477596
800,0.413621718884254
800,0.418288786823673
800,0.439102918834584
800,0.42551355097571
800,0.456722448164006
800,0.465132705094714
800,0.431933674738381
800,0.438067917335883
800,0.465617814779332
800,0.422047045098084
800,0.450052669236588
800,0.448829682431844
800,0.430995680187898
800,0.47905061191821
800,0.450411073474152
800,0.400369461489594
800,0.451068191304266
800,0.461114139039597
800,0.417128941251682
800,0.425292307793728
800,0.438419038316285
800,0.448244446827969
800,0.435102069943869
800,0.460095880448897
800,0.468042303998572
800,0.462801224921239
800,0.460470772264925
800,0.455011176867857
800,0.447246531187532
800,0.418765433304024
800,0.427412836292793
800,0.456955623359883
800,0.460730184158142
800,0.421015476801877
800,0.451784577832644
800,0.461821067586575
800,0.431869059097422
800,0.429766245952702
800,0.437730697280784
800,0.443275695984011
800,0.390998503248843
800,0.457096609559885
800,0.44125918034005
800,0.465039625362727
800,0.419413280852375
800,0.450926432126686
800,0.428995411136394
800,0.446847986128267
800,0.461383722843205
800,0.423897762802818
800,0.428571674453021
800,0.407528954424151
800,0.41437137853891
800,0.399725708331862
800,0.431096203010956
800,0.414569346365837
800,0.426683845845929
800,0.418850491636581
800,0.449808689547958
800,0.411643567256792
800,0.413153971206332
800,0.453756648107413
800,0.428870807024504
800,0.449575686780457
800,0.42052827263776
880,0.447288727297432
880,0.444101431455617
880,0.433100466684921
880,0.441579606582844
880,0.418211617191051
880,0.476269180450404
880,0.447272263208529
880,0.446950022822912
880,0.448503687675849
880,0.44264403820095
880,0.454292361534123
880,0.466595068603258
880,0.445419810987523
880,0.447759511825151
880,0.415807714624439
880,0.426257750223696
880,0.430404505150886
880,0.411507531427919
880,0.453692599995995
880,0.423233757450932
880,0.447227532154053
880,0.445494906303066
880,0.443063307564925
880,0.437483637197097
880,0.451044432937093
880,0.414481442239172
880,0.422217331326126
880,0.43053238057388
880,0.462183875085552
880,0.429756615871771
880,0.404595290750998
880,0.46339632910125
880,0.412284005862357
880,0.4397441949293
880,0.437297482752766
880,0.457274461675102
880,0.424845047787522
880,0.450146089415887
880,0.440549706384653
880,0.436090698907913
880,0.460336238790568
880,0.489584224566788
880,0.460957783989157
880,0.417911225381904
880,0.459000316685087
880,0.432894760142877
880,0.470726677441933
880,0.449231910625644
880,0.452042030577016
880,0.474144419513356
880,0.426873195642854
880,0.458618422548596
880,0.439902846346522
880,0.460950261250867
880,0.452544249845741
880,0.454345263838479
880,0.458786625154869
880,0.433652193517642
880,0.448389989744089
880,0.445216852194815
880,0.452548940254859
880,0.468669657475061
880,0.437516800339563
880,0.43908170012716
880,0.444110594276329
880,0.435132809447232
880,0.443602379732863
880,0.461237195025293
880,0.446728419835845
880,0.455443054265489
880,0.4156232684103
880,0.46754161773803
880,0.437014331252003
880,0.430971884900352
880,0.406622517260492
880,0.452005401554118
880,0.472915750671762
880,0.454365460901391
880,0.432374476022106
880,0.441504304722811
880,0.457997620659438
880,0.463284520471684
880,0.442926935172448
880,0.448378702668
880,0.486049856836344
880,0.424863899493902
880,0.451211151765919
880,0.438742069461901
880,0.442126886046385
880,0.468989653592205
880,0.446605613117771
880,0.452620318850993
880,0.48082116751409
880,0.425454880278935
880,0.42620378976764
880,0.435070589252637
880,0.436700448296462
880,0.468334080271957
880,0.423190830754783
880,0.479435302579513
960,0.46322546726306
960,0.443777865296994
960,0.462094832864862
960,0.46362216367219
960,0.46894643799786
960,0.481962360040199
960,0.419642748254731
960,0.448068194445958
960,0.456474299534258
960,0.440320817531026
960,0.451271200116633
960,0.441721653809941
960,0.451906954172497
960,0.398477770576565
960,0.448435192840372
960,0.462169876103429
960,0.440396039021552
960,0.456855987999353
960,0.475800250721228
960,0.471577928695663
960,0.469337433769405
960,0.460107191482894
960,0.423690619879351
960,0.458649179886025
960,0.444195168078836
960,0.469692991654421
960,0.449445189907434
960,0.447343019201583
960,0.456540648764329
960,0.464737731112448
960,0.451627817477771
960,0.427182665900198
960,0.439093443382016
960,0.424005252933394
960,0.397399756244021
960,0.452239845918628
960,0.488738514156406
960,0.420314149193016
960,0.434998337113378
960,0.481090689513971
960,0.396635754733955
960,0.471401171711558
960,0.455602636504963
960,0.499419850881796
960,0.473560441039934
960,0.432697882438684
960,0.416533806852297
960,0.416485492549139
960,0.465958434190025
960,0.444329113958798
960,0.452360596006965
960,0.47780033783249
960,0.459060367291522
960,0.461005235530995
960,0.444030048199131
960,0.447264366240864
960,0.446809861275866
960,0.482064213995097
960,0.465014940450221
960,0.468078505357439
960,0.470845530565237
960,0.396762285906161
960,0.457059447342563
960,0.463724180521315
960,0.42116554169871
960,0.470260386634128
960,0.438615292771809
960,0.460625296216046
960,0.451248461495253
960,0.443583128206729
960,0.470671794575175
960,0.430473918684157
960,0.409982796951442
960,0.44440627260342
960,0.40922306065937
960,0.445605861560073
960,0.47233930550289
960,0.434498069847561
960,0.474795276509387
960,0.443841060448032
960,0.404000991827243
960,0.477982708888071
960,0.449945319976712
960,0.443731039513849
960,0.429270518438087
960,0.453721892504704
960,0.487875407112486
960,0.437245804667985
960,0.460312241886475
960,0.406170035392612
960,0.421128004197967
960,0.457649298530888
960,0.445680443841224
960,0.440012811811944
960,0.438695048257109
960,0.461297821302483
960,0.457992409460493
960,0.471123984473949
960,0.420987424768499
960,0.450762019298244
1040,0.471101144322285
1040,0.462447262649959
1040,0.45290879726171
1040,0.474996595005327
1040,0.43495468400378
1040,0.424630425563598
1040,0.443968543745901
1040,0.462754167313509
1040,0.436839385284148
1040,0.448527047108421
1040,0.450361300186297
1040,0.456328288352571
1040,0.448790200997584
1040,0.461004079319957
1040,0.479075734392986
1040,0.458836749724264
1040,0.449525006552968
1040,0.457612305166641
1040,0.457053107199367
1040,0.426464964804282
1040,0.466255147903089
1040,0.457174616523139
1040,0.426832552501097
1040,0.443029115244752
1040,0.435201675193948
1040,0.456829037127479
1040,0.446113545758743
1040,0.45105373966807
1040,0.441448111860574
1040,0.460500646470477
1040,0.484131864616447
1040,0.448233318331525
1040,0.461259614957568
1040,0.43660528857138
1040,0.452417613235694
1040,0.450175455482027
1040,0.451176196129758
1040,0.469903885963959
1040,0.436646635298555
1040,0.457618163921968
1040,0.459810367000978
1040,0.448608143739505
1040,0.448821808000457
1040,0.413837041382796
1040,0.437214581056178
1040,0.454025923360665
1040,0.457517460891754
1040,0.434776003226796
1040,0.434596861343601
1040,0.464235123872093
1040,0.449896650209739
1040,0.434505074169183
1040,0.472854460378229
1040,0.46711582716298
1040,0.472494918970637
1040,0.462456337617486
1040,0.448236674011275
1040,0.459057419683453
1040,0.500611500168533
1040,0.467816818573557
1040,0.408683082404223
1040,0.465798480199327
1040,0.426333787505789
1040,0.460096311016458
1040,0.438207811496354
1040,0.457506097175775
1040,0.43260285117864
1040,0.45428656422782
1040,0.421431633455705
1040,0.440294565221649
1040,0.440452487601014
1040,0.444799879945177
1040,0.471831024043521
1040,0.46440748414159
1040,0.461091657056104
1040,0.452000279366212
1040,0.430397890019086
1040,0.419395613350162
1040,0.399184913129164
1040,0.504912177776255
1040,0.456230955080399
1040,0.493690272041361
1040,0.431645340488285
1040,0.454586636163607
1040,0.458260929957875
1040,0.456411464292418
1040,0.448118567416349
1040,0.436007433023667
1040,0.45633705215357
1040,0.414306639091453
1040,0.457643261760427
1040,0.449212960262612
1040,0.457132830389796
1040,0.435161674928761
1040,0.43097448130007
1040,0.45446023366138
1040,0.451511746101427
1040,0.441269423831037
1040,0.425101466000266
1040,0.44929340086914
1120,0.438379141502922
1120,0.461698381999741
1120,0.454647969115667
1120,0.419153878982785
1120,0.437556714182838
1120,0.457811051766409
1120,0.441584298669501
1120,0.454751406198585
1120,0.456268626041341
1120,0.444456389918539
1120,0.457318073069736
1120,0.450442493717776
1120,0.471359893725488
1120,0.462399852429741
1120,0.46138527666079
1120,0.446673877501365
1120,0.446492461156375
1120,0.464897475676469
1120,0.452378504271151
1120,0.443466255270555
1120,0.452771375273288
1120,0.456487787421134
1120,0.480100092388212
1120,0.440474104644854
1120,0.428718208838264
1120,0.435738351436929
1120,0.453692034037232
1120,0.45072534575912
1120,0.42728503140988
1120,0.4241286972753
1120,0.437082636245741
1120,0.439734281913657
1120,0.46095684643173
1120,0.466050195501389
1120,0.434022401618899
1120,0.435556458577517
1120,0.409489610087386
1120,0.431731314644516
1120,0.470917521797274
1120,0.46237551580353
1120,0.455549863249462
1120,0.421762188475573
1120,0.452874647359309
1120,0.453565397482909
1120,0.462245425400196
1120,0.45185500240882
1120,0.481337366707491
1120,0.447899544935123
1120,0.443353010673305
1120,0.464538476250099
1120,0.464023349355593
1120,0.433670104706536
1120,0.426185241666495
1120,0.46155867071217
1120,0.461668100369242
1120,0.436458319578129
1120,0.465653302958384
1120,0.426369069129532
1120,0.450667725137538
1120,0.450050986331994
1120,0.435384421936638
1120,0.441334097385251
1120,0.442573142458749
1120,0.505958857148343
1120,0.468096747325586
1120,0.471117498110546
1120,0.460189567813131
1120,0.465030586112395
1120,0.453659115774942
1120,0.437725308127487
1120,0.458897092244409
1120,0.426261663912882
1120,0.446172340094899
1120,0.436779815772662
1120,0.446166153992872
1120,0.440311307208009
1120,0.451589275945219
1120,0.44344041719146
1120,0.456935009646441
1120,0.4341047882979
1120,0.45618547869404
1120,0.427761593889654
1120,0.438128539937801
1120,0.446541030714867
1120,0.478633923471006
1120,0.427381223369861
1120,0.478072537409336
1120,0.431416103723369
1120,0.448483679592042
1120,0.455721156121591
1120,0.469982121568601
1120,0.462557852505725
1120,0.456406983887699
1120,0.441311986631621
1120,0.420318154488424
1120,0.480352593983319
1120,0.428556288834008
1120,0.416481064704697
1120,0.473949594029829
1120,0.461540401123415
1200,0.448731314619091
1200,0.466220615999341
1200,0.461592336490099
1200,0.464317907461919
1200,0.465040829694405
1200,0.490717562119198
1200,0.436341175324555
1200,0.440297806315822
1200,0.447640456042129
1200,0.460477643354617
1200,0.433963885352842
1200,0.470716051909663
1200,0.458045232098677
1200,0.418528212404084
1200,0.447790011049937
1200,0.451290932197279
1200,0.479153534055726
1200,0.452853415061208
1200,0.449692298044727
1200,0.470063847155332
1200,0.419139866936658
1200,0.450644151386256
1200,0.438743232323278
1200,0.477163628978613
1200,0.450401838624522
1200,0.484231842804119
1200,0.460690138634764
1200,0.43677540209054
1200,0.43859817525406
1200,0.453707982129387
1200,0.447755630856305
1200,0.441397695417489
1200,0.439781487611899
1200,0.457973750677372
1200,0.473447517977345
1200,0.448640496629866
1200,0.465420049491859
1200,0.450358620635339
1200,0.425529020776341
1200,0.428295736015151
1200,0.44956510080901
1200,0.431143090690761
1200,0.40066071208384
1200,0.430046250879704
1200,0.472420153111888
1200,0.461341286893577
1200,0.452284682477869
1200,0.469560079074988
1200,0.456490890616243
1200,0.417788049135011
1200,0.400810636212214
1200,0.432654636910718
1200,0.455184048608447
1200,0.447310804955841
1200,0.455235172097913
1200,0.446542473286198
1200,0.451024987840311
1200,0.466344078078524
1200,0.445133895074766
1200,0.453196889672511
1200,0.453754917713856
1200,0.474622107725182
1200,0.458196126369698
1200,0.448665460677032
1200,0.446448239005293
1200,0.44625005396496
1200,0.440245642727784
1200,0.436594804222131
1200,0.445911141211215
1200,0.47498444354977
1200,0.460485229138527
1200,0.448347135101387
1200,0.465957969018399
1200,0.42990448732375
1200,0.461342452778085
1200,0.43574748310204
1200,0.472665153922008
1200,0.464582994336617
1200,0.432047478471141
1200,0.438835074936712
1200,0.439802611070723
1200,0.451757760092118
1200,0.452019086166542
1200,0.468456238422159
1200,0.439016298869664
1200,0.466486065777581
1200,0.454336832695503
1200,0.443255369090524
1200,0.438003315223641
1200,0.45610156575698
1200,0.422990512654885
1200,0.481747667497293
1200,0.469820732576971
1200,0.461011334000757
1200,0.440358311751401
1200,0.464558873098728
1200,0.460824245882311
1200,0.443691343274873
1200,0.453158888748389
1200,0.456359658640966
1280,0.477615836108859
1280,0.423061973899193
1280,0.467971479356503
1280,0.487450142065551
1280,0.427093795743732
1280,0.434555739056341
1280,0.482912886242441
1280,0.45894415054027
1280,0.469357369856572
1280,0.449043610077081
1280,0.466702102500546
1280,0.473820376295314
1280,0.463035082749309
1280,0.476282843436451
1280,0.46390805453266
1280,0.419554035438548
1280,0.487338854200012
1280,0.438412978921106
1280,0.45302422136789
1280,0.468029622884268
1280,0.475142235632636
1280,0.414701963696081
1280,0.470898602416673
1280,0.468757314151713
1280,0.44288979238813
1280,0.451618564307208
1280,0.462171140314848
1280,0.428213501528177
1280,0.442220962359328
1280,0.456802680495819
1280,0.420307386249393
1280,0.455775788837094
1280,0.42989598421144
1280,0.449968597970095
1280,0.413255564065859
1280,0.427963213863763
1280,0.438881567529565
1280,0.496333668226687
1280,0.475501320628071
1280,0.470745552908525
1280,0.446155577012669
1280,0.46438670088495
1280,0.425292683011478
1280,0.474040030899495
1280,0.462199248374015
1280,0.44821526339009
1280,0.455199559738439
1280,0.459630363996431
1280,0.460360212801294
1280,0.449437739458374
1280,0.440606808810812
1280,0.477407856529341
1280,0.43224205903301
1280,0.449815629973402
1280,0.444510921854265
1280,0.453078828080474
1280,0.390925622310394
1280,0.457039955799658
1280,0.460187096859059
1280,0.444264929243802
1280,0.464763969767946
1280,0.452287406907241
1280,0.465832086259652
1280,0.45343988000928
1280,0.453119683484318
1280,0.439583382366202
1280,0.505867696301076
1280,0.448572505136015
1280,0.411083298280005
1280,0.44348190513712
1280,0.484526525207008
1280,0.468983884334522
1280,0.464293269904041
1280,0.467272806974885
1280,0.41505330620667
1280,0.461394076291138
1280,0.476206270462999
1280,0.469845438188008
1280,0.451131057931412
1280,0.451523047437732
1280,0.45692352843272
1280,0.432755925522207
1280,0.440626785759728
1280,0.467835462979211
1280,0.467708974871059
1280,0.447202041637162
1280,0.473646043942913
1280,0.441341188082567
1280,0.463536967268259
1280,0.435780054036985
1280,0.441061583508308
1280,0.441144001196463
1280,0.480926582921862
1280,0.484888654756454
1280,0.468839229682598
1280,0.459091201796118
1280,0.468745536026932
1280,0.460217544217866
1280,0.431587004074389
1280,0.485299093137713
1360,0.468781939999675
1360,0.45457785283793
1360,0.464596222418203
1360,0.460904213749514
1360,0.436900218258967
1360,0.473640718788993
1360,0.416730884171082
1360,0.473374315429935
1360,0.468716467542332
1360,0.457024407588848
1360,0.459543887307656
1360,0.439448119877199
1360,0.477482163637
1360,0.480710778925557
1360,0.454947736783217
1360,0.447419168106108
1360,0.443680207936741
1360,0.442882993802238
1360,0.420153859926351
1360,0.444938064270396
1360,0.435306448471903
1360,0.447040257950061
1360,0.466765969369995
1360,0.454863931838606
1360,0.490444547804869
1360,0.473620425085301
1360,0.402048923889492
1360,0.473972247914571
1360,0.431896937751839
1360,0.446571125555254
1360,0.432226509024088
1360,0.442905343007236
1360,0.439125514277558
1360,0.457166994732633
1360,0.487116203930746
1360,0.456319389486615
1360,0.436002508800215
1360,0.438847157261475
1360,0.437559205668895
1360,0.446777681127767
1360,0.432457534984229
1360,0.435116747360803
1360,0.438651197437437
1360,0.462699924558733
1360,0.46707406446397
1360,0.469660559468919
1360,0.440762057591182
1360,0.449039540925414
1360,0.454762616687113
1360,0.423407044814126
1360,0.472677774997103
1360,0.46594424250558
1360,0.459316156271128
1360,0.449548700488099
1360,0.442415967445168
1360,0.441285071962129
1360,0.415102011843581
1360,0.430721179430082
1360,0.456759898873355
1360,0.452538048659181
1360,0.459413054625164
1360,0.467836562084396
1360,0.424998532121845
1360,0.415305204633598
1360,0.430563363074604
1360,0.460683733251547
1360,0.468055859671373
1360,0.448894635353805
1360,0.459964708595734
1360,0.43062780065815
1360,0.454376462721129
1360,0.426797320286354
1360,0.45676867281802
1360,0.453253639621631
1360,0.437763610762866
1360,0.449888928125372
1360,0.470810988228047
1360,0.464861718134818
1360,0.446205541342848
1360,0.448833740693879
1360,0.486326513525214
1360,0.461614481685763
1360,0.451708082636326
1360,0.457158033510703
1360,0.430093040210253
1360,0.460063803865973
1360,0.473172041566916
1360,0.414497926890402
1360,0.459894194634464
1360,0.438877852973955
1360,0.4650993118988
1360,0.464798729392249
1360,0.431852916084382
1360,0.431625497046568
1360,0.467160979367936
1360,0.460476137086137
1360,0.461617858757732
1360,0.436628790498931
1360,0.432985871735876
1360,0.458935605182387
1440,0.423595342304909
1440,0.439457842367834
1440,0.464582670963868
1440,0.493364705303346
1440,0.462425726926321
1440,0.434514970368486
1440,0.459985059305895
1440,0.415593848720714
1440,0.44833812214855
1440,0.435807144455079
1440,0.45503575269688
1440,0.455056088211126
1440,0.434256173968613
1440,0.437371964797627
1440,0.43941995720784
1440,0.458438083431334
1440,0.480853760604539
1440,0.444113622351355
1440,0.443464981475805
1440,0.407665068378373
1440,0.411305570728405
1440,0.434122581656359
1440,0.429722024242362
1440,0.449527271112692
1440,0.455714198132913
1440,0.459986271389326
1440,0.456411844942499
1440,0.440250545105238
1440,0.493212597171463
1440,0.444432722352579
1440,0.423373247728384
1440,0.44558407258172
1440,0.431045621999587
1440,0.458534053699302
1440,0.47384401652763
1440,0.456067298523821
1440,0.468003905473762
1440,0.4278967709971
1440,0.455704844461059
1440,0.44764943909503
1440,0.439608363640476
1440,0.462422943552956
1440,0.449494555103529
1440,0.446083536503734
1440,0.447560238140327
1440,0.46310277394562
1440,0.464248030675266
1440,0.477513305282932
1440,0.468865555991536
1440,0.44977394020233
1440,0.458021607658706
1440,0.424330100501823
1440,0.473466331602093
1440,0.445146608505513
1440,0.430029838822052
1440,0.460842041738805
1440,0.429028386332993
1440,0.450191534228672
1440,0.444870543700617
1440,0.42447872653279
1440,0.464893272024666
1440,0.44364822457957
1440,0.439978562171678
1440,0.425447810648094
1440,0.459074451166514
1440,0.475047506900331
1440,0.441717420760402
1440,0.444250014476256
1440,0.424894080412389
1440,0.473104436328748
1440,0.439530657849268
1440,0.439892421323971
1440,0.449439688842983
1440,0.474271027281414
1440,0.433781979710926
1440,0.44591455339304
1440,0.485455035193031
1440,0.482059714221047
1440,0.426848782139429
1440,0.432410093592387
1440,0.473171974560911
1440,0.477906018271724
1440,0.449711811248432
1440,0.475949592697212
1440,0.474901086945059
1440,0.454370765037756
1440,0.460761702577146
1440,0.41763770583078
1440,0.415132179136962
1440,0.42629679381395
1440,0.461409429363495
1440,0.472962331761202
1440,0.501086416670837
1440,0.447653710512062
1440,0.467354013857284
1440,0.467038646944684
1440,0.447414800869654
1440,0.453029783850985
1440,0.440299861106802
1440,0.451933412626061
