20,0.0744588755904332
20,0.238484064533318
20,0.148188492337748
20,0.210272722518032
20,0.165473759697071
20,0.113667907728453
20,-0.051190337026349
20,0.149449023623456
20,0.190321162051172
20,0.266427552802075
20,0.192017865268334
20,0.233140972900459
20,0.132177401002462
20,-0.102957589669763
20,0.194897011924997
20,0.107235461376197
20,0.0446438545243768
20,0.273561735434478
20,0.259046111819976
20,0.199959724834118
20,0.117691965336589
20,0.166232208735337
20,0.201753197944342
20,0.12486540469661
20,0.152602158242676
20,-0.0705357243085488
20,0.0945457538164624
20,0.06605017636777
20,0.115363815052524
20,0.173243898725474
20,-0.0153329513613293
20,0.245093225589255
20,0.0869765725616352
20,0.22156948522342
20,-0.0641650863813803
20,0.212312935618524
20,0.189199796791058
20,0.308106465984203
20,0.228809721739729
20,0.0938537586077019
20,-0.0482243287352413
20,0.245230773278263
20,0.279615119647463
20,0.226425189851339
20,0.19069643631378
20,0.277349349035731
20,0.225133569176009
20,0.283563350621859
20,0.267105387376251
20,0.214730115083742
20,0.00415092792457118
20,0.168232834368809
20,0.225910706590059
20,0.171215074331307
20,0.244943401285635
20,0.24647672506141
20,0.106681142237064
20,0.0806832976800972
20,0.232274856853963
20,-0.0593331836785396
20,-0.115564752062656
20,0.204136791039721
20,0.292364788305938
20,0.190349436144217
20,0.0846689452207218
20,0.182045495597182
20,0.103142504797173
20,0.0927757253908373
20,0.176394584292709
20,-0.0609821301304233
20,0.231012687145674
20,0.126553289446966
20,-0.0650104109673875
20,0.194768562162499
20,0.149317678450352
20,0.123471477762577
20,0.0941466841517069
20,0.0495073666786395
20,0.120269262536819
20,-0.0994108455829684
20,0.0824336191797646
20,-0.0125943275142954
20,-0.0945547567457117
20,0.2509786363196
20,0.110281833744661
20,0.0207502848789302
20,-0.19747206419487
20,0.224890453348953
20,0.193200427250934
20,0.20410741004427
20,0.282719161068123
20,0.228804924242603
20,0.224033629072061
20,0.293556154714693
20,0.208206244689045
20,0.22490583865271
20,0.259678933822298
20,0.1685840837353
20,0.0770312328357757
20,0.16276288999923
40,0.150755246265968
40,0.159552283040495
40,0.179795905031437
40,0.20756612174102
40,0.231017261640123
40,0.129606817871863
40,0.0530466965863953
40,0.0488313226092322
40,0.131541899303353
40,0.0925086525654379
40,0.10460569549224
40,0.179745562384128
40,0.204597950089771
40,0.229456160922574
40,0.208150669231355
40,0.116012947677439
40,0.0390253650426953
40,0.190362766381843
40,0.13821037365209
40,0.213971923262454
40,0.200941821711838
40,0.141246873650998
40,-0.0298143791861127
40,0.221950147773647
40,0.199393735826696
40,0.227410502184516
40,0.105206819303683
40,0.160521000316206
40,0.186144015265226
40,0.25081163922353
40,0.178134479344681
40,0.0394158422026365
40,0.197754047291056
40,0.162848175015804
40,0.126056692983648
40,0.131962295437127
40,0.167735818035316
40,0.118821489029256
40,0.190113090845492
40,0.210160911226637
40,0.146017406907043
40,0.238902704036423
40,0.194807481939891
40,0.195957728511917
40,0.165440623241142
40,0.15645990628634
40,0.208048444782912
40,0.228865417858727
40,0.0318352162804454
40,0.0187483974790053
40,0.156526432851023
40,0.210060253407357
40,0.220615607947424
40,0.203047532462329
40,0.115236767899369
40,0.147982167167889
40,0.182655139770709
40,0.229883686122672
40,0.210008877248035
40,0.216685166264572
40,0.122372308400251
40,0.160972699649013
40,0.147663861686311
40,0.161196773546618
40,-0.0754986216002935
40,0.166707197153691
40,0.248508084027862
40,0.192468455671645
40,0.135513528477655
40,0.225177130540632
40,0.130893277138747
40,0.156105586607471
40,0.11334826328568
40,0.152282548493741
40,0.158474473376523
40,0.21650229302273
40,0.263947612850962
40,0.182090210125057
40,0.224213134134392
40,0.213360548650877
40,0.207682591507453
40,0.137879695499942
40,0.177976477698399
40,0.240018094487617
40,0.0732427194037718
40,0.202236885450046
40,0.0711938753604853
40,0.175044440068468
40,0.217506414737129
40,0.248287149844693
40,0.242141536722406
40,0.195015693048382
40,0.230849094748818
40,0.236523049723096
40,0.255912998411918
40,0.197140268492427
40,0.123430989736276
40,0.22038893429845
40,0.192890331538441
40,0.267805166693019
60,0.0880517874057494
60,0.211293547096408
60,0.203324707373144
60,0.148101422609314
60,0.202335391046248
60,0.186008674090186
60,0.252069283953258
60,0.253167429654755
60,0.110095721425973
60,0.13713371728479
60,0.14302354174513
60,0.163293636697467
60,0.108274200979895
60,0.245281700715053
60,0.245118798470374
60,0.216864328283409
60,0.210552275407999
60,0.225126049074426
60,0.182604616178232
60,0.186765250056715
60,0.194787252684125
60,0.192150860916502
60,0.218768511120137
60,0.082259744741209
60,0.222759280652415
60,0.121510145059857
60,0.0977282275145567
60,0.202304038338799
60,0.206174012908167
60,0.221331203011827
60,0.233193175938086
60,0.0430428375760775
60,0.231977466404697
60,0.129021604375083
60,0.150802840427966
60,0.0144331735085181
60,0.11545175345138
60,0.212274758200544
60,0.250571274897241
60,0.169280569199993
60,0.17886542518128
60,0.157404548427918
60,0.25862683593239
60,0.172597565068249
60,0.197549062538498
60,0.233350697683907
60,0.100288868040916
60,0.175444444181368
60,0.165318006014577
60,0.179449493327123
60,0.267757988137678
60,0.0897305497925139
60,0.0840830202292653
60,0.161910543311458
60,0.19342733302569
60,0.0452993196198761
60,0.185618933260016
60,0.0953051512627178
60,0.165154123350708
60,0.172146439845827
60,0.18297717492705
60,0.24202874583285
60,0.144589953486444
60,0.228694318782601
60,0.204313677575948
60,0.0966239599749198
60,0.161065901235962
60,0.266287338992143
60,0.0999979045238286
60,0.209639631355184
60,0.189062513629878
60,0.226344564661902
60,0.114662450107804
60,0.0963948035742418
60,0.26113394038689
60,0.235940344456575
60,0.182970556779692
60,0.235854536028811
60,0.255989652284792
60,0.149935577375847
60,0.00596678902751631
60,0.191341842540458
60,0.189328704411603
60,0.209210073066527
60,0.263454722590276
60,0.202525360449183
60,0.224296479621742
60,0.217557798199422
60,0.215467135401174
60,0.22293113248129
60,0.22101756696731
60,0.252913891305813
60,0.231009611092175
60,0.10494545766312
60,0.0693219851405491
60,0.221025378464955
60,0.217319951094877
60,0.259404534231259
60,0.218945388873111
60,0.157334391424234
80,0.160167225348304
80,0.251782437228225
80,0.223438831864041
80,0.118123247141708
80,0.213743032929176
80,0.191416002431624
80,0.091523222008708
80,0.214349548651843
80,0.164269338455902
80,0.260905663468124
80,0.152089409596419
80,0.0846264935251633
80,0.122328236554935
80,0.270270713901392
80,0.262600912463349
80,0.193320212940006
80,0.183915898570617
80,0.22099981273214
80,0.27303586364637
80,0.221284726814806
80,0.239945061729903
80,0.164733956850146
80,0.106676719233884
80,0.234670601628625
80,0.208654111437555
80,0.0882531245739812
80,0.130733251219638
80,0.175774758545536
80,0.209268223147913
80,0.0651105866662421
80,0.234301445969002
80,0.219645337415565
80,0.0956303315712256
80,0.0810908812740169
80,0.148294483299088
80,0.160268241134611
80,0.121153330852176
80,0.114932799144218
80,0.0226654803953715
80,0.2217035057422
80,0.0979950605263445
80,0.127849971953166
80,0.20830547871169
80,0.184530025613564
80,0.0627498257965599
80,0.177451594792728
80,0.195373246697346
80,0.207945049265805
80,0.173767351950346
80,0.0471715472302625
80,0.195964556219976
80,0.163525235771569
80,0.181626142108674
80,0.240124633895862
80,0.207080640907873
80,0.159281168093847
80,0.148395583554703
80,0.216861097631552
80,0.203093328812363
80,0.183942114526369
80,0.199263235079506
80,0.193295209374208
80,0.230360403040324
80,0.0700289919179737
80,0.167502139920923
80,0.20669191972555
80,0.174402473591053
80,0.223439881601329
80,0.193205670080748
80,0.182662151999573
80,0.219563786718318
80,0.203933338560464
80,0.0959128011761154
80,0.0625558469441149
80,0.186659007356012
80,0.110878982218216
80,0.104549506514657
80,0.212085561038006
80,0.137326497220283
80,0.196231814186052
80,0.198179495534771
80,0.105537835264524
80,0.183974884271798
80,0.190614894983345
80,0.20007241296916
80,0.219694974289806
80,0.184683093226978
80,0.103147181178266
80,0.225497043152858
80,0.17181085318788
80,0.213503903156109
80,0.207586852446999
80,0.219114396318209
80,0.18810534827689
80,0.141099872132669
80,0.0985928096633097
80,0.100914884915236
80,0.120170865157404
80,0.146639850956429
80,0.123026914209233
100,0.253584202384653
100,0.19036720756259
100,0.131360670399467
100,0.179009112038179
100,0.230425901067541
100,0.0786518119614191
100,0.211554898259698
100,0.206068879637016
100,0.1995129658142
100,0.26342947314512
100,0.223504156423679
100,0.267646104720493
100,0.139641344581591
100,0.197036031629073
100,0.166598763643106
100,0.224297589006745
100,0.187193331137334
100,0.173113387907337
100,0.216120315866737
100,0.224439156746848
100,0.183404419220955
100,0.170975607058084
100,0.172996269477258
100,0.176398909340041
100,0.14918742722751
100,0.1302191750126
100,0.237315884733025
100,0.254038171724442
100,0.217423140839
100,0.167649338630497
100,0.210086226466795
100,0.189306486165575
100,0.117232862529073
100,0.140061528354986
100,0.22731372337337
100,0.188867918862684
100,0.180260617529426
100,0.225106585746248
100,0.23019962169244
100,0.224337746541325
100,0.144083391823192
100,0.17838234695211
100,0.16520578440316
100,0.215787195954407
100,0.17599986453557
100,0.197143950355171
100,0.190125075580733
100,0.203869563963558
100,0.144207562572455
100,0.159277404710978
100,0.201314612185728
100,0.156354066891203
100,0.203677856961452
100,0.151396721273628
100,0.121637856024326
100,0.214108036709957
100,0.242537317810552
100,0.235151615069125
100,0.183789142189783
100,0.188662157303391
100,0.231359776681304
100,0.242509535711407
100,0.221997621401426
100,0.216678506303021
100,0.183361952107657
100,0.140619978995618
100,0.190904611346328
100,0.149980203706483
100,0.115841309981096
100,0.111279540119676
100,0.240788562688091
100,0.244888784661431
100,0.217115552244927
100,0.145396494468892
100,0.140080316549598
100,0.24180353019765
100,0.205079300518027
100,0.204823484969393
100,0.189572659962447
100,0.186749900726737
100,0.181946222337953
100,0.251904108105817
100,0.214212489656055
100,0.249832888166704
100,0.174000700148534
100,0.190290289318785
100,0.237537338555221
100,0.0958057683264462
100,0.188018102810478
100,0.156804291116492
100,0.173755751143273
100,0.176705232490992
100,0.189255456792649
100,0.222905688805366
100,0.186738982669278
100,0.194458684383041
100,0.117748159078122
100,0.146623346975004
100,0.215813517171665
100,0.149241028707963
120,0.195061667610419
120,0.231411386467514
120,0.086700220900032
120,0.159078666571384
120,0.155130778833856
120,0.184809678353125
120,0.183196691467347
120,0.123467983055037
120,0.203743113967774
120,0.0590855048240804
120,0.203625823587968
120,0.208539132006849
120,0.204559930106574
120,0.121013047983725
120,0.196478820090599
120,0.139713362122962
120,0.170938127677361
120,0.206739033264789
120,0.249032292880268
120,0.271946795816353
120,0.231959968792789
120,0.188119791791559
120,0.191571302025261
120,0.216461775160946
120,0.223938519236567
120,0.152684980710826
120,0.190314734903473
120,0.0772869575135151
120,0.136561741260443
120,0.202632087634905
120,0.215535590827905
120,0.226059587331959
120,0.191268770358686
120,0.146469019050906
120,0.191827472904577
120,0.245336801816448
120,0.21679224674158
120,0.192566964473741
120,0.126279905154722
120,0.191523563781996
120,0.148685864194835
120,0.148822253649501
120,0.131204887442364
120,0.0373948060715185
120,0.0783962664173595
120,0.202298038261014
120,0.205816717643228
120,0.21822489930914
120,0.237320734810007
120,0.218799690177347
120,0.180312823352336
120,0.135585551454301
120,0.18673673634723
120,0.131115871508752
120,0.25599135646378
120,0.134626951045625
120,0.217410822858365
120,0.213903391491225
120,0.155214858627636
120,0.0828029313274283
120,0.217652722940121
120,0.17326133397576
120,0.184003894248363
120,0.186191527767023
120,0.14652510005833
120,0.136618079142541
120,0.16388358097687
120,0.15574635548679
120,0.140662546611041
120,0.0698334434704687
120,0.24293263129137
120,0.181374178411591
120,0.197125480527281
120,0.225588988584356
120,0.206727951918025
120,0.23085934641059
120,0.235923224488649
120,0.21724624346399
120,0.16150855336453
120,0.188940190000972
120,0.269812191303262
120,0.13622235006263
120,0.0744123864253337
120,0.114709878368776
120,0.174480602243035
120,0.165100289127065
120,0.0610713651326658
120,0.22679380051771
120,0.198434148389703
120,0.210690384800108
120,0.206442301707605
120,0.200564154704935
120,0.227876972985126
120,0.184699918290697
120,0.244029383228214
120,0.204559580660111
120,0.209753153391918
120,0.265269960518587
120,0.192326473003689
120,0.194299161451107
140,0.217484069728981
140,0.203393259626752
140,0.181928794740079
140,0.110514753886617
140,0.236097263604346
140,0.129009835562327
140,0.0660103107599942
140,0.165262627624706
140,0.173408801802525
140,0.1797155423444
140,0.2173672736019
140,0.202455977280331
140,0.237487285810532
140,0.137580695014026
140,0.217538335817674
140,0.173172333348848
140,0.240512918850105
140,0.170414341311289
140,0.162903838374215
140,0.159779410226834
140,0.221291931004024
140,0.131389670336007
140,0.168370766547081
140,0.128411116061666
140,0.213751841593
140,0.120731728376678
140,0.166679616085352
140,0.129312870320342
140,0.175609866828962
140,0.112981343528771
140,0.16902574337373
140,0.153565211991568
140,0.14762411422095
140,0.148862244677739
140,0.195804316909476
140,0.214543730061234
140,0.21722902600219
140,0.136945300801705
140,0.199311482872181
140,0.145641955733627
140,0.0110020971487958
140,0.182386327061242
140,0.220030319510719
140,0.170231864091555
140,0.235902857602717
140,0.206713084533887
140,0.212857190496103
140,0.106950420566944
140,0.192249455372834
140,0.151368043894831
140,0.0751550108725068
140,0.200416934413684
140,0.242234870183853
140,0.214215381376058
140,0.179941631322824
140,0.170019807789705
140,0.172208024534461
140,0.147684210294484
140,0.240778202607837
140,0.142347040537165
140,0.152378381117925
140,0.239480754215187
140,0.198331772705182
140,0.211886012651941
140,0.178669798800035
140,0.213274608967797
140,0.215516943775697
140,0.131958404335011
140,0.216220938888291
140,0.21615025050483
140,0.21117671286626
140,0.189927468840731
140,0.207353642593761
140,0.130740566650687
140,0.140039146039115
140,0.206544686503606
140,0.173483043749601
140,0.163927351990753
140,0.0804030850354267
140,0.158703055421594
140,0.111341384734469
140,0.178059508726673
140,0.102955929551549
140,0.119234617814411
140,0.202218640935181
140,0.225320982171068
140,0.183745582871449
140,0.128382557344958
140,0.162288760127404
140,0.192813631787375
140,0.218279838571215
140,0.209530069933604
140,0.159404128785388
140,0.108136521928053
140,0.181031828936747
140,0.224263068835787
140,0.176673606806132
140,0.184929365752379
140,0.188195026206989
140,0.202910710635813
160,0.104097890276487
160,0.215472243027683
160,0.241214443766358
160,0.121833949061214
160,0.18082121280867
160,0.153785746862051
160,0.207312787658609
160,0.149147498051576
160,0.0925526532366616
160,0.172592994838024
160,0.142655395938757
160,0.17782857483408
160,0.151170506851902
160,0.215728319118726
160,0.158086810660188
160,0.201086268876589
160,0.230800205222912
160,0.167079129644518
160,0.260085034676871
160,0.215192755011815
160,0.142450354279364
160,0.206061418647222
160,0.238404509263571
160,0.207054013599184
160,0.149211470440017
160,0.190225776219301
160,0.226146750158659
160,0.206921813556081
160,0.142505566790316
160,0.242381821187882
160,0.194970377740863
160,0.202255696401873
160,0.133419015319763
160,0.163722647845055
160,0.127640297584449
160,-0.0234836279859075
160,0.173591449979308
160,0.171253743758779
160,0.214666070978595
160,0.152389549976494
160,0.14361405451346
160,0.157224689233839
160,0.209523646757157
160,0.195635058866313
160,0.156731206217833
160,0.258043526175894
160,0.210497710412546
160,0.206599383893985
160,0.175775780086059
160,0.169215250772275
160,0.217785537826671
160,0.222545300366596
160,0.16132891336598
160,0.101886033788319
160,0.250258372340404
160,0.105963097096569
160,0.184419954561086
160,0.10015035278848
160,0.211898015285048
160,0.166303325335009
160,0.210474747730021
160,0.168413545148083
160,0.146394598338611
160,0.254953453234998
160,0.188219948632679
160,0.144394664075884
160,0.162906950148899
160,0.20258231755497
160,0.20390907544473
160,0.153390318384306
160,0.207588145329666
160,0.191393465246914
160,0.187233025789081
160,0.173287400574464
160,0.212233001254188
160,0.166798729583567
160,0.21897359263682
160,0.180511259929787
160,0.196459728109492
160,0.187174624573897
160,0.154260890613465
160,0.16484572118128
160,0.157508554374348
160,0.187915362342957
160,0.236260622068249
160,0.183223089933994
160,0.191690420445195
160,0.190949916724991
160,0.157797209551685
160,0.177838694322712
160,0.253905248494802
160,0.20124803705793
160,0.199571450435773
160,0.146404053180417
160,0.212881286674326
160,0.180245032785799
160,0.204393177836053
160,0.17789269085074
160,0.184972400118334
160,0.150187475587008
180,0.192905682488655
180,0.219540226655465
180,0.194605096949345
180,0.135757283638389
180,0.173869039158079
180,0.178948635075225
180,0.112510578181962
180,0.173164789991223
180,0.241271055651678
180,0.210389082294052
180,0.210667880402081
180,0.192347117226213
180,0.232350743920387
180,0.132816703466481
180,0.196271723922073
180,0.183315288093733
180,0.174000014123929
180,0.205780255316402
180,0.160611111945132
180,0.185484556285693
180,0.271829972025482
180,0.197925838038534
180,0.198167423810608
180,0.166909876728234
180,0.261225101663218
180,0.182186336670115
180,0.234059415321318
180,0.240765174086739
180,0.161898098064453
180,0.22557780760575
180,0.155699517954657
180,0.199455758765598
180,0.160350113970197
180,0.162739702291025
180,0.0967564831410526
180,0.190312188761274
180,0.151543351868677
180,0.177640253454662
180,0.186267060627162
180,0.116551068855671
180,0.238481344627904
180,0.207235434942178
180,0.20087597689614
180,0.219736961625687
180,0.174217370103496
180,0.153500742505282
180,0.168071965493489
180,0.2043448044949
180,0.185790739515107
180,0.222469112592226
180,0.176681004071422
180,0.13785475637293
180,0.208024139003031
180,0.243449018622038
180,0.153377373459924
180,0.184825906884749
180,0.170137287359609
180,0.207223690872593
180,0.183772238810569
180,0.222948864016188
180,0.152416025589641
180,0.180029137717885
180,0.23690265161215
180,0.124553764387748
180,0.194124929872227
180,0.222290044959771
180,0.166497748516189
180,0.233238008823713
180,0.216247133705172
180,0.222749677282052
180,0.20020941361304
180,0.208635506989478
180,0.230594029161745
180,0.210875989289513
180,0.14701802014736
180,0.199460621196354
180,0.240122855330883
180,0.176974980346456
180,0.220699590371032
180,0.196822771087485
180,0.195744585329557
180,0.186145688028591
180,0.208655926717284
180,0.160001412355979
180,0.189442419175416
180,0.122536653331559
180,0.199381589119179
180,0.190443695609108
180,0.207347091800489
180,0.177022168838755
180,0.213998822711549
180,0.141611262601886
180,0.207201283591029
180,0.153000841799344
180,0.213722130738606
180,0.196782009782719
180,0.195666656968656
180,0.247437263700125
180,0.113397560780768
180,0.163242783247063
200,0.149222162825405
200,0.141927729603816
200,0.194434188544315
200,0.199701565175174
200,0.175398548513614
200,0.255634211983624
200,0.197270774466666
200,0.189513736713375
200,0.166141042544794
200,0.254475860960019
200,0.167308300994125
200,0.138294114884203
200,0.196748040222269
200,0.222558406445954
200,0.173819246257789
200,0.148371483595263
200,0.173536875475427
200,0.121672299287342
200,0.20844988352172
200,0.18806954106678
200,0.235249409141574
200,0.189313010091925
200,0.14683558587467
200,0.166209358177695
200,0.206295037170912
200,0.235274612379166
200,0.21287640906592
200,0.194694389423569
200,0.18309556688261
200,0.174838542625721
200,0.196274433282477
200,0.165454178937434
200,0.161704943323167
200,0.240805996075281
200,0.136679980907854
200,0.172761449324621
200,0.2149755786189
200,0.182334948198906
200,0.179932345659622
200,0.173252025286693
200,0.168354609765094
200,0.201130131288062
200,0.155630923664076
200,0.183858393485002
200,0.24340287344252
200,0.217009763219559
200,0.217695826713893
200,0.160457730726337
200,0.164078738081103
200,0.197580524309089
200,0.226628189556158
200,0.23683538198386
200,0.240719056730406
200,0.160996168041471
200,0.244900440075559
200,0.191714517919104
200,0.201444524031908
200,0.186149103361034
200,0.173262341549666
200,0.223616849796943
200,0.251316145099154
200,0.210383402767607
200,0.183182105164373
200,0.158692043279577
200,0.234384161452616
200,0.152862696016853
200,0.160982062842835
200,0.199760048853635
200,0.216139005262463
200,0.196063963016941
200,0.209012889116426
200,0.212071085557411
200,0.200939073830461
200,0.177818530993756
200,0.189039678317423
200,0.214119996370086
200,0.14944593238512
200,0.168139729822841
200,0.164886498342484
200,0.199042817050889
200,0.201481764439726
200,0.181590772157025
200,0.247633741159821
200,0.176126082019478
200,0.209183475959354
200,0.193912265811751
200,0.22057190132885
200,0.189257250661731
200,0.175555067973738
200,0.243457001858184
200,0.170147092757455
200,0.208215444140602
200,0.158292131426195
200,0.168729952559657
200,0.174610823195815
200,0.211545915959577
200,0.18574533649039
200,0.0563539807232344
200,0.150522875430626
200,0.188010908140302
220,0.213325132712959
220,0.213388972036445
220,0.154575561950101
220,0.150133606172835
220,0.174540975156313
220,0.180486520167527
220,0.158132683375138
220,0.198559385966372
220,0.195898590684944
220,0.171430950879336
220,0.159160851534089
220,0.194346395661126
220,0.195904911246312
220,0.217895631174923
220,0.171679253941101
220,0.143480190654064
220,0.154298702627529
220,0.204578197089911
220,0.174211627697993
220,0.211945263191081
220,0.162478812818195
220,0.152001286140604
220,0.21817908870869
220,0.20399873503736
220,0.220936318293909
220,0.208656505833422
220,0.179901547651961
220,0.205804787896385
220,0.168433950648692
220,0.170111315398479
220,0.0884693328545204
220,0.203527276332888
220,0.242427748389875
220,0.195932177388426
220,0.149558638779802
220,0.215113944079389
220,0.0791647760652278
220,0.184653545523759
220,0.186940700152369
220,0.208112661920703
220,0.208446033921235
220,0.260303742198756
220,0.182947301972719
220,0.126197865846827
220,0.122894067423208
220,0.188246534265178
220,0.177675032433609
220,0.220515777356287
220,0.185504028697717
220,0.252792798812249
220,0.217222377938316
220,0.169416440434021
220,0.0992181649223355
220,0.189947601185242
220,0.125088160851437
220,0.193703250885388
220,0.185981655226965
220,0.195362375188518
220,0.134769834624236
220,0.182378823725747
220,0.146994963431566
220,0.14109496177116
220,0.191761448365049
220,0.179717167160726
220,0.138528251265699
220,0.199973655286286
220,0.198163590164252
220,0.214978052057832
220,0.144959910981646
220,0.1807062412131
220,0.2131141270999
220,0.154969827994989
220,0.17593371926092
220,0.195906717905374
220,0.235737263899771
220,0.151155589102944
220,0.212753864047206
220,0.196292798682002
220,0.234778253236379
220,0.152484731534838
220,0.148975997560253
220,0.203558606101212
220,0.25292007457063
220,0.181245094370824
220,0.213873169298948
220,0.205562663572806
220,0.177848157640029
220,0.203424878891703
220,0.207911032363492
220,0.176557929412058
220,0.237029847685155
220,0.20094244731289
220,0.176529186019541
220,0.161638000087428
220,0.166623071311695
220,0.186565082183222
220,0.173358650235113
220,0.102360251247807
220,0.187204870313124
220,0.164781445082384
240,0.175872403338602
240,0.198820266035234
240,0.198791158953299
240,0.191412452417323
240,0.219978022763911
240,0.160622094005348
240,0.178353154330267
240,0.216651566567539
240,0.184563173324712
240,0.205474179092906
240,0.213601175699849
240,0.197994424110193
240,0.143134735180591
240,0.208653619440833
240,0.188090157020142
240,0.123188367486728
240,0.183713214464065
240,0.195254671527784
240,0.151426716271004
240,0.224029005835601
240,0.222544039237485
240,0.159342402798879
240,0.219297840642303
240,0.201030599143354
240,0.177082392193634
240,0.174295119409053
240,0.115845078524093
240,0.188013955705234
240,0.182797893656089
240,0.174781311594433
240,0.17776814977281
240,0.216248989746966
240,0.165552677931496
240,0.173523881206121
240,0.206760673823538
240,0.159979565442202
240,0.201802189995123
240,0.226844758515731
240,0.128255877332562
240,0.193449336926393
240,0.186021434017572
240,0.183847775812247
240,0.197349670894726
240,0.192514830491398
240,0.169835910105325
240,0.168795197983901
240,0.151142095244835
240,0.241334218493713
240,0.199456003635629
240,0.184189246121667
240,0.16799960446928
240,0.211544391075562
240,0.150719092131164
240,0.208443872633702
240,0.171443728378307
240,0.175240965342333
240,0.18715845123415
240,0.178348490742441
240,0.207086877550667
240,0.196997381448298
240,0.218217903941554
240,0.235210297908937
240,0.142010891325229
240,0.126232107582807
240,0.148407918309799
240,0.224321604895634
240,0.17019270889733
240,0.19840500424444
240,0.168213993540405
240,0.182845993312963
240,0.179439574047725
240,0.226648013934375
240,0.243796975853117
240,0.186056468081679
240,0.147735295283197
240,0.186785958028282
240,0.266730197642654
240,0.21325828029735
240,0.220601318710131
240,0.159710816548713
240,0.0868724193435224
240,0.201680236177285
240,0.201879433367968
240,0.166764911340386
240,0.155864461932847
240,0.22260849127597
240,0.192945659858131
240,0.216981258645973
240,0.172757680902105
240,0.245749782978317
240,0.229974864859229
240,0.144911028326374
240,0.178783034208094
240,0.122612169879525
240,0.226298428904757
240,0.196286435142296
240,0.139211774574386
240,0.16841925898699
240,0.209569669386579
240,0.130706356865553
260,0.221784361763792
260,0.214304079607909
260,0.246871444275866
260,0.143665832291659
260,0.269989150618989
260,0.169134371189063
260,0.157106135752944
260,0.189944755950779
260,0.14928079443222
260,0.157898707981152
260,0.206798426812195
260,0.184457056156292
260,0.19529281640818
260,0.165521224315174
260,0.178449323964373
260,0.232687588971629
260,0.171990914218182
260,0.18715793670501
260,0.184887171184714
260,0.17162160906776
260,0.159076099963123
260,0.152450666005831
260,0.182256956130371
260,0.15166587001112
260,0.184616390133136
260,0.16976618377032
260,0.148566272889603
260,0.188212768391269
260,0.207169507271781
260,0.143293838899794
260,0.17127192948925
260,0.202075384432371
260,0.184789608189979
260,0.164136835575167
260,0.207102340704786
260,0.194794465554937
260,0.21023401123858
260,0.211248469243651
260,0.196571342221486
260,0.192662687654194
260,0.173580120103716
260,0.139961807120404
260,0.209396506473237
260,0.182141271546492
260,0.19742273196566
260,0.207739713616262
260,0.175224094372998
260,0.183408775788115
260,0.213649692901
260,0.196258734428018
260,0.233449659783892
260,0.185383816428769
260,0.209607025675796
260,0.213019973651468
260,0.131300497053416
260,0.161939835429558
260,0.243900797195753
260,0.197854296206206
260,0.20513514932121
260,0.252352846999653
260,0.18911972430696
260,0.20049341266907
260,0.177173361883705
260,0.173779350336918
260,0.215973235257128
260,0.180083267978421
260,0.161720264248231
260,0.185652891111033
260,0.159819327951991
260,0.176047239519141
260,0.116785670303665
260,0.141849088557776
260,0.2016918798152
260,0.222018129528425
260,0.200578591067916
260,0.168966693645988
260,0.186184718573903
260,0.179755103388513
260,0.220680018071404
260,0.146896850240726
260,0.186573955346485
260,0.235958152476575
260,0.206845541853151
260,0.246883187536607
260,0.162663899375003
260,0.19828307541611
260,0.21965450447141
260,0.13895852322008
260,0.194581233805684
260,0.164761472065643
260,0.213213139505359
260,0.185957567234761
260,0.153809292459215
260,0.198127688942431
260,0.230812692860085
260,0.155711346493341
260,0.224155264153031
260,0.212670112884648
260,0.179191084010608
260,0.201798598954634
280,0.238663737478686
280,0.193127082894473
280,0.1650189762648
280,0.162779424313903
280,0.14341809261017
280,0.175159859778699
280,0.122548710077215
280,0.167186303557023
280,0.165907052446767
280,0.11421852335591
280,0.170273723947501
280,0.18050339484007
280,0.19719967440121
280,0.153921126933408
280,0.126223958392435
280,0.146130186310047
280,0.160292159003504
280,0.167760249136844
280,0.150873112941079
280,0.199705540832764
280,0.200580519760584
280,0.206124835115557
280,0.215531994827729
280,0.234279502640745
280,0.162951774039591
280,0.201318490512106
280,0.152868482608486
280,0.155347932048739
280,0.183237028841402
280,0.19723330153937
280,0.15768469699373
280,0.174040224664642
280,0.195732500762609
280,0.176743564802308
280,0.209795480245097
280,0.159084738684123
280,0.178877242452665
280,0.21341945437622
280,0.14711195731793
280,0.22004165947055
280,0.1870938723102
280,0.151811747724068
280,0.254684032246683
280,0.247709642966993
280,0.190044274869998
280,0.195303465521465
280,0.21238966646192
280,0.178340796427471
280,0.20355937795137
280,0.179611841314071
280,0.203738074146714
280,0.199631351945069
280,0.195697722312944
280,0.216417057761308
280,0.130979981731768
280,0.20881062946455
280,0.201852939002995
280,0.202720744822209
280,0.138289252379868
280,0.146492609644161
280,0.206798650101452
280,0.21768755341076
280,0.197354252487556
280,0.113181571209526
280,0.18937215012945
280,0.16407052079228
280,0.230410929254715
280,0.180155108140603
280,0.162689865748603
280,0.190679536955785
280,0.20491779527583
280,0.113294306141481
280,0.233586726127429
280,0.206940213590843
280,0.185443497288385
280,0.151946324727605
280,0.219861797808401
280,0.128928815823112
280,0.220860624818558
280,0.154039129519807
280,0.240513314455409
280,0.200741815406956
280,0.179953471158136
280,0.170732593388181
280,0.209707360051996
280,0.153506417346129
280,0.209919069217516
280,0.18019740897132
280,0.187158873383319
280,0.171476843039682
280,0.178951844645984
280,0.186547725890607
280,0.2635439977337
280,0.173988294311734
280,0.138349569286622
280,0.208693964010231
280,0.205867800556751
280,0.167524009567678
280,0.16560851271752
280,0.193534281795524
300,0.168459085619472
300,0.204470925014465
300,0.185515350246527
300,0.185307229689973
300,0.139503973417858
300,0.184729043481764
300,0.211784030036042
300,0.204106604259321
300,0.209680968492205
300,0.205734333089508
300,0.176307840099036
300,0.201640290567189
300,0.161636427404202
300,0.21019608532582
300,0.182345014987606
300,0.205185771679294
300,0.184651673331726
300,0.237137484533435
300,0.147963471858728
300,0.191671092840414
300,0.195054796477163
300,0.171932922460315
300,0.209731190280609
300,0.179672810782616
300,0.149520207040379
300,0.158473280748846
300,0.16373093569069
300,0.151278802061952
300,0.203903971131252
300,0.131444811556006
300,0.145924822148007
300,0.159368542757036
300,0.187028147719039
300,0.203264731216141
300,0.227265590937066
300,0.197992783087585
300,0.119882471235064
300,0.180498493518709
300,0.190336136806452
300,0.214629325792708
300,0.124661868264098
300,0.175861806667253
300,0.150286082853378
300,0.164149503964677
300,0.220684855991378
300,0.234722401841412
300,0.209018993894063
300,0.218453712346572
300,0.208042515506344
300,0.170935456152088
300,0.176392659542537
300,0.187292725995015
300,0.195667512248417
300,0.201033174117302
300,0.191318428065793
300,0.113595799259156
300,0.183038415851233
300,0.134720737559161
300,0.234217467991522
300,0.226372259253918
300,0.169598349073662
300,0.208492040876817
300,0.182811721226375
300,0.160261103703785
300,0.169837783138656
300,0.201430239039688
300,0.208168475457858
300,0.221009225475641
300,0.197447061657021
300,0.203159599845548
300,0.190602453103893
300,0.217589171808434
300,0.222731093078504
300,0.191064040052879
300,0.217905228299482
300,0.148367791981997
300,0.162590349252835
300,0.17137663929882
300,0.193142270357703
300,0.18090353394067
300,0.198617423659996
300,0.205926696162853
300,0.162350245410288
300,0.153440334302902
300,0.188501096234595
300,0.186245263839258
300,0.250718875378855
300,0.203965853860097
300,0.183110304834058
300,0.169106610572493
300,0.177073509254628
300,0.176767327102861
300,0.138046353989762
300,0.150816152524873
300,0.189767100518858
300,0.219422907361332
300,0.179133198866832
300,0.206522829528245
300,0.198311075177788
300,0.145437082394254
320,0.181992948222099
320,0.220818406022961
320,0.193074811297848
320,0.219831194982719
320,0.152984959772313
320,0.146028478084277
320,0.220791186011747
320,0.255019894607938
320,0.155387365954636
320,0.1844430049067
320,0.177216442358902
320,0.1604185818074
320,0.164599567137347
320,0.185092402160743
320,0.150438373224474
320,0.183231917153211
320,0.207512027840023
320,0.196024457078891
320,0.226244632671156
320,0.183064308417752
320,0.183770514070856
320,0.19010900596436
320,0.176607457915912
320,0.1805298359998
320,0.222211203683511
320,0.207660563180286
320,0.156697197179778
320,0.189487442544553
320,0.227079306590227
320,0.156527362338288
320,0.222983079100772
320,0.209431886648381
320,0.153408890166863
320,0.176508682737798
320,0.216122863468691
320,0.169964107817933
320,0.155722884277238
320,0.163879261085186
320,0.166307928423088
320,0.112712354772795
320,0.163886247729945
320,0.18851551015394
320,0.217871779545778
320,0.195158974379817
320,0.175705559580786
320,0.169334635279433
320,0.159570294943583
320,0.271819835379227
320,0.147750241931477
320,0.182230456287229
320,0.167390836648635
320,0.219414116569128
320,0.152701241303714
320,0.157489231367739
320,0.1842426370502
320,0.176408046706515
320,0.205485821488869
320,0.183770216182613
320,0.136078850985245
320,0.187665310612249
320,0.220200554488524
320,0.190956893117659
320,0.212924676829305
320,0.19584571244254
320,0.178502452541313
320,0.169077591030134
320,0.185654439396068
320,0.227498156441835
320,0.213642241240341
320,0.1507054654185
320,0.219918110516625
320,0.22105806418173
320,0.199589183151872
320,0.1687875021631
320,0.197341825908862
320,0.205189479088457
320,0.211833580380539
320,0.218671147240281
320,0.221644920152847
320,0.231819003403062
320,0.184692829338851
320,0.208502735692269
320,0.166279924510314
320,0.153926415989486
320,0.132625518898256
320,0.206955119246876
320,0.184829982808873
320,0.182915696387124
320,0.184357417148089
320,0.184749832711326
320,0.21653867285456
320,0.162853928265809
320,0.190502103980733
320,0.19338315221553
320,0.168664182332528
320,0.235697244982398
320,0.145672549671247
320,0.18079844210627
320,0.180587214602505
320,0.154571928599705
400,0.204884205454821
400,0.18384589803765
400,0.219433473294202
400,0.206008819540483
400,0.189882008662327
400,0.206776350810727
400,0.191292354481346
400,0.194505473760693
400,0.174638731736508
400,0.11874297191136
400,0.1342177830429
400,0.185516418178038
400,0.159762055836906
400,0.173652249852194
400,0.222092863567861
400,0.190253638378817
400,0.227207120008068
400,0.178342888678012
400,0.214488645873105
400,0.192626307811222
400,0.105999760835148
400,0.192913305000584
400,0.189397337176033
400,0.216710194388593
400,0.204924346977275
400,0.18904724165877
400,0.139556652991582
400,0.161865070026978
400,0.127287456466297
400,0.209867182723975
400,0.209284650228929
400,0.211983294034859
400,0.151731369212148
400,0.203141798365964
400,0.194899755468605
400,0.121035475069593
400,0.200425539915005
400,0.196760390209118
400,0.115331582950097
400,0.174096906635541
400,0.204374393896088
400,0.197264329231324
400,0.211398511999678
400,0.17534269870057
400,0.197514956612457
400,0.194687911035421
400,0.199213792712912
400,0.180474129789572
400,0.136294738245302
400,0.183400807125267
400,0.185630993018489
400,0.184144798525372
400,0.192623770772386
400,0.17539753247692
400,0.211526504566462
400,0.179424548789488
400,0.181899874136695
400,0.122359874341559
400,0.21384706871152
400,0.221733742961661
400,0.203210238559629
400,0.161188189457001
400,0.202218650874676
400,0.149770572674242
400,0.179443562848666
400,0.200398740065079
400,0.227666137876383
400,0.187145262270872
400,0.146344099325094
400,0.203113648597506
400,0.205618630616761
400,0.171308406931883
400,0.208254280279881
400,0.18557214326663
400,0.175789745340378
400,0.24689145513524
400,0.149489943017639
400,0.205062795376611
400,0.198189480640193
400,0.188537339330326
400,0.200773367709404
400,0.183057753637185
400,0.156183502988963
400,0.147905207155289
400,0.148515860817567
400,0.190617394127703
400,0.215289830716156
400,0.191376323062317
400,0.218932794725082
400,0.193082794765654
400,0.209588351731266
400,0.197101047398303
400,0.205540000616269
400,0.170632942370991
400,0.159259416585937
400,0.179426843321489
400,0.142538544197013
400,0.166187719408327
400,0.208609442843196
400,0.205827071362915
480,0.182283134604706
480,0.189293744844714
480,0.158990593879886
480,0.198328623598112
480,0.181782067603671
480,0.211424757494836
480,0.226123770256284
480,0.172788250502764
480,0.168020435824959
480,0.189943316369909
480,0.192153207286217
480,0.15829571431241
480,0.181446566994846
480,0.213094571731862
480,0.196804549614248
480,0.130892683726348
480,0.168752613087811
480,0.209880715213632
480,0.19260667403488
480,0.203169471309843
480,0.212902365977036
480,0.197054339107589
480,0.190860717198547
480,0.216109528866752
480,0.176761468216697
480,0.201752796005684
480,0.149546653400589
480,0.141524432375952
480,0.146750279887939
480,0.193056058839874
480,0.15934688853295
480,0.204591803959075
480,0.179929532226794
480,0.177730736817886
480,0.192937707459729
480,0.177879524656864
480,0.157995199007461
480,0.181238018189057
480,0.184324918295452
480,0.189567480629883
480,0.207620939949978
480,0.176982480816429
480,0.186668282429243
480,0.117573768049092
480,0.168653985266888
480,0.186558825718187
480,0.191348715883272
480,0.180572799291066
480,0.198950707689986
480,0.183986430632798
480,0.140409317294177
480,0.156927005377446
480,0.187670595493201
480,0.166520764654283
480,0.19632815983072
480,0.20051919422269
480,0.177710277601984
480,0.162516054139933
480,0.11524868337418
480,0.207657445030469
480,0.190027371686478
480,0.206876627081808
480,0.183924279862119
480,0.153768954040377
480,0.197198651361633
480,0.168179499788217
480,0.124238263729212
480,0.183665576675987
480,0.191346888971441
480,0.211399724715798
480,0.160151121774678
480,0.15629404568359
480,0.17110502073489
480,0.197543173290554
480,0.17182194328753
480,0.182825502484295
480,0.212704509346651
480,0.168685305969062
480,0.180405272456686
480,0.184616484901622
480,0.143462225465317
480,0.19482995559595
480,0.18395996393976
480,0.139405796912295
480,0.159960986504901
480,0.174677447884647
480,0.168792213380783
480,0.196061875579897
480,0.193259416104001
480,0.176344940759352
480,0.165383901400326
480,0.189039037627188
480,0.17969987244018
480,0.223574959033116
480,0.223608702175227
480,0.172667350862304
480,0.157298686606295
480,0.166252381956822
480,0.170751217322448
480,0.191198802569674
560,0.162374921099391
560,0.175536562699344
560,0.18070201028232
560,0.235341802715245
560,0.179182766451427
560,0.221011373148852
560,0.20528387977276
560,0.190545829108142
560,0.196519435707749
560,0.159414235092838
560,0.234851374142961
560,0.15257127240725
560,0.208954590029379
560,0.210834527646558
560,0.190018801099028
560,0.165002465971507
560,0.174628147401819
560,0.210859163826259
560,0.135402035424931
560,0.220056085855938
560,0.175378127893682
560,0.181311488022651
560,0.192388477158615
560,0.209599737233282
560,0.167671109638885
560,0.191879139001882
560,0.148344578434976
560,0.150301568635941
560,0.170905742654396
560,0.152890748730025
560,0.154497497829323
560,0.176040133556774
560,0.185726059787847
560,0.109543865790368
560,0.169134722991552
560,0.151225820053215
560,0.186606447914345
560,0.203989683041574
560,0.16690347104555
560,0.213578240104928
560,0.170320988229965
560,0.175310547947467
560,0.169975317720325
560,0.209253838176501
560,0.17024059626316
560,0.170688479421185
560,0.201444541326876
560,0.187714328718483
560,0.166444830811174
560,0.192161629337955
560,0.193884433888921
560,0.220105166149082
560,0.194344581242237
560,0.183737989680113
560,0.203074309071442
560,0.184244580733498
560,0.168167952886948
560,0.17455822617334
560,0.216548586054317
560,0.162487396848123
560,0.197459736440811
560,0.1705902514512
560,0.185449940245916
560,0.177635822336767
560,0.147938456006151
560,0.188590358279963
560,0.184910806608106
560,0.178619682686759
560,0.22513288006924
560,0.205176861293736
560,0.219665489873802
560,0.131374666714347
560,0.200471263625348
560,0.194524462641939
560,0.191639443376763
560,0.191605566033168
560,0.168577604232438
560,0.197191377795399
560,0.182316289615596
560,0.197635760907123
560,0.17908584485009
560,0.223467761758178
560,0.180485631783076
560,0.185239286917857
560,0.150248267375812
560,0.152090623052752
560,0.18840040706444
560,0.133476774798831
560,0.187603363716727
560,0.191904092214355
560,0.194072727525277
560,0.162846285428081
560,0.179559762237727
560,0.193659562204748
560,0.183158592398523
560,0.166367731103781
560,0.15677373337514
560,0.189144742605532
560,0.205869118462747
560,0.161111385279655
640,0.138279126587542
640,0.183613289795025
640,0.193307907904
640,0.151392953848066
640,0.191664595597501
640,0.195176160398408
640,0.197451923192318
640,0.187536226581299
640,0.188334484683493
640,0.16305868662779
640,0.183336940554279
640,0.174996326991115
640,0.176038088046012
640,0.19503687676405
640,0.175310364977866
640,0.160280808805426
640,0.176095133172116
640,0.189209504528983
640,0.146204488271262
640,0.171030737550492
640,0.190648071195735
640,0.198804157948651
640,0.188551512967571
640,0.156896346789069
640,0.232276997009071
640,0.189731826976926
640,0.154848913521426
640,0.17871894598601
640,0.203474718541818
640,0.158729411132717
640,0.2091706608571
640,0.155810438219536
640,0.186755428054018
640,0.169801938546538
640,0.137608512609766
640,0.147219703623094
640,0.218558872726147
640,0.163811580943073
640,0.192411725317005
640,0.180251644937541
640,0.214831389669472
640,0.144641444485196
640,0.168457552073271
640,0.213492990161045
640,0.176777500004689
640,0.187016271285925
640,0.172327661412124
640,0.169699202771525
640,0.210262056744166
640,0.11780087676854
640,0.144392218992317
640,0.201161628752746
640,0.173531257982453
640,0.197264121001694
640,0.203816689660162
640,0.175229238678892
640,0.127981220141969
640,0.14586136784937
640,0.190250745009063
640,0.241672663618049
640,0.15365762145958
640,0.153535226796688
640,0.191307245591987
640,0.159511854366877
640,0.177657775241162
640,0.121228170978075
640,0.187813106952129
640,0.191565568666643
640,0.183660396476694
640,0.176729937185981
640,0.209310878985052
640,0.211901748598182
640,0.193283583903617
640,0.173072740777722
640,0.183901458428682
640,0.162566408949352
640,0.178314429519379
640,0.193856404302496
640,0.200204850665277
640,0.168742816838925
640,0.129991384909245
640,0.168608901842689
640,0.154242315900989
640,0.163763746361974
640,0.185372644704313
640,0.189124157940043
640,0.18252901706182
640,0.186183854638155
640,0.171826747316907
640,0.186579439499636
640,0.19632172270916
640,0.196706189742176
640,0.162813611356609
640,0.177963146166848
640,0.134034830074316
640,0.182417919644919
640,0.19402794205768
640,0.185664934060609
640,0.209248350623525
640,0.163349712333005
720,0.181811046159434
720,0.184214265869579
720,0.198805603502114
720,0.196031673704918
720,0.16349600023517
720,0.173276381119724
720,0.178967151414173
720,0.185920724477685
720,0.145060823621019
720,0.187930355174693
720,0.207916177201464
720,0.186115251230609
720,0.190303219660635
720,0.174139171041919
720,0.168235943445415
720,0.166978004460212
720,0.160660711590185
720,0.185791853501217
720,0.184772892429249
720,0.200148507764954
720,0.198858495341413
720,0.118337163356467
720,0.175975811081785
720,0.19078680900886
720,0.206603990572114
720,0.203590512743195
720,0.155420256354683
720,0.164578068454309
720,0.229255371744634
720,0.185577322497752
720,0.173395876721848
720,0.147610983236389
720,0.191096369040767
720,0.200586196926126
720,0.17812394286345
720,0.193327990196062
720,0.185055482621191
720,0.203834456000631
720,0.159384510341687
720,0.22346547190924
720,0.172891487910284
720,0.173809955201671
720,0.177558883125048
720,0.197674921075443
720,0.170407782962003
720,0.200451387191528
720,0.197408923920867
720,0.165148521661576
720,0.187300239783002
720,0.133397468247327
720,0.17801976850939
720,0.177167660636632
720,0.165807841082736
720,0.140193237681218
720,0.194742180407772
720,0.196996978580652
720,0.183032352331336
720,0.15239508895357
720,0.160776317801543
720,0.181456389572047
720,0.207828352685786
720,0.180276186495145
720,0.181520502101444
720,0.15691216114206
720,0.19855795756988
720,0.187010908906724
720,0.193594018599032
720,0.181255046221725
720,0.193001541041336
720,0.14666977108286
720,0.155874135573982
720,0.204017341932773
720,0.159750320040693
720,0.160012028833675
720,0.178107217055947
720,0.197210680652851
720,0.146269194790294
720,0.162936801291229
720,0.169180090371749
720,0.183637102407461
720,0.155062195792741
720,0.152690286053487
720,0.189487866181894
720,0.175386824016589
720,0.149989121854029
720,0.215206884878736
720,0.173133639536581
720,0.128413252896472
720,0.152252224461638
720,0.18954068616801
720,0.164998689939369
720,0.135337382278026
720,0.138116835583606
720,0.169182668048572
720,0.206630953787469
720,0.179559076978971
720,0.219717399272284
720,0.153636619016944
720,0.181522362319443
720,0.142393049030571
800,0.166379876225053
800,0.196062895371196
800,0.189698405622638
800,0.188352670128978
800,0.200814843687932
800,0.197754949688424
800,0.163741058906235
800,0.165997453904635
800,0.192226830253197
800,0.188256551574391
800,0.178948296405019
800,0.179426268901071
800,0.188916408598298
800,0.158177788225387
800,0.182337136303661
800,0.179236776938217
800,0.15105334140409
800,0.165182940449279
800,0.157550379693818
800,0.171622102284105
800,0.147805749537934
800,0.166429785819924
800,0.19783883817723
800,0.185297797291447
800,0.197910049585478
800,0.191332328213106
800,0.139701645083711
800,0.193720587867081
800,0.197262339252153
800,0.146830466186007
800,0.180370689390996
800,0.189323953779379
800,0.185665947427254
800,0.179562096282491
800,0.148737317355519
800,0.168124707555445
800,0.202536183392631
800,0.171382048543745
800,0.20920315312546
800,0.144306556995083
800,0.180892528849716
800,0.217863632820211
800,0.132952083213281
800,0.204359289405276
800,0.197290907305866
800,0.176786518649653
800,0.174344950937669
800,0.175207021033225
800,0.149347798311977
800,0.196067523223027
800,0.148358036554345
800,0.167567366835048
800,0.186767793575515
800,0.139967278665746
800,0.16398026349083
800,0.196739370525773
800,0.176390990585913
800,0.168871446958573
800,0.163378591895921
800,0.117188401019459
800,0.166225679153438
800,0.19334248451908
800,0.205164029177736
800,0.198472562341669
800,0.203247070042668
800,0.174938885712313
800,0.194410008946602
800,0.160573759102771
800,0.171605504342102
800,0.183820974550501
800,0.18213096609807
800,0.171263966088043
800,0.211198725428685
800,0.150011447191814
800,0.178692790330801
800,0.186399910269581
800,0.179606464632827
800,0.164368431543927
800,0.155878941577567
800,0.192223248991878
800,0.203117418901938
800,0.188114809928705
800,0.193859049748669
800,0.171600286309146
800,0.190060930487819
800,0.183333203294007
800,0.163069094301705
800,0.186236777881455
800,0.158149048859875
800,0.175814394778952
800,0.155932220048249
800,0.17052102135352
800,0.191790486936119
800,0.149041131736621
800,0.190186884552019
800,0.189843089729741
800,0.163409886883277
800,0.163969208187447
800,0.185430630847107
800,0.143703879415629
880,0.176709161196574
880,0.124290907091763
880,0.15003410236851
880,0.160365781572145
880,0.171248546369483
880,0.166527706641593
880,0.170008166706814
880,0.210646475649585
880,0.175619252642637
880,0.163585195200956
880,0.188546423328151
880,0.183224932192596
880,0.200696619781203
880,0.165746371212888
880,0.137470830674008
880,0.154671707219124
880,0.177234592110633
880,0.193634528685211
880,0.175370509154471
880,0.140532931384294
880,0.152111356627028
880,0.178540089411263
880,0.109555208189331
880,0.208216701614673
880,0.191575458735364
880,0.162050828623175
880,0.169434665886265
880,0.204254738525102
880,0.179950860454143
880,0.174702046620659
880,0.180633663472214
880,0.182899413795655
880,0.151076642192633
880,0.132168053639028
880,0.172945909150492
880,0.191036014145952
880,0.159287105941474
880,0.165188512943902
880,0.178939976130248
880,0.15152261008577
880,0.183731870337239
880,0.155375324885936
880,0.191860699854852
880,0.162577501711078
880,0.150151523602549
880,0.183910409071679
880,0.177279566399395
880,0.135951962237263
880,0.196636753005378
880,0.171102521297918
880,0.189704430231762
880,0.168449757057348
880,0.190250720721293
880,0.172379257414661
880,0.160903888078119
880,0.225258921377402
880,0.138730649958398
880,0.148695034817149
880,0.196241642671703
880,0.183671269697526
880,0.203656960549048
880,0.189439287984915
880,0.175545775166339
880,0.136436777002635
880,0.18965624876796
880,0.194088655552492
880,0.203846846016721
880,0.192475305072628
880,0.203152200233601
880,0.176033981751681
880,0.194867697284768
880,0.159338235917722
880,0.172253428835623
880,0.195858179323605
880,0.172329243527124
880,0.156720810065331
880,0.14469023085491
880,0.207018070733091
880,0.15311567184175
880,0.171191434068826
880,0.143035867382059
880,0.160358621991406
880,0.1689206490878
880,0.185401493875372
880,0.165470267939606
880,0.134280412296123
880,0.168237072067467
880,0.16019262650538
880,0.15289809647281
880,0.21214125381497
880,0.16538356902086
880,0.180225398884812
880,0.19748111422919
880,0.205175609685231
880,0.167626956575956
880,0.168131215264211
880,0.165512149379658
880,0.205331555344496
880,0.173372248103764
880,0.188207301894839
960,0.199227586722095
960,0.198269822121437
960,0.146383811060861
960,0.163370101462195
960,0.165468540813439
960,0.204055121643765
960,0.172818019504411
960,0.175734433896185
960,0.17104239326673
960,0.1321786818777
960,0.199856320178426
960,0.169652675291126
960,0.14578174792891
960,0.183182819801979
960,0.199632212933482
960,0.185291454936236
960,0.15642332030587
960,0.159557353772
960,0.159623720483565
960,0.16771924624933
960,0.150016010688745
960,0.147600382554934
960,0.20383929897476
960,0.188681819396164
960,0.206262556678571
960,0.181661982420769
960,0.166343120745342
960,0.162072576158253
960,0.180088423329473
960,0.156058884316535
960,0.169266091839829
960,0.144106775229732
960,0.167995991150943
960,0.171796765392348
960,0.192395467987471
960,0.156522677946927
960,0.18987607433092
960,0.193229446654508
960,0.175639547316798
960,0.126564340840992
960,0.155959471817481
960,0.151584208334401
960,0.173143886957892
960,0.158685637996233
960,0.155785632755229
960,0.146901706413104
960,0.147384397174709
960,0.206060148162991
960,0.150573385669962
960,0.156220267051342
960,0.157204052446125
960,0.152488144895117
960,0.147515501927741
960,0.171879288516848
960,0.140238888623976
960,0.164893273577601
960,0.177194022267889
960,0.17726086603183
960,0.157295984801041
960,0.130645342762257
960,0.160336041734529
960,0.167783451846625
960,0.148519823781198
960,0.187443389983155
960,0.202533331392833
960,0.189569104145691
960,0.164841178579037
960,0.170813750235995
960,0.119026934240544
960,0.163512649243395
960,0.170633074152116
960,0.160716035767118
960,0.174901438904758
960,0.202089445599379
960,0.217692700966088
960,0.150761678111586
960,0.158132862457167
960,0.150978893775603
960,0.151332587441313
960,0.183942068626989
960,0.197613742129295
960,0.167506057045148
960,0.192424441394838
960,0.165381665229247
960,0.159171781909236
960,0.171225246534316
960,0.181098234499017
960,0.144079343583854
960,0.160716059516977
960,0.179435692430574
960,0.176425081529914
960,0.181169390050546
960,0.129310162426332
960,0.175094896243817
960,0.176636344299567
960,0.186329979595401
960,0.189312506699453
960,0.182713919648524
960,0.172335060336162
960,0.174523221208431
1040,0.160900218226758
1040,0.189659252790975
1040,0.169537694190414
1040,0.173336292122925
1040,0.198809026663918
1040,0.163173926018572
1040,0.141067659827326
1040,0.154915974614761
1040,0.195895510240692
1040,0.169966016698089
1040,0.162278108061702
1040,0.186714626515551
1040,0.17678206225924
1040,0.193457768316513
1040,0.146233751301852
1040,0.144494604826253
1040,0.185350094178311
1040,0.13977110543307
1040,0.167837541110811
1040,0.190161523595567
1040,0.166702552406921
1040,0.153416036446655
1040,0.183057126196653
1040,0.177889005839545
1040,0.195399342378251
1040,0.178516387167245
1040,0.14020428586727
1040,0.163940568981072
1040,0.176501934762684
1040,0.190033481733713
1040,0.159686434872059
1040,0.154922363904494
1040,0.198453532365732
1040,0.167877276549172
1040,0.159323132508095
1040,0.142146732637275
1040,0.160921747430701
1040,0.154555484522525
1040,0.183384414593067
1040,0.146764052295167
1040,0.180998429474243
1040,0.133951670456767
1040,0.171867754687828
1040,0.171400165473909
1040,0.175183979983814
1040,0.178322009531243
1040,0.204027230819758
1040,0.185051477081432
1040,0.163483793454004
1040,0.192881948983206
1040,0.177048452707288
1040,0.195349137385634
1040,0.178904267274939
1040,0.186521079120233
1040,0.177492907571448
1040,0.158921218025655
1040,0.172831428057938
1040,0.159252019033844
1040,0.16380389257893
1040,0.175970472667099
1040,0.178322751052512
1040,0.185944061861245
1040,0.135431312040462
1040,0.185918212087967
1040,0.155463455792077
1040,0.163011129785493
1040,0.153599810948549
1040,0.168084519791157
1040,0.172142554253926
1040,0.160497592371392
1040,0.143658757830467
1040,0.166582517782649
1040,0.156872257047944
1040,0.176122271003621
1040,0.176627432924554
1040,0.197342770355864
1040,0.157048014337685
1040,0.186202243180546
1040,0.158176053481823
1040,0.135024391655577
1040,0.171114509632559
1040,0.170043784662948
1040,0.170564292265868
1040,0.195523197034848
1040,0.150410859675111
1040,0.196436363332791
1040,0.16185651042543
1040,0.171820235129507
1040,0.179443003883938
1040,0.16561744025262
1040,0.195416361854498
1040,0.151890052298738
1040,0.157235695636534
1040,0.154876814203199
1040,0.194527684731445
1040,0.157435144928363
1040,0.156088075119895
1040,0.155123657830829
1040,0.187434504340445
1040,0.215649976725283
1120,0.164390633588611
1120,0.171839655430869
1120,0.152658027211643
1120,0.164682622957334
1120,0.149803640797886
1120,0.158078915859498
1120,0.161182318159316
1120,0.157333672126795
1120,0.133798066483836
1120,0.186348283672693
1120,0.133701993707534
1120,0.165501523501166
1120,0.153333741997028
1120,0.156824399034382
1120,0.187965608503771
1120,0.146341504906234
1120,0.18857644718377
1120,0.16168856439072
1120,0.177050722478236
1120,0.216294297030584
1120,0.171131233215509
1120,0.17147130621144
1120,0.180307769839745
1120,0.189441530568314
1120,0.179259035129085
1120,0.19683750807272
1120,0.175491353631416
1120,0.191104538316898
1120,0.13485302321094
1120,0.201835201820382
1120,0.151461676610719
1120,0.1959337358218
1120,0.188972518192392
1120,0.167339954442527
1120,0.168684727513894
1120,0.149394962521365
1120,0.154951624545288
1120,0.18393504516599
1120,0.165539431486265
1120,0.15486059918167
1120,0.177364008327456
1120,0.177494823050821
1120,0.194793270421257
1120,0.214536086443449
1120,0.137719009977823
1120,0.136578037163597
1120,0.16064625327779
1120,0.216478445623076
1120,0.167729423264768
1120,0.192865381633883
1120,0.172650966444389
1120,0.155538239386815
1120,0.180622932522197
1120,0.161442053158628
1120,0.161680550742192
1120,0.152958974399316
1120,0.189480045940334
1120,0.194102241730584
1120,0.182039611242903
1120,0.177302286280159
1120,0.146788636558723
1120,0.146952490388105
1120,0.207912719477033
1120,0.170538723298978
1120,0.165097583167684
1120,0.174959370182379
1120,0.134423500482894
1120,0.151457397138122
1120,0.179891983167911
1120,0.207823614883092
1120,0.195769341692675
1120,0.153197542687458
1120,0.158659162708605
1120,0.136644493667325
1120,0.15088330267633
1120,0.183050435307432
1120,0.171039968468977
1120,0.150434202038631
1120,0.180181784582772
1120,0.178156271557974
1120,0.181790117665469
1120,0.186752180793678
1120,0.194305409464857
1120,0.156026330084804
1120,0.169810789756766
1120,0.197643983836649
1120,0.169715632209347
1120,0.10642630224001
1120,0.164035472096948
1120,0.144956625914879
1120,0.194804785967657
1120,0.107483559689509
1120,0.23480007594584
1120,0.166574553243794
1120,0.173808155430262
1120,0.133369209299906
1120,0.179166180095084
1120,0.177504649074405
1120,0.196356999368883
1120,0.159053680329986
1200,0.162002418906842
1200,0.197086733876805
1200,0.177896128566083
1200,0.211148437461108
1200,0.16075633178318
1200,0.178558508255038
1200,0.163993098248621
1200,0.165461390929561
1200,0.156835965385633
1200,0.181252788368446
1200,0.124098987919802
1200,0.195255687240411
1200,0.148991849012304
1200,0.192885498136017
1200,0.141538018350117
1200,0.19038059668621
1200,0.156103964190261
1200,0.137072094786602
1200,0.163187388091545
1200,0.19922557029019
1200,0.18959646646112
1200,0.159870148476097
1200,0.214668009472851
1200,0.144953590823669
1200,0.185358319323871
1200,0.189707185166468
1200,0.157231624334559
1200,0.171900645755262
1200,0.134537172739597
1200,0.162115228142476
1200,0.208991662843568
1200,0.173003519408141
1200,0.128172165702624
1200,0.131791868148235
1200,0.16192783276211
1200,0.170541852376027
1200,0.156296894827999
1200,0.193759531620003
1200,0.2007568489905
1200,0.161750807902828
1200,0.165017221929065
1200,0.15265145178867
1200,0.145320322966568
1200,0.145709791951617
1200,0.117860289260948
1200,0.170383380120907
1200,0.152912609831401
1200,0.159908197769609
1200,0.152055931836687
1200,0.155373494950923
1200,0.191525451820435
1200,0.164582169552013
1200,0.202621370881389
1200,0.176916061593556
1200,0.165358977812153
1200,0.200446381915139
1200,0.143562305529788
1200,0.178819603551165
1200,0.181850874809791
1200,0.187029681321414
1200,0.166583640439969
1200,0.179618733211965
1200,0.12903572312839
1200,0.140926380869596
1200,0.165706066665734
1200,0.15227388956198
1200,0.147344334459558
1200,0.139110469820426
1200,0.13421485978833
1200,0.158836628645727
1200,0.152418711871582
1200,0.16629522817262
1200,0.187329874391349
1200,0.200124930285867
1200,0.182095084146741
1200,0.120219272246043
1200,0.135350274786356
1200,0.155843789462417
1200,0.148763691200956
1200,0.142438258578147
1200,0.169564666806554
1200,0.150538899494521
1200,0.193663138671917
1200,0.171695649625094
1200,0.159391435145791
1200,0.144215255418523
1200,0.141974276110616
1200,0.190444181903053
1200,0.140175689870014
1200,0.154366057050021
1200,0.145060370138164
1200,0.167348237024007
1200,0.157373466725906
1200,0.154825751406447
1200,0.180448233728535
1200,0.183131475918766
1200,0.17157048623351
1200,0.170083587362897
1200,0.183352913645943
1200,0.171000519453736
1280,0.137411448813437
1280,0.169862247984792
1280,0.145377855154934
1280,0.181439737089303
1280,0.149416968359119
1280,0.174694729641773
1280,0.16880877304724
1280,0.154461105105313
1280,0.153556309209503
1280,0.16707667732183
1280,0.173287204869857
1280,0.174936844875704
1280,0.168090774564129
1280,0.174883733669341
1280,0.175775894217279
1280,0.166788151293095
1280,0.162139292425935
1280,0.18400150656367
1280,0.172208379518637
1280,0.16676557467259
1280,0.174343994931126
1280,0.1489456497468
1280,0.186618696919998
1280,0.140165443004201
1280,0.141357274103047
1280,0.162990804298863
1280,0.169947368704514
1280,0.193019268171247
1280,0.177177825572046
1280,0.15421660791402
1280,0.165086620252768
1280,0.157296299440755
1280,0.159351045754234
1280,0.161161910015127
1280,0.143899465703067
1280,0.166713647042887
1280,0.189001469287002
1280,0.153935774329843
1280,0.149091926866712
1280,0.182052150223866
1280,0.159323719818986
1280,0.169614270268256
1280,0.163309035520194
1280,0.137581572457888
1280,0.154179100634384
1280,0.164882473914614
1280,0.15992795227852
1280,0.144103020107815
1280,0.164196560659326
1280,0.133935684432681
1280,0.17279790641478
1280,0.157477921205977
1280,0.177392140330393
1280,0.177193075683035
1280,0.184994260151151
1280,0.168920180069998
1280,0.131128738015226
1280,0.159373312350809
1280,0.161746452359619
1280,0.175680323418361
1280,0.17296004093817
1280,0.162326544461135
1280,0.146904696517184
1280,0.137462432397371
1280,0.192719145073634
1280,0.199182981774872
1280,0.184181463231208
1280,0.16820936857098
1280,0.192403993743091
1280,0.178522676626108
1280,0.164850849717795
1280,0.151118880482371
1280,0.154860120772027
1280,0.164440076251756
1280,0.176272793531948
1280,0.181046457349063
1280,0.174315671608708
1280,0.188150932140481
1280,0.170540637694213
1280,0.175734970925692
1280,0.144749870772401
1280,0.148957267823077
1280,0.200519143205973
1280,0.164180829712409
1280,0.16411518682379
1280,0.144456439645386
1280,0.169002566109392
1280,0.168566357601558
1280,0.1741604275814
1280,0.139977152237648
1280,0.186406368151167
1280,0.169075052119165
1280,0.159165961895748
1280,0.15740823474389
1280,0.185982609075232
1280,0.178566733815308
1280,0.177887322387799
1280,0.18951887400329
1280,0.16118632271977
1280,0.165991352211293
1360,0.15465531613778
1360,0.135866092149615
1360,0.178531242158965
1360,0.156272944192526
1360,0.162106487927185
1360,0.171989066983443
1360,0.163353298416402
1360,0.179926155891985
1360,0.154139291654345
1360,0.176107426958728
1360,0.18969030837644
1360,0.156215982158655
1360,0.190222215112037
1360,0.173098395812902
1360,0.160380641513238
1360,0.13193798069568
1360,0.149005431332099
1360,0.166029016472297
1360,0.13547343367084
1360,0.172232062957963
1360,0.170155842659577
1360,0.133924820201398
1360,0.153685931373264
1360,0.149828506093082
1360,0.161171097926057
1360,0.204836647330126
1360,0.175279593473564
1360,0.171850045434103
1360,0.167948589015295
1360,0.173884202562652
1360,0.171398636178322
1360,0.159851051115959
1360,0.170274104232879
1360,0.169577911075132
1360,0.144396347910111
1360,0.169326164688444
1360,0.145756515591861
1360,0.174081134045098
1360,0.153041705885255
1360,0.177975619686398
1360,0.175684378420424
1360,0.165510046645265
1360,0.190979932667652
1360,0.172971594503239
1360,0.155977522357935
1360,0.162937811916617
1360,0.16359034433657
1360,0.153659573306179
1360,0.153309908275088
1360,0.174171803531761
1360,0.153897624543533
1360,0.134082117896265
1360,0.168235114206324
1360,0.161770506223857
1360,0.208192195724264
1360,0.166886021719461
1360,0.153975514372908
1360,0.14043672362819
1360,0.184239484436897
1360,0.149573963138287
1360,0.201280750420936
1360,0.174089766704507
1360,0.164278418795219
1360,0.138142419498513
1360,0.142900712212114
1360,0.156215590881207
1360,0.125794350427704
1360,0.179230107179685
1360,0.171312199114036
1360,0.195478417938513
1360,0.148336989489219
1360,0.147177194270011
1360,0.135314894319072
1360,0.166278935240751
1360,0.143547582968834
1360,0.157760968146129
1360,0.156952671295467
1360,0.146508069179484
1360,0.1640150618066
1360,0.181969384929307
1360,0.162475839017026
1360,0.170821659167164
1360,0.14692909067844
1360,0.181346885443343
1360,0.163194944454976
1360,0.178685643234431
1360,0.164380362890447
1360,0.163573406028336
1360,0.168883765245457
1360,0.143193627926122
1360,0.16434350638425
1360,0.165571821472002
1360,0.144688678916485
1360,0.183812040354816
1360,0.172837080221905
1360,0.149316429835612
1360,0.151473122714928
1360,0.180471866535266
1360,0.152686786343059
1360,0.155942149896103
1440,0.152980917603013
1440,0.13871172521122
1440,0.157001860990254
1440,0.156328900148389
1440,0.173267943926926
1440,0.147904195628573
1440,0.169708650994585
1440,0.179285777452536
1440,0.165021608059212
1440,0.145546818503177
1440,0.0904060562743352
1440,0.158619580554987
1440,0.195706020326775
1440,0.131197727035219
1440,0.173248033333287
1440,0.176470780726506
1440,0.175808025253891
1440,0.148114700806109
1440,0.12883052133966
1440,0.177077337376326
1440,0.16491614865902
1440,0.146710776473199
1440,0.168825937959435
1440,0.170378138286918
1440,0.144036783218835
1440,0.176675951287163
1440,0.139219200990244
1440,0.164725745342323
1440,0.193164962397725
1440,0.19104333193218
1440,0.145188242229728
1440,0.133412140106333
1440,0.137829196078372
1440,0.162805914843695
1440,0.159464490354533
1440,0.16642241182437
1440,0.142706962279408
1440,0.17349254833779
1440,0.18149519140589
1440,0.148814541036629
1440,0.171349001150586
1440,0.17096055128421
1440,0.12305563203003
1440,0.168979988212365
1440,0.170972714418402
1440,0.177847569425382
1440,0.138005143745912
1440,0.149334128449267
1440,0.129620164817054
1440,0.167257988057697
1440,0.17228740255437
1440,0.133820252808267
1440,0.175437565579528
1440,0.16441261518549
1440,0.138299211268374
1440,0.153716680083297
1440,0.163831292287338
1440,0.145653477778541
1440,0.161850062437611
1440,0.174303091192117
1440,0.180615249296391
1440,0.158349133065752
1440,0.163168578777512
1440,0.132962441117804
1440,0.156335341490144
1440,0.160923572782622
1440,0.140247859909931
1440,0.139193372369823
1440,0.189208115632979
1440,0.153211375869694
1440,0.159979081938933
1440,0.170253444708744
1440,0.153658957860034
1440,0.171545137576786
1440,0.165774249371728
1440,0.158022910057418
1440,0.17652765357412
1440,0.147998761907103
1440,0.12373268511175
1440,0.131632744116671
1440,0.146824810796163
1440,0.169464744630366
1440,0.173342066416825
1440,0.169576376813529
1440,0.137372053655573
1440,0.168861855461674
1440,0.176663201020504
1440,0.1563836001377
1440,0.157896853099936
1440,0.151586737442724
1440,0.178034088458309
1440,0.19442707330176
1440,0.135255722426348
1440,0.180823533422541
1440,0.154051274194548
1440,0.138419416003794
1440,0.167575809237813
1440,0.176552795909954
1440,0.163179808741979
1440,0.160181969807762
