20,0.210696879328994
20,0.235287964587848
20,0.166426768053955
20,0.321844167953704
20,0.0964846738918624
20,0.290701223424598
20,0.171268536726369
20,0.259390509736245
20,0.246239788938476
20,0.255410131986996
20,0.244640197913403
20,0.263851769830717
20,0.282604443933104
20,0.206566560947706
20,0.274406250688809
20,0.281188466655043
20,0.239594571386317
20,0.0634490501226526
20,-0.0193991072089396
20,0.188107369550736
20,0.180127628694826
20,-0.115603432253272
20,-0.183195000909478
20,0.249937442786326
20,0.292628623089438
20,0.271935734415274
20,0.274311172005912
20,0.249882588724192
20,0.256976065864349
20,0.290659640778786
20,0.217381015817747
20,0.234042800350288
20,0.285033346545152
20,0.258078585337032
20,0.205139529092232
20,0.2092337412973
20,0.191478700507551
20,0.175612326156237
20,0.250160464192544
20,0.321702367921504
20,0.126978436601899
20,0.31440375037996
20,0.106821144937676
20,0.265272102856727
20,0.236396046761034
20,0.12108609413229
20,0.209049796183723
20,0.201225703671698
20,0.193677084844989
20,0.0382387249189574
20,0.243954968154378
20,0.189178211301023
20,0.272992051157309
20,0.219318102422025
20,0.0967904219549756
20,0.130798006335078
20,0.289596339359213
20,0.135772709893425
20,0.205788325641429
20,0.157882225613405
20,-0.0828974839815335
20,-0.00797063521370025
20,0.219507409730925
20,0.0337810080270347
20,0.20930591101408
20,0.33231092604497
20,0.0678362803640696
20,-0.0501178551035415
20,0.256844051941303
20,0.227316129723123
20,0.0609733417648778
20,0.243275022479392
20,0.163905810963241
20,0.129950717481619
20,0.172264455788157
20,0.117182532065362
20,0.13883215582181
20,0.197581627042858
20,0.327707456036028
20,0.17225527239191
20,-0.0628287978737529
20,0.220467308879824
20,0.234917697051856
20,0.0763481503012401
20,0.15796988185603
20,0.198657561240748
20,-0.0141859745040724
20,0.163216302118063
20,0.221850486270493
20,0.219007926860635
20,0.0811727305759542
20,0.120818093424314
20,0.215994833818747
20,0.111136530702966
20,0.238691393221057
20,0.182398390134785
20,0.135497811580131
20,0.231489137285094
20,0.0939887735842814
20,0.137088063586089
40,0.243946762578554
40,0.218377162549213
40,0.272069407948288
40,0.17957492294651
40,0.265200189198687
40,0.266279453620763
40,0.119933206636946
40,0.158081928864738
40,0.18590609717787
40,0.209505867483725
40,0.125058771110561
40,0.253948424037037
40,0.217028843745626
40,0.237531115691147
40,0.170532593748622
40,0.30489033740678
40,0.273619790381348
40,0.192293135738629
40,0.21486949062994
40,0.254908204150173
40,0.158613566226209
40,0.32424253239511
40,0.281265112583959
40,0.0341610017513453
40,-0.0208589536083487
40,0.245766511698342
40,0.25033826528054
40,0.258670008831595
40,0.211806563010213
40,0.230602802371816
40,0.250065594124251
40,0.26485287248372
40,0.306581525407846
40,0.163181840510885
40,0.241916358399179
40,0.158053911325946
40,0.221962076970072
40,0.176774101860821
40,0.292416997175428
40,0.231198875574084
40,0.274461624528514
40,0.0551847755583904
40,0.118351829655663
40,0.255430180027345
40,0.279107740574563
40,0.250271327593544
40,0.242286701706966
40,0.14107580135113
40,0.174339305674715
40,0.208463023851299
40,0.239857902796717
40,0.219693944663768
40,0.155858914212557
40,0.251698429655433
40,0.0905176640876141
40,0.230083923029922
40,0.216613660194545
40,0.23020660450152
40,0.15699943440186
40,0.168868285219927
40,0.264265642454694
40,0.00683600185437002
40,0.200278780554639
40,0.261258465283401
40,-0.0271468348024329
40,0.260702493440629
40,0.26195400044092
40,0.176181481818543
40,0.21454844208423
40,0.230564461129238
40,0.119043374283771
40,0.178778159004739
40,0.165784891722342
40,0.0756479751261698
40,0.240320235355286
40,0.301071363414191
40,0.243173072497791
40,0.188325808881385
40,0.205355752993618
40,0.190817128497857
40,0.241047303805808
40,0.295009304843386
40,0.235715826562218
40,0.153384023305085
40,0.184360199219415
40,0.317091154389804
40,0.286621304052406
40,0.21227200995002
40,0.207049136649276
40,0.313098302511708
40,0.0965387429635495
40,0.284903564513244
40,0.280083895698967
40,0.230251907863675
40,0.27402557350337
40,0.0610461250162936
40,0.289751585926599
40,-0.0371698312291631
40,0.166386405274465
40,0.243632848148504
60,0.248829724766089
60,0.268962519852004
60,0.262487281552033
60,0.290850878369619
60,0.0114770264999197
60,0.295019408756773
60,0.277270929740329
60,0.161055227862788
60,0.238663856239564
60,0.287392574119084
60,0.234636404339136
60,0.196501512921658
60,0.250976330170519
60,0.187359927944444
60,0.226802253308087
60,0.230146780019336
60,0.239694754440179
60,0.307763103702826
60,0.328250211631594
60,0.115314534463163
60,0.238940446124382
60,0.0829114357743327
60,0.261278588936037
60,0.270610582749441
60,0.0374313438146333
60,0.32571085860606
60,0.310512502460969
60,0.308216557037736
60,0.30975755122342
60,0.197491906679477
60,0.155493034533363
60,0.211993091048023
60,0.239579844855449
60,0.21444105762899
60,0.307018296433116
60,0.283395590367549
60,0.286294710032457
60,0.290341163471866
60,0.242515171825222
60,0.214736499560239
60,0.316560290767433
60,0.236175112656531
60,0.169556508300151
60,0.28165893476843
60,0.280744732871247
60,0.173245410314781
60,0.251667813771548
60,0.19380713576584
60,0.248332364935638
60,0.226671621707766
60,0.152136898257172
60,0.13677949528042
60,0.190689514743619
60,0.31848192176374
60,0.273040046856027
60,0.264731951987362
60,0.272275010534504
60,0.285210764526614
60,0.0914476206285933
60,0.308214119760338
60,0.292661371462919
60,0.196853948150251
60,0.295860264161526
60,0.281384170020292
60,0.267981403943297
60,0.233798264721472
60,0.292087612032092
60,0.241601378050928
60,0.275845355572397
60,0.227917876798052
60,0.228531299487073
60,0.237677635225475
60,0.24972539464832
60,0.206191984340909
60,0.267753938250967
60,0.255356050388229
60,0.288980335033661
60,0.260734886510473
60,0.312353916308264
60,0.210945710915791
60,0.196606883136463
60,0.237331589248297
60,0.200347824970225
60,0.304280223349606
60,0.274497362642462
60,0.289860189841644
60,0.255058210024781
60,0.295428945561566
60,0.223608415757107
60,0.184803376655935
60,0.213956580676204
60,0.204450040627202
60,0.28742484908015
60,0.21121308402878
60,0.315052454172608
60,0.308565097000096
60,0.182968238684417
60,0.265895993106034
60,0.284398094935631
60,0.272135275745921
80,0.298271351145061
80,0.320179366044517
80,0.282818381898171
80,0.221987876018948
80,0.220799954025265
80,0.194663217462625
80,0.30889986943486
80,0.22140584508362
80,0.334265106329047
80,0.246049095634599
80,0.169316507020974
80,0.259425806767974
80,0.290033357543786
80,0.247353554819447
80,0.245598205374116
80,0.280522836717651
80,0.24008736732318
80,0.212085915775461
80,0.247358467245343
80,0.315965247945893
80,0.284844786840791
80,0.295608406401592
80,0.275917738824544
80,0.258998564607318
80,0.277680402643391
80,0.289406191723216
80,0.300828390005124
80,0.227906817681056
80,0.243119146511645
80,0.187805847096866
80,0.302027933916011
80,0.208028786429937
80,0.302657322472507
80,0.261273659939775
80,0.297817289787841
80,0.196218972052631
80,0.246265883754171
80,0.257715865041147
80,0.168717791188202
80,0.25263194994548
80,0.217763485886371
80,0.159496977285663
80,0.294459465308384
80,0.327002723446192
80,0.20711172104122
80,0.288569227222278
80,0.228673764656772
80,0.292954520307613
80,0.276595437595015
80,0.187620903673199
80,0.290506576318054
80,0.242141124263339
80,0.213397162084525
80,0.209179045015513
80,0.226955644045805
80,0.17085658246627
80,0.276242711263612
80,0.202823593689897
80,0.309412844598194
80,0.220627203329006
80,0.260422854274536
80,0.222039387711693
80,0.197198671582295
80,0.210798065893504
80,0.255811757353873
80,0.286102323292509
80,0.211835504518442
80,0.256616746400757
80,0.302494435337431
80,0.260683903996944
80,0.188340776120526
80,0.221725026349124
80,0.180455702919794
80,0.28505827178885
80,0.327199574526564
80,0.289389713631401
80,0.329685149399411
80,0.27307420680069
80,0.263023960272391
80,0.247953406947583
80,0.297286433136882
80,0.151321844642692
80,0.278421311115698
80,0.189312121010598
80,0.16253810658526
80,0.196990891888235
80,0.272272501941257
80,0.358117432903115
80,0.294217356874972
80,0.19577471885858
80,0.298733195455251
80,0.136416212420694
80,0.227806598300715
80,0.279328904873122
80,0.235385767556683
80,0.220245755426751
80,0.278461543221462
80,0.303217072678984
80,0.25056416487343
80,0.199174399875777
100,0.323732373972755
100,0.328605441151423
100,0.334354381851505
100,0.235500193715024
100,0.247967422604579
100,0.272054071911896
100,0.271448543485111
100,0.314911742112984
100,0.307777554828806
100,0.284240391155602
100,0.243557010238031
100,0.247901690572394
100,0.281259832968112
100,0.302494136637718
100,0.197737359019276
100,0.328728469377699
100,0.246829594121897
100,0.299509434326896
100,0.264483126776619
100,0.263192909157116
100,0.285799658132156
100,0.277905284413974
100,0.297661007117959
100,0.298780935681315
100,0.295655479728046
100,0.135202921322938
100,0.147094857398954
100,0.297105641566003
100,0.24783452510614
100,0.310829838531239
100,0.284640443999023
100,0.341520051707607
100,0.24390445705826
100,0.1251113219045
100,0.268096763641239
100,0.222183891562957
100,0.298984390054484
100,0.301743960063335
100,0.2653867327205
100,0.288128580371397
100,0.321736799262245
100,0.18964154781131
100,0.297724626250018
100,0.296310605205196
100,0.196773392639689
100,0.0987932436307767
100,0.212384084688118
100,0.197915137975753
100,0.218648361795687
100,0.307888626963062
100,0.164249269411002
100,0.306030926080977
100,0.25884264745781
100,0.265821298939132
100,0.253705525907827
100,0.292010680122563
100,0.282599578318545
100,0.278544997111158
100,0.273403076978557
100,0.21238810523064
100,0.295029608916882
100,0.305284125128034
100,0.27156362223379
100,0.269374970459571
100,0.247166235273062
100,0.250194020365837
100,0.289317483613765
100,0.258732032865962
100,0.338462096542714
100,0.254418546070276
100,0.280409122265873
100,0.260365368268343
100,0.310501526814158
100,0.2362824583291
100,0.260710345989053
100,0.316642230395176
100,0.232265609459103
100,0.247679863875238
100,0.286020879903394
100,0.286839387298948
100,0.166377436389129
100,0.145807109231854
100,0.24986193323248
100,0.263779526026033
100,0.283052140984601
100,0.208984232313219
100,0.144886303141336
100,0.298926582700058
100,0.270928567399093
100,0.244657444719621
100,0.325761802835285
100,0.338820554989538
100,0.267427273874889
100,0.27734124759092
100,0.280282908487793
100,0.270004517227606
100,0.270911803931913
100,0.284088820174513
100,0.322564099797926
100,0.261766701521945
120,0.257124770469934
120,0.19330486283267
120,0.201511878819559
120,0.296839937727305
120,0.273203043640589
120,0.2755892484043
120,0.232296354443613
120,0.263675577663673
120,0.301727307728615
120,0.315244626641843
120,0.286407248298084
120,0.228340164914149
120,0.312475002779648
120,0.288347567042918
120,0.309337303441354
120,0.307029014115693
120,0.346231677608748
120,0.287912262477116
120,0.343096765411575
120,0.25984391570591
120,0.266628618280246
120,0.361669858594242
120,0.269586608278372
120,0.235280872795955
120,0.281773854240668
120,0.278232412432721
120,0.234325709032659
120,0.286674035055357
120,0.30009222975148
120,0.279842406349313
120,0.23585983591128
120,0.226432184760722
120,0.206707456743597
120,0.291564675065135
120,0.170709316922407
120,0.29392169329844
120,0.292132784254437
120,0.268861031874502
120,0.188155888671164
120,0.323357808417515
120,0.293687755889248
120,0.264106914841329
120,0.27596893379052
120,0.248581938374554
120,0.262263683819264
120,0.194524200318945
120,0.235798500977853
120,0.262932034006481
120,0.260845738712671
120,0.275191009560256
120,0.259817691990488
120,0.306353972444578
120,0.225675030604034
120,0.271753399405733
120,0.341217865342088
120,0.221234445458269
120,0.24293406103347
120,0.300051235331286
120,0.322348772293958
120,0.302231681990123
120,0.197730234577454
120,0.30982863170419
120,0.214794111482077
120,0.346135394547405
120,0.293794914217018
120,0.236719771435108
120,0.319166261532598
120,0.295793129332467
120,0.249207384676165
120,0.302036377064293
120,0.284669028594932
120,0.27301760385348
120,0.215097165474043
120,0.266844905315861
120,0.260007279889423
120,0.284546370670721
120,0.275851451663123
120,0.295551302814469
120,0.331331347050458
120,0.190158055972924
120,0.167042520494696
120,0.33546664149357
120,0.214582889653179
120,0.342396851250654
120,0.307909353836238
120,0.305917172901351
120,0.284506202292128
120,0.297218866908936
120,0.318855761726127
120,0.269082367510961
120,0.3080097388099
120,0.358302921293939
120,0.277255042891147
120,0.272312096068518
120,0.354223416376078
120,0.257460002187709
120,0.30263675473361
120,0.251135336395151
120,0.205635404493276
120,0.292078513876884
140,0.308442761964858
140,0.18813606123839
140,0.276984496757769
140,0.248079411282418
140,0.237263398114627
140,0.247504384694125
140,0.283159502386493
140,0.23410988155208
140,0.249409336642157
140,0.336840739609019
140,0.270126820011025
140,0.298291557162991
140,0.253693075649268
140,0.311263790452109
140,0.290054649100069
140,0.254393541937355
140,0.190577319349277
140,0.278680721513042
140,0.288185076051094
140,0.317517944168069
140,0.301725072008939
140,0.298548681561795
140,0.347457866750961
140,0.309746478576703
140,0.223216576764907
140,0.277891480687849
140,0.288541609164314
140,0.279292787748417
140,0.280822688178715
140,0.240695474533743
140,0.206764151273061
140,0.29998081253214
140,0.286095018080902
140,0.319786356229242
140,0.261422062455093
140,0.187110606129831
140,0.32449883611254
140,0.328858369723172
140,0.305772301325276
140,0.312529008815755
140,0.327857699409613
140,0.241046331584646
140,0.332017353543381
140,0.261387422576345
140,0.306679119214178
140,0.203816125266745
140,0.25570812682405
140,0.225214909442093
140,0.29148631840463
140,0.28719084225457
140,0.313625001960865
140,0.258091845366461
140,0.248252265664112
140,0.224193244597768
140,0.32100129931986
140,0.331147222656758
140,0.271067118069663
140,0.320859224851401
140,0.281475515601057
140,0.289454746078385
140,0.300903472121654
140,0.321125309860503
140,0.292300208798578
140,0.321258428068627
140,0.208417333656877
140,0.279859205121774
140,0.321169799247861
140,0.189171953651949
140,0.321084026654823
140,0.324791903756146
140,0.29481675414519
140,0.267959226821683
140,0.261830400575767
140,0.290532740308148
140,0.232601569485344
140,0.255333956964278
140,0.329580956940194
140,0.310082583305767
140,0.30691736845947
140,0.332583236885481
140,0.277928213099108
140,0.306015236066792
140,0.289451043426984
140,0.133013155855429
140,0.320750266853144
140,0.293381535316782
140,0.345217312663396
140,0.304704934302194
140,0.218253517940642
140,0.292502923673441
140,0.318227283753123
140,0.296449636326609
140,0.326134066199321
140,0.276544286350032
140,0.295878142099909
140,0.253151748474471
140,0.244820282440594
140,0.303558748117237
140,0.146489197983704
140,0.218601983602442
160,0.341191368000059
160,0.277832262591302
160,0.340771019988716
160,0.294327093228232
160,0.326050577041305
160,0.29686189159447
160,0.278141821735617
160,0.334824793989488
160,0.230697355386534
160,0.286099987480092
160,0.312952825680245
160,0.294563832280778
160,0.230818266622023
160,0.264657137218853
160,0.33473147389244
160,0.291094722432464
160,0.284579455639928
160,0.290761028724188
160,0.327330191693276
160,0.278360674208847
160,0.311965481293632
160,0.273399215607319
160,0.329225849121494
160,0.285633936186713
160,0.236866204451843
160,0.323803990906044
160,0.30947309437795
160,0.305195886850944
160,0.297103173708103
160,0.26754163839987
160,0.27397193921273
160,0.252041245449647
160,0.293544774261376
160,0.298245203646678
160,0.232305760481488
160,0.304852676851492
160,0.322465152629182
160,0.291464677688915
160,0.289700801974439
160,0.316043419072572
160,0.338160709669259
160,0.254893806606586
160,0.143147385562575
160,0.32180833857617
160,0.302917205795624
160,0.312758588538087
160,0.303750098312508
160,0.288339499626806
160,0.294016265449164
160,0.261095453646024
160,0.185929035325003
160,0.251173984878507
160,0.291661259801388
160,0.310809367065678
160,0.285925891399185
160,0.227010019016583
160,0.232820471308353
160,0.315051519952492
160,0.270828552961797
160,0.268332769060069
160,0.261475708918281
160,0.328050431441932
160,0.305529748496224
160,0.281806248720096
160,0.293564742020154
160,0.315157014994931
160,0.267266888317728
160,0.318011534812061
160,0.207978394547384
160,0.277269683566872
160,0.21854312560471
160,0.253094798759578
160,0.298269848432859
160,0.354446448404334
160,0.202755401045948
160,0.309905866898168
160,0.226560811390041
160,0.297112712625823
160,0.311491920510583
160,0.237816406923238
160,0.312316387270206
160,0.320439275838983
160,0.238746898693437
160,0.308685191107215
160,0.335078757256205
160,0.275171581905173
160,0.344465196657337
160,0.275036536496186
160,0.283853841941698
160,0.176519142478055
160,0.262216618560177
160,0.319807888114937
160,0.316217013684621
160,0.243181459948118
160,0.291089612315233
160,0.282554273449921
160,0.334886535648876
160,0.212415704141926
160,0.314548354377768
160,0.272605202708671
180,0.309957868919723
180,0.301752554912352
180,0.288226536667087
180,0.286444094312811
180,0.317099966143919
180,0.297867061726533
180,0.283712766304812
180,0.327276899576786
180,0.2872459771033
180,0.258179005678559
180,0.315567785798613
180,0.314897833388399
180,0.307594860646446
180,0.2931705604371
180,0.299494179852393
180,0.257283363335365
180,0.313151136205535
180,0.350540113433687
180,0.270475187827871
180,0.281623990653725
180,0.267853290002132
180,0.271818350098308
180,0.208777087170995
180,0.311198646727929
180,0.336982488023286
180,0.263718921171608
180,0.355534976788989
180,0.309568847000761
180,0.316059023540344
180,0.340254372284772
180,0.290081199544124
180,0.328937808527378
180,0.274947060733944
180,0.30390169108198
180,0.311596017022367
180,0.273147408676438
180,0.269133268661035
180,0.319589011402664
180,0.267261524913418
180,0.281844285954465
180,0.316443475063299
180,0.323752911487767
180,0.282450971147632
180,0.336190037061675
180,0.304118667453158
180,0.277698176866672
180,0.344131373890784
180,0.343227547798445
180,0.276563847860648
180,0.263053878536704
180,0.304273144457241
180,0.327158348823429
180,0.360086884101067
180,0.298884165282376
180,0.318582831811827
180,0.306523295305945
180,0.295501044697298
180,0.263721258642829
180,0.255355461059902
180,0.276465302130465
180,0.298591287864656
180,0.167923881926283
180,0.255811873255848
180,0.350804896032754
180,0.330538497156847
180,0.219758524260542
180,0.183156368800147
180,0.309581928388561
180,0.340923748417762
180,0.249876849629343
180,0.294308330279813
180,0.313795896916598
180,0.25134184751847
180,0.297851801565273
180,0.29732896782706
180,0.307822490603911
180,0.334452383707418
180,0.29110689835642
180,0.340476078766978
180,0.254511763934347
180,0.244221023706986
180,0.240342864973905
180,0.296767214579698
180,0.321448607999728
180,0.24046557317873
180,0.332671387624625
180,0.28263751345007
180,0.3193631317909
180,0.311372907289685
180,0.280110752857376
180,0.312315794235077
180,0.309107889691383
180,0.285402755844216
180,0.296403581060737
180,0.290295057978087
180,0.336139358813836
180,0.209766499727849
180,0.279814047096655
180,0.31170331735031
180,0.237293687086942
200,0.318627775776906
200,0.314613138182945
200,0.326075556770589
200,0.334375701495622
200,0.293468212917621
200,0.275751927881317
200,0.31718480967302
200,0.287521719487726
200,0.261948035925105
200,0.282621908433542
200,0.290543180428606
200,0.2530107476916
200,0.303984007135183
200,0.308785919924891
200,0.280947732229795
200,0.342555284471815
200,0.349252398255907
200,0.304579064664849
200,0.249055285541079
200,0.321046729547009
200,0.261247918683902
200,0.343598575918364
200,0.297759919085092
200,0.296316642448865
200,0.332452687800889
200,0.322110656673365
200,0.232837415340702
200,0.300720311204508
200,0.300753601755503
200,0.283870201809368
200,0.325573078833829
200,0.298231976853371
200,0.223329272554898
200,0.324192585350849
200,0.296468576403092
200,0.259872471185128
200,0.267880327786943
200,0.265120714698179
200,0.288343104225943
200,0.297613545834388
200,0.300925157478689
200,0.29855645231198
200,0.320739148063905
200,0.28397496419377
200,0.299504196715186
200,0.302633274929602
200,0.267299721977908
200,0.294154017657254
200,0.231808401563684
200,0.31235302357045
200,0.326689290534819
200,0.303997615628306
200,0.346886308622363
200,0.314726149035392
200,0.283526466333706
200,0.33218030434437
200,0.33562638649006
200,0.314229994040425
200,0.282442416087746
200,0.316082711394754
200,0.182207463076837
200,0.332071766953963
200,0.312068699373859
200,0.321433089123875
200,0.317913577311773
200,0.314806059817902
200,0.305993341970181
200,0.259139979235566
200,0.311713255721293
200,0.293936012939516
200,0.2335089369744
200,0.229425259661042
200,0.263224475907749
200,0.301644403471309
200,0.300655827276008
200,0.254942923141182
200,0.330030013230394
200,0.270554158688605
200,0.307906744089256
200,0.350511872498572
200,0.291578164982834
200,0.327236921309783
200,0.25893707175856
200,0.279554825730889
200,0.332102556156107
200,0.29587050436525
200,0.28530455836008
200,0.261177433033261
200,0.324832744510904
200,0.343280031701091
200,0.321351391632985
200,0.305371356800732
200,0.269750921480263
200,0.355706563373665
200,0.31502969273234
200,0.304698351989333
200,0.260021728584925
200,0.347008686767758
200,0.28515930807555
200,0.361716119172209
220,0.352392676396974
220,0.31661183057687
220,0.284226875631898
220,0.252723483047169
220,0.290149574809659
220,0.295454338979916
220,0.292370093179293
220,0.310403475908391
220,0.310921819115188
220,0.287696517831386
220,0.284256025351468
220,0.2773639404659
220,0.303184653984876
220,0.271578459167923
220,0.319387993831486
220,0.317655986554461
220,0.30810204901578
220,0.293254377699356
220,0.321673749178063
220,0.287952242062042
220,0.308295516804163
220,0.325405237818838
220,0.30602525568482
220,0.268097806568467
220,0.295853656438717
220,0.279987427674139
220,0.313611272161492
220,0.313768747471776
220,0.288430755259358
220,0.330155083889208
220,0.329406571184584
220,0.324378332095226
220,0.25479222318365
220,0.339582232505544
220,0.341846274254379
220,0.312432361551733
220,0.293555197063083
220,0.300469891729781
220,0.320018870542944
220,0.297902651052801
220,0.317843460537459
220,0.300964959652105
220,0.317088005751051
220,0.335960050914962
220,0.315566354441117
220,0.333395503734963
220,0.254993784698682
220,0.318428008845509
220,0.330126590990139
220,0.3154631243663
220,0.285641527725064
220,0.318725239444524
220,0.246060996560759
220,0.330251451535501
220,0.32636033369104
220,0.304897655088138
220,0.312107203853286
220,0.309578614037471
220,0.215959123123199
220,0.304681317311797
220,0.321416606107949
220,0.296207402371661
220,0.317685337268691
220,0.350432561506188
220,0.280573572721334
220,0.308821726795719
220,0.299208401651424
220,0.345257669111387
220,0.297930164592023
220,0.304836511766927
220,0.270725100141217
220,0.332474056765759
220,0.331820229841332
220,0.274557464348508
220,0.333602875354246
220,0.311475371425017
220,0.289812796718383
220,0.297772095873293
220,0.311874537406578
220,0.282524848715765
220,0.249561594574066
220,0.295318147274315
220,0.329795268232808
220,0.272917075652314
220,0.309057063603909
220,0.324264859221784
220,0.32154835037042
220,0.332370608616342
220,0.302523925854989
220,0.259094128872635
220,0.308827848913418
220,0.295568894806568
220,0.289187682892702
220,0.298439358366189
220,0.322554743221949
220,0.247350070382906
220,0.312944762335306
220,0.298868152263068
220,0.302101095421623
220,0.279388294865708
240,0.330804589475742
240,0.297802561759925
240,0.323400528190755
240,0.317246190418988
240,0.370443018399988
240,0.308048067148903
240,0.29743702755028
240,0.331641565392101
240,0.346917652993334
240,0.241875496176891
240,0.355149367911445
240,0.330879823056147
240,0.300385719593768
240,0.34787839767553
240,0.272481652447947
240,0.293107493598128
240,0.29620844351632
240,0.319777341098462
240,0.279092041572444
240,0.365161943379914
240,0.288456832520402
240,0.285958824642541
240,0.305646680628342
240,0.239739833686057
240,0.343735006092486
240,0.294927637718568
240,0.28406235555711
240,0.321759022429303
240,0.33565968272934
240,0.337046280778545
240,0.307731708557989
240,0.269352056421885
240,0.323991004158617
240,0.348001536376076
240,0.319990664486669
240,0.312518788685418
240,0.292836968769756
240,0.298370176996793
240,0.305123433233764
240,0.315669899762811
240,0.346370627668631
240,0.343847000767898
240,0.254869222896474
240,0.286762409602073
240,0.319157554541091
240,0.287259324517115
240,0.339141347410065
240,0.293044430512222
240,0.346651975813404
240,0.319332387562407
240,0.313205852319454
240,0.337570532548578
240,0.252950756912544
240,0.334386020388956
240,0.304726735512672
240,0.274965629351904
240,0.325599886697861
240,0.272727060659723
240,0.310719470065183
240,0.31039535057237
240,0.311307728941413
240,0.328415409166026
240,0.292245148599886
240,0.374328019897003
240,0.303403889093609
240,0.309159767079561
240,0.284619902688067
240,0.323712878964519
240,0.300197163051598
240,0.308835107561543
240,0.325136565853554
240,0.274052888470569
240,0.330961969661764
240,0.320395170288408
240,0.337656053343275
240,0.317044694684434
240,0.332706122028682
240,0.328367653183496
240,0.345569579808863
240,0.323348958311013
240,0.322556864725627
240,0.285680324943213
240,0.321576596623923
240,0.267798816123649
240,0.328798365836632
240,0.283387081344119
240,0.336984578833186
240,0.308351842055005
240,0.337045264336766
240,0.320811272362332
240,0.299251820722878
240,0.315223535090038
240,0.333419629118388
240,0.353937784376556
240,0.201441966564929
240,0.302926984914533
240,0.299656302192755
240,0.314576101064558
240,0.286016310432772
240,0.29262338960332
260,0.336368413683855
260,0.311759658996593
260,0.292248386806955
260,0.300071812899711
260,0.289468965789334
260,0.257532609691689
260,0.247655317756707
260,0.308570167670306
260,0.291975462293367
260,0.276589788269821
260,0.322091566099078
260,0.331521164285957
260,0.34276357643808
260,0.317495722546892
260,0.330247308680823
260,0.316167176044241
260,0.316541083252175
260,0.319897243240097
260,0.316830047148962
260,0.235422529373618
260,0.356733218552615
260,0.326883564656795
260,0.338717553018657
260,0.293240374837365
260,0.299089953326344
260,0.335855090502677
260,0.281462655701813
260,0.228048203860271
260,0.321773338071097
260,0.296237900553265
260,0.334375490876926
260,0.344298771031034
260,0.256231895297668
260,0.297883860313217
260,0.267611989563923
260,0.239667469394967
260,0.323173772910217
260,0.301579782107364
260,0.31812497324059
260,0.330885418251247
260,0.28895088234492
260,0.266540909490726
260,0.333645415228141
260,0.284934774987867
260,0.313682402188287
260,0.327826162570182
260,0.291416344588505
260,0.299729825289141
260,0.282345801982027
260,0.297918855045626
260,0.25402164911522
260,0.304162234614032
260,0.274539984467991
260,0.269395841565243
260,0.301873982929564
260,0.297046644202248
260,0.307017208437215
260,0.304749956395095
260,0.313342974876475
260,0.303620773927856
260,0.334685582257771
260,0.263599217801397
260,0.320136607123521
260,0.303328642117309
260,0.325721518711231
260,0.334610168668112
260,0.292075779490116
260,0.31750447022
260,0.320916019787768
260,0.323097879340988
260,0.324259151462421
260,0.324191566804799
260,0.330519939523824
260,0.272377561140678
260,0.314884887159643
260,0.298374344511256
260,0.332271735191055
260,0.312674181062329
260,0.280847249105366
260,0.322897434411657
260,0.321098967101662
260,0.305890999657124
260,0.299283167195894
260,0.304050271053735
260,0.285972808085971
260,0.311787724098957
260,0.308777428861993
260,0.310982439084033
260,0.287306315708316
260,0.278020235439421
260,0.318844839557114
260,0.28012160481021
260,0.262560351987611
260,0.326280395308825
260,0.242766057142645
260,0.308648697096673
260,0.309693337186477
260,0.278789998860046
260,0.311767131723383
260,0.276424180782865
280,0.275110583858346
280,0.31310366852577
280,0.307137847093843
280,0.3031274836367
280,0.301954516442026
280,0.275596092291698
280,0.28960828794818
280,0.242249154153458
280,0.267499784947638
280,0.341957753571199
280,0.254175847373738
280,0.29779968335993
280,0.286391165577281
280,0.287830271324013
280,0.349299550413885
280,0.306249956606674
280,0.310235756039038
280,0.31737013623608
280,0.316282807942831
280,0.305147930644725
280,0.348462544404267
280,0.319772345067428
280,0.259571996566775
280,0.310392051255426
280,0.331364431796155
280,0.307535078336447
280,0.327097665351841
280,0.332362434216941
280,0.354193849216267
280,0.301177442215856
280,0.272160722964876
280,0.324570369084742
280,0.323697411374747
280,0.279769303644213
280,0.31808110145927
280,0.326596422861586
280,0.34153004622272
280,0.312001966903228
280,0.349927840046375
280,0.263055420723764
280,0.342410806100001
280,0.333769726663647
280,0.317079470368195
280,0.290814333150189
280,0.337920224071039
280,0.26527432541782
280,0.337546959937506
280,0.315770308774325
280,0.305361205875185
280,0.334209561651437
280,0.315975474359689
280,0.305027092294414
280,0.29431359695374
280,0.304756649664827
280,0.294831018788949
280,0.25676128925897
280,0.306893101282162
280,0.306376411565562
280,0.292694029321885
280,0.286932036391736
280,0.288735305444914
280,0.351997595849594
280,0.307870792763419
280,0.330257843371234
280,0.308901672210767
280,0.309039411296832
280,0.274772521672496
280,0.328395957030109
280,0.33496481367997
280,0.29852612299632
280,0.356958315760348
280,0.268038780295466
280,0.34904019487127
280,0.319882356734581
280,0.331083014516183
280,0.315066010580771
280,0.292328582831464
280,0.29686431847569
280,0.300976265392387
280,0.289454813860271
280,0.29785159697805
280,0.306500033856145
280,0.333400177665922
280,0.329115912264861
280,0.301783569759522
280,0.320982062895438
280,0.329053274974548
280,0.276745279310256
280,0.286369114010457
280,0.331568148280132
280,0.28039196706354
280,0.360258577629344
280,0.292125111955836
280,0.344389999727006
280,0.288195602182799
280,0.301388484732916
280,0.250831428997692
280,0.307385051752931
280,0.292006536916136
280,0.294181226107887
300,0.315391130937357
300,0.34944018461569
300,0.328150218178906
300,0.346614629708468
300,0.295819086686772
300,0.342919794378258
300,0.255479860989507
300,0.307249112780592
300,0.347264446673603
300,0.356521066199733
300,0.319342617381069
300,0.319991843322446
300,0.343607784021344
300,0.352045184317558
300,0.339975783396976
300,0.29294511624272
300,0.346586261359556
300,0.356719062026481
300,0.337756723215354
300,0.337620330320602
300,0.301508723379959
300,0.271434066110784
300,0.305114733175011
300,0.227641810279991
300,0.275958857819004
300,0.348034324959596
300,0.287231457723049
300,0.301269606497372
300,0.252742408959623
300,0.320057522091799
300,0.315054570402584
300,0.308432423711959
300,0.346717159777132
300,0.353372912986409
300,0.289686748047919
300,0.303317103004857
300,0.322784625238105
300,0.300585275397001
300,0.315485510734522
300,0.349167480725765
300,0.308903730829084
300,0.318383992973839
300,0.275319653244866
300,0.316403094865555
300,0.302244100190309
300,0.325465915904117
300,0.276767180443302
300,0.289999186740476
300,0.338851697749185
300,0.32591075102467
300,0.345806349784206
300,0.286295501015291
300,0.320351693230575
300,0.306753390746196
300,0.327520267794051
300,0.335057514238916
300,0.295058310483203
300,0.28621087698794
300,0.262862922683143
300,0.315820077426992
300,0.309344901142511
300,0.318116578826544
300,0.325711628578359
300,0.330012297952076
300,0.3422243294791
300,0.332476518150957
300,0.274271614796522
300,0.353983376946454
300,0.295071163015927
300,0.301795125980341
300,0.308120765201919
300,0.332436885561621
300,0.235237761022537
300,0.340867620535831
300,0.317072780678073
300,0.302310668395122
300,0.311312001323092
300,0.328541351188582
300,0.305887060968617
300,0.25471681883863
300,0.336904243165357
300,0.253372225317209
300,0.277090458168934
300,0.268806332682254
300,0.303414179257051
300,0.325604146246185
300,0.330372869010458
300,0.309697102757892
300,0.282016217187019
300,0.287751768634487
300,0.291603346055026
300,0.340409610306807
300,0.294170110212713
300,0.295863178929916
300,0.337065991920072
300,0.320472371437534
300,0.359179089327843
300,0.299694881853567
300,0.266326245929442
300,0.328466777101999
320,0.293681590116724
320,0.310248628344363
320,0.314342694366314
320,0.315690999486293
320,0.306032565442519
320,0.298110046897545
320,0.267072150778261
320,0.309404953507381
320,0.320152319161369
320,0.331648629583588
320,0.319663773720004
320,0.368989137706153
320,0.297608326251072
320,0.318283584388033
320,0.311087503360643
320,0.299830318210734
320,0.337595619933229
320,0.321127699288704
320,0.345038065649046
320,0.305010991191516
320,0.302748358511381
320,0.328769078882177
320,0.325065625853763
320,0.295923977536969
320,0.32933470150723
320,0.331579562861484
320,0.300233582331554
320,0.312754782776068
320,0.316514854514994
320,0.298234410326326
320,0.282870524927943
320,0.287246653384697
320,0.282627251172357
320,0.325604355930279
320,0.280739105690351
320,0.32235328912944
320,0.355555799047488
320,0.312432828779203
320,0.320740135143848
320,0.331333758346462
320,0.311240333701298
320,0.301452854591079
320,0.363476483105822
320,0.287741621299494
320,0.305008580643676
320,0.301821106051175
320,0.313221410153105
320,0.292621447117335
320,0.325864997417114
320,0.314320822296369
320,0.298703739030254
320,0.310391203669267
320,0.333475419426246
320,0.3216915634384
320,0.342258560159953
320,0.314301691300284
320,0.31892463956596
320,0.353545944738177
320,0.276446017204143
320,0.308576006539549
320,0.293096609818175
320,0.3259152395156
320,0.325776216978366
320,0.302049808976329
320,0.242825215608641
320,0.338295100267693
320,0.297220216365654
320,0.318414243060548
320,0.34321716310088
320,0.317221531210755
320,0.298725635914076
320,0.299002417210891
320,0.310917179746561
320,0.318649960671561
320,0.325616792582895
320,0.339999944558969
320,0.302340426876607
320,0.331087167048377
320,0.323228025873886
320,0.262527044571781
320,0.288266621230751
320,0.303583683313755
320,0.330940312440982
320,0.327692990688142
320,0.330179449518747
320,0.363268488702563
320,0.290157542320128
320,0.308798296743671
320,0.340436476441194
320,0.312166268515645
320,0.286425000978075
320,0.301373613413101
320,0.291159556142204
320,0.341527259827412
320,0.311235900906343
320,0.312585619972754
320,0.328174115550492
320,0.318522060473796
320,0.316116658994857
320,0.320930595479224
400,0.292702194085284
400,0.258009493478359
400,0.323220928555112
400,0.304544151923309
400,0.346748331896124
400,0.300197814340524
400,0.311810015751667
400,0.330381930397294
400,0.31911663213037
400,0.312176518443269
400,0.307795482188933
400,0.34814129496418
400,0.341344494749233
400,0.3161057260139
400,0.333447945593202
400,0.325106957109827
400,0.298329872361246
400,0.32976823282143
400,0.303266558624158
400,0.334224950652372
400,0.311719338550906
400,0.316730525534974
400,0.320284991813539
400,0.307705038279991
400,0.291122751261822
400,0.327940719554502
400,0.31706716571229
400,0.315528054738895
400,0.259981192147108
400,0.295234466567592
400,0.319382399889941
400,0.310033137591438
400,0.314856741111707
400,0.326036059020409
400,0.316364017948905
400,0.278806537067125
400,0.253570849240792
400,0.27047574369738
400,0.304005157674793
400,0.316377149258975
400,0.314644255373674
400,0.301019822517184
400,0.314286984994162
400,0.307936649991608
400,0.311161919406584
400,0.289650612847111
400,0.29670144602795
400,0.323677777811985
400,0.29214908539849
400,0.315082158150503
400,0.318699319389346
400,0.317785109353233
400,0.360157514244317
400,0.331106244001071
400,0.294666352099221
400,0.280716416030912
400,0.316464364532392
400,0.294381314522414
400,0.320374491855158
400,0.333656177182278
400,0.334871781168209
400,0.302474809208296
400,0.329773185849029
400,0.329626513267529
400,0.319526062931894
400,0.318285932662693
400,0.321391258462442
400,0.318382682201377
400,0.322017638943023
400,0.318897797940267
400,0.337021154164627
400,0.345039086391959
400,0.296691081573889
400,0.339687345478714
400,0.328089154003722
400,0.331883319451541
400,0.330359014079823
400,0.298086135075669
400,0.284348549065303
400,0.324125988552109
400,0.318292908507129
400,0.291368994555073
400,0.325384543481766
400,0.285338062877497
400,0.29886936115395
400,0.292187131084565
400,0.300467428966433
400,0.282551314862849
400,0.286124663019547
400,0.313577645137619
400,0.328303327753429
400,0.309705461851296
400,0.321383307083792
400,0.344908847009977
400,0.337440924853814
400,0.316467505345235
400,0.311497650210179
400,0.285903233857304
400,0.30436898837491
400,0.317375723836598
480,0.325303888473986
480,0.296483018767121
480,0.286872126167191
480,0.29859013369461
480,0.316014537403874
480,0.326540979079403
480,0.313972645525808
480,0.324908643565171
480,0.330687204085427
480,0.312307451362259
480,0.326801433258
480,0.305971604696095
480,0.334088636543445
480,0.321872451971497
480,0.261023882660733
480,0.34398182816838
480,0.286291608601104
480,0.304176452114204
480,0.29752572417172
480,0.294557284242333
480,0.278150593289005
480,0.340088047670568
480,0.296521236755021
480,0.30391677892466
480,0.311847939046694
480,0.352348398387302
480,0.32744518497842
480,0.342406721785025
480,0.237252591913585
480,0.331239052841312
480,0.308535949651598
480,0.32397359451489
480,0.339354605174665
480,0.302166286303768
480,0.32936258643793
480,0.278581235341875
480,0.345559535593878
480,0.287046256382887
480,0.334990601867034
480,0.270172384689171
480,0.294401016257766
480,0.348554499682464
480,0.313829242907953
480,0.332474148763767
480,0.291481694796058
480,0.298637264097091
480,0.277756442549958
480,0.283538447076594
480,0.344225813260821
480,0.318138508449681
480,0.294682584830445
480,0.334549543659474
480,0.301512940932894
480,0.340562928374361
480,0.323399767579387
480,0.318828934580475
480,0.317261468365394
480,0.321288358724378
480,0.340358719163224
480,0.314001578760768
480,0.355146297683019
480,0.301807009640472
480,0.331038124119165
480,0.330512951272815
480,0.315469745156101
480,0.298487499940584
480,0.314088152981593
480,0.309642183715223
480,0.311735881510593
480,0.315197160310799
480,0.291409967529118
480,0.330595153983267
480,0.289050660525092
480,0.300278547677494
480,0.29587261711744
480,0.285713899798849
480,0.281827278723528
480,0.289591342281894
480,0.29116923092471
480,0.324104716367486
480,0.331884867863993
480,0.297488365395554
480,0.32213524622455
480,0.273307345392979
480,0.330244006630572
480,0.299111630875029
480,0.288709431895364
480,0.326599030149224
480,0.288409657619652
480,0.334012617351059
480,0.303821579308259
480,0.341589986776913
480,0.327952263363834
480,0.301622011576005
480,0.28153915180266
480,0.29895273965776
480,0.326169498550338
480,0.329436162139879
480,0.308133155804565
480,0.343375315276669
560,0.29838536685638
560,0.309602534392622
560,0.305424298689312
560,0.326666743727143
560,0.28735600216786
560,0.349374833490588
560,0.302738185473211
560,0.295319728157067
560,0.327489534985181
560,0.28610204585855
560,0.330446897962069
560,0.310190896431906
560,0.334657046554769
560,0.290476595466022
560,0.304852559964758
560,0.294972159132573
560,0.278119542627853
560,0.324912030505864
560,0.314817108554036
560,0.324530170429291
560,0.285076013613154
560,0.317926203839257
560,0.316265111936198
560,0.320594874596861
560,0.322184308254195
560,0.311677304977086
560,0.338728401034411
560,0.296594188656695
560,0.303265734798588
560,0.303536175787004
560,0.265193500672887
560,0.330846813545772
560,0.31453035051535
560,0.304017598821149
560,0.328829648386156
560,0.318509412768335
560,0.266128870759015
560,0.299476931910761
560,0.314360364238206
560,0.333013575895995
560,0.34886281599914
560,0.335210422655388
560,0.273153125304178
560,0.315472697169068
560,0.330522557743904
560,0.301969193811423
560,0.326591389839339
560,0.330828818344929
560,0.314045502548275
560,0.31549213904132
560,0.310650750807693
560,0.306289526028856
560,0.328539306942728
560,0.315355997000717
560,0.343411808420664
560,0.277485782621327
560,0.304210654479842
560,0.295834467006278
560,0.295268191790407
560,0.317339436174266
560,0.288645836375065
560,0.295737061723872
560,0.301119708975481
560,0.299074908390032
560,0.302193534275855
560,0.328882502991514
560,0.320915837587227
560,0.321311414467827
560,0.298860210381507
560,0.336597885455741
560,0.288390580728186
560,0.330810493290464
560,0.323196019810108
560,0.304153574606192
560,0.325318966815027
560,0.316824719063315
560,0.302029372055145
560,0.286371104906038
560,0.314047228749557
560,0.29889941839459
560,0.31889408017207
560,0.31809500519699
560,0.295113260100505
560,0.306433321049888
560,0.28196720468569
560,0.32631683906897
560,0.297607000754109
560,0.336466818551441
560,0.300790465629312
560,0.332320404441868
560,0.316608824859856
560,0.31966789093342
560,0.316493978196303
560,0.326604910930235
560,0.267960134074009
560,0.255850972001236
560,0.306075784819169
560,0.28752915486341
560,0.290346679165623
560,0.331753734373429
640,0.315716528581353
640,0.306945163627987
640,0.29685464772495
640,0.276531001967379
640,0.278691213406447
640,0.333197362712926
640,0.311563687048064
640,0.299900099299954
640,0.310901392466722
640,0.310932020679145
640,0.302322087204579
640,0.310238097758748
640,0.315926338073351
640,0.301580688343436
640,0.314213335789863
640,0.320731848522187
640,0.271705789276218
640,0.347840975215964
640,0.302243536005522
640,0.311880448808755
640,0.272345483044669
640,0.271851058913991
640,0.320162250033833
640,0.295416150925844
640,0.295711923451893
640,0.308294164728122
640,0.286915494125164
640,0.26948851578399
640,0.305218280610411
640,0.280423302507232
640,0.27050854874454
640,0.315127313127242
640,0.323366598733915
640,0.306518300208398
640,0.325214658866779
640,0.29395878223191
640,0.316977742195717
640,0.318593650475005
640,0.321461600166334
640,0.292452303227576
640,0.30741846248651
640,0.265473240287929
640,0.322553954452469
640,0.33021604177396
640,0.318789567742389
640,0.292386054554968
640,0.303938473952962
640,0.306410099653308
640,0.330957726872593
640,0.299747694495562
640,0.31356458447055
640,0.297350603809106
640,0.291411278574228
640,0.326238723817189
640,0.318283111187525
640,0.309345822340576
640,0.308269431665256
640,0.276723050934159
640,0.300686365907568
640,0.316650505190267
640,0.316429219285078
640,0.345192693218591
640,0.291516596658189
640,0.347446696633095
640,0.330464767569149
640,0.323666851311517
640,0.321962123836071
640,0.312869068981181
640,0.310746466130593
640,0.31540705713477
640,0.306382975598695
640,0.315219335946497
640,0.303632510309214
640,0.301311202756027
640,0.31348373149848
640,0.301770891918346
640,0.303508402691804
640,0.278137108904957
640,0.335438783774065
640,0.30976372705763
640,0.341507312788363
640,0.310633739415218
640,0.302215219934075
640,0.294808842215893
640,0.326397067298152
640,0.340198793799576
640,0.329604144028339
640,0.317638933713356
640,0.331226934180601
640,0.307550742810676
640,0.308204202870693
640,0.315749691622576
640,0.261853154705437
640,0.342886549672104
640,0.241279368504569
640,0.294587493878024
640,0.308462584888286
640,0.303402187105622
640,0.324371584844642
640,0.330874574714229
720,0.310954715432025
720,0.299008216776988
720,0.281339569889961
720,0.287058443673411
720,0.293254733365409
720,0.299290704296267
720,0.304678691250292
720,0.305964915691472
720,0.332636612192289
720,0.28096066996011
720,0.287967678385012
720,0.301682346294163
720,0.260950935993818
720,0.292260040917438
720,0.300552684659062
720,0.292207341814423
720,0.282325690879349
720,0.309449739435779
720,0.312791498239572
720,0.293662307130251
720,0.31734200104228
720,0.269561011992998
720,0.272577141566928
720,0.305192521367176
720,0.308465376895064
720,0.300132161024651
720,0.293889547892447
720,0.345517830359258
720,0.296053625372632
720,0.271976358909535
720,0.303897350941352
720,0.318213836988296
720,0.301148208601827
720,0.295055279452593
720,0.312052779742921
720,0.356355194108535
720,0.323844357634465
720,0.327947763085515
720,0.325076320650649
720,0.314815993554839
720,0.29811735282283
720,0.326871386519367
720,0.296011782662572
720,0.301767146277611
720,0.314590599770094
720,0.262418978893606
720,0.300051325987513
720,0.31330345336191
720,0.293378614949331
720,0.326283430116135
720,0.303502959099991
720,0.315345250633031
720,0.281486532620093
720,0.275135620914163
720,0.328898762301999
720,0.326146431636061
720,0.314650622661394
720,0.296840948248143
720,0.287615420242936
720,0.332641074082922
720,0.275538083679426
720,0.322763821363908
720,0.331420969787369
720,0.290281717966942
720,0.316366133127121
720,0.313192267740402
720,0.299508846984238
720,0.312000083767094
720,0.29871255700888
720,0.282707330125038
720,0.289218733589167
720,0.315249146443175
720,0.326298725003954
720,0.305224264220509
720,0.345597144277189
720,0.320838396647863
720,0.262911354544704
720,0.296083522984813
720,0.30152036729672
720,0.311735255536224
720,0.326890810987166
720,0.316093140849791
720,0.312041493256466
720,0.292294563046166
720,0.306704057883676
720,0.31614909745487
720,0.315218202582018
720,0.317215124171434
720,0.327859098995662
720,0.311648298864121
720,0.313358877747605
720,0.28370963853393
720,0.300698653879187
720,0.331677967461102
720,0.27123592346815
720,0.312292190689164
720,0.334750165985727
720,0.303858778163189
720,0.314685844946082
720,0.300648649629179
800,0.301636639965963
800,0.329577949044606
800,0.317837690753515
800,0.326913642119596
800,0.311661105217033
800,0.301504974055276
800,0.3192552121269
800,0.292420580963364
800,0.312418458132682
800,0.337297447460686
800,0.339780203752939
800,0.323031243997989
800,0.293932793620372
800,0.303985027569754
800,0.332028041086741
800,0.297814454195077
800,0.315752788468071
800,0.301638029758763
800,0.308340872743153
800,0.309965329055857
800,0.319635444977175
800,0.312365303709565
800,0.303953144243189
800,0.277313201038657
800,0.289336171288683
800,0.320660028955641
800,0.310121375573935
800,0.262324205575087
800,0.327153740659125
800,0.270786965414895
800,0.30266709826828
800,0.339608486470095
800,0.310638030468256
800,0.297744033348876
800,0.299062617507484
800,0.324972454237942
800,0.305788902795155
800,0.31631309314866
800,0.291805854430194
800,0.292202613942304
800,0.271942500478199
800,0.309512950283722
800,0.313084916244362
800,0.321770535006631
800,0.310286495064499
800,0.343888796348281
800,0.332205962249193
800,0.301838492074721
800,0.286791741608435
800,0.293919230234419
800,0.29271152170197
800,0.311110475233381
800,0.310410241314874
800,0.304486684180101
800,0.31186600368348
800,0.320924279752054
800,0.319699271183696
800,0.297287916965257
800,0.30071992111369
800,0.326550685003627
800,0.322817580424102
800,0.296190373482306
800,0.331311752804695
800,0.292780809766278
800,0.327771881202188
800,0.321970277581824
800,0.287009808193629
800,0.341884175544153
800,0.339688291995227
800,0.264115681326622
800,0.301351500082289
800,0.30502775317369
800,0.311224675301068
800,0.316037826974265
800,0.319758123784397
800,0.302242439075713
800,0.336467909841047
800,0.318664613498426
800,0.290239180799691
800,0.290509790652149
800,0.288213206387241
800,0.307289668298373
800,0.298080177530291
800,0.295510232651378
800,0.274838590067292
800,0.336737185191112
800,0.297485434028077
800,0.321787511832185
800,0.322371736558765
800,0.307277658518334
800,0.298146364017457
800,0.299867017281172
800,0.28907614800252
800,0.27672588250998
800,0.307292155892142
800,0.302095781469944
800,0.330056536971739
800,0.304136336153399
800,0.319597672012265
800,0.312364920864378
880,0.339408991220164
880,0.316082100294977
880,0.298978557620411
880,0.321377865948695
880,0.267485956272594
880,0.309345073442898
880,0.320297160029983
880,0.297462743865214
880,0.291464865361132
880,0.316516252518038
880,0.309254375245067
880,0.283217029790432
880,0.308908050728875
880,0.281570823386815
880,0.302482447694939
880,0.320646362703314
880,0.249779543063072
880,0.305192906547468
880,0.289504698176813
880,0.304568379847162
880,0.301745310292331
880,0.33190227242954
880,0.310999925881251
880,0.289743664127946
880,0.293206820110708
880,0.319589349270186
880,0.298868197594073
880,0.316530192319271
880,0.310753500869591
880,0.309160644060125
880,0.298766431515409
880,0.285066098801053
880,0.282644371447818
880,0.314497122624027
880,0.332769291029892
880,0.283162446672474
880,0.308253990599655
880,0.317262291550139
880,0.293571540751416
880,0.290206994426291
880,0.33001422366817
880,0.314922466715613
880,0.317467443226144
880,0.335677703522182
880,0.306583649636855
880,0.262660203893028
880,0.310356777272621
880,0.309781455051829
880,0.280275931168035
880,0.305312290125862
880,0.312084231302911
880,0.290805880990004
880,0.311406109233977
880,0.314225409633937
880,0.272289382596443
880,0.30677049802452
880,0.323209632435133
880,0.310745215747362
880,0.317621476173299
880,0.28357064547603
880,0.32537191513278
880,0.310483312851915
880,0.305885019337183
880,0.301747157183385
880,0.297085751858101
880,0.308379882392316
880,0.348658469214925
880,0.306235169784088
880,0.315706633329857
880,0.32388633925294
880,0.340965417834381
880,0.292619430471736
880,0.295415050779682
880,0.284206194185635
880,0.289986755891255
880,0.338384128104266
880,0.27568349394249
880,0.327392023949595
880,0.311042275336453
880,0.317353722909048
880,0.330138101425936
880,0.319081697295859
880,0.263382230606035
880,0.285006464879406
880,0.297518306726017
880,0.321180655863898
880,0.2906502734811
880,0.312884984818498
880,0.29471873554052
880,0.336646106207016
880,0.263698830821965
880,0.304128196916342
880,0.312537476835464
880,0.298134539294481
880,0.312675106981562
880,0.305190871379661
880,0.303912896332422
880,0.308007883170075
880,0.289292003272559
880,0.312258496193443
960,0.276619945987468
960,0.330591272433668
960,0.296536865670909
960,0.309032083636914
960,0.316672435061922
960,0.32561682359802
960,0.297024086735467
960,0.320069677952878
960,0.283334828632592
960,0.318493490209343
960,0.304467327548394
960,0.304727263943953
960,0.316110094816694
960,0.297663754192582
960,0.317743216044359
960,0.313830142724683
960,0.333770661132385
960,0.313221785825519
960,0.304869776346794
960,0.314798266513261
960,0.294923471885763
960,0.326350171876582
960,0.290393793182421
960,0.278839829590947
960,0.299488554486846
960,0.309680315777415
960,0.305233826156159
960,0.331192306227722
960,0.314387631211429
960,0.335844015473967
960,0.3413279978794
960,0.26276937890406
960,0.330978010507745
960,0.303733410054289
960,0.305232252190583
960,0.332277065794005
960,0.280486291234256
960,0.29838702620952
960,0.313361377305379
960,0.318779808864011
960,0.317272661479764
960,0.291720391139294
960,0.307852231792129
960,0.315817592540873
960,0.316090696961882
960,0.30852507181309
960,0.326786472862986
960,0.293591141002525
960,0.302517221767611
960,0.333812524802203
960,0.289311878048295
960,0.295881267674281
960,0.301016279799835
960,0.288742715564605
960,0.272252378395238
960,0.300219094741585
960,0.287628307789324
960,0.303223023513479
960,0.320338263708758
960,0.294508153290762
960,0.322234418458604
960,0.311581521873447
960,0.306584084828831
960,0.316857386239133
960,0.320972586322681
960,0.31683708974677
960,0.307336966979325
960,0.284815997754268
960,0.309768040595613
960,0.310757139395678
960,0.295315449059014
960,0.273013775314944
960,0.330842863893893
960,0.279515058676355
960,0.292577359621737
960,0.320172068223267
960,0.309870465575529
960,0.314048383239342
960,0.319268989422469
960,0.307187887586434
960,0.307846362247151
960,0.31719714660263
960,0.295152339665759
960,0.348180754355756
960,0.283827556920446
960,0.285012552479075
960,0.304845677848784
960,0.290929916389183
960,0.304480173288091
960,0.290232158936211
960,0.309203911467693
960,0.273755593765661
960,0.344675601605636
960,0.304730201339533
960,0.290924479964898
960,0.306267100273808
960,0.308184965512385
960,0.298483450329345
960,0.323948380577409
960,0.319177598125338
1040,0.301099705634707
1040,0.307173134722992
1040,0.28547599846236
1040,0.282774577414294
1040,0.289154171897015
1040,0.315016770811858
1040,0.28613786609097
1040,0.313644768873653
1040,0.345066397811248
1040,0.328735348398549
1040,0.313522223988944
1040,0.253100969845664
1040,0.283469694348731
1040,0.281923250339773
1040,0.30171397851506
1040,0.306702036162026
1040,0.288549636642105
1040,0.315794453110244
1040,0.301184001305812
1040,0.265453024655701
1040,0.297976245397649
1040,0.309550837670642
1040,0.297567228706931
1040,0.308847652583366
1040,0.316186617320328
1040,0.296696813640616
1040,0.315493703693844
1040,0.299702164300937
1040,0.29106221586243
1040,0.312365959406525
1040,0.28967295930557
1040,0.289424693608235
1040,0.320613367423087
1040,0.305250149394852
1040,0.322130765698825
1040,0.318570963457466
1040,0.319801306194095
1040,0.316790859452939
1040,0.293800259273815
1040,0.322662764439561
1040,0.296465155917657
1040,0.316757694419977
1040,0.277932535752468
1040,0.282632668738316
1040,0.296468838436652
1040,0.288759526344767
1040,0.339636357328552
1040,0.323147111938396
1040,0.300937965050313
1040,0.328870725957004
1040,0.290326258251954
1040,0.353315407531342
1040,0.254279739200212
1040,0.299771661269908
1040,0.311264323551934
1040,0.291995982636614
1040,0.295029027523123
1040,0.309495812488765
1040,0.295751509215021
1040,0.271793428955166
1040,0.318011116470319
1040,0.250846413396981
1040,0.282057911648959
1040,0.337863438182651
1040,0.297580648564881
1040,0.327713440004864
1040,0.273377225614222
1040,0.310878452451919
1040,0.275464456417099
1040,0.324951277168754
1040,0.313505183925964
1040,0.320694391684231
1040,0.332317388040538
1040,0.30229505599429
1040,0.285771380765842
1040,0.26847962825436
1040,0.30616339277954
1040,0.332082802998132
1040,0.306448278076168
1040,0.296610874563294
1040,0.293389564423295
1040,0.283744321212293
1040,0.304512279856876
1040,0.290406346631066
1040,0.322960173700604
1040,0.303826474646867
1040,0.326864285681301
1040,0.273298565722934
1040,0.300069395067395
1040,0.303971144512063
1040,0.315119508433461
1040,0.306603191055833
1040,0.292540535492018
1040,0.296511444561503
1040,0.317639302441089
1040,0.314934454795288
1040,0.302272060391111
1040,0.300042903076227
1040,0.305452658069155
1040,0.320056849071331
1120,0.314847879454531
1120,0.29523015648047
1120,0.301048780401052
1120,0.291707527847391
1120,0.33370783150217
1120,0.278260104343007
1120,0.304079075692641
1120,0.289029777451855
1120,0.34937267875902
1120,0.309812109840604
1120,0.320042307262088
1120,0.309332629452266
1120,0.316763067434477
1120,0.294664539789091
1120,0.311050497672338
1120,0.297961412486641
1120,0.313251456393693
1120,0.298067219339768
1120,0.301950700033095
1120,0.285103049180236
1120,0.304733514441144
1120,0.299276203277987
1120,0.293677093489812
1120,0.323323072274906
1120,0.317146167738877
1120,0.322988964319962
1120,0.308527692701697
1120,0.293582579459799
1120,0.340638757143115
1120,0.285380839555497
1120,0.288198194720596
1120,0.307431366894849
1120,0.31455134994157
1120,0.322899509081892
1120,0.275156296231989
1120,0.313555133716799
1120,0.29213188418168
1120,0.321234768371162
1120,0.334927826427458
1120,0.297423999913639
1120,0.329521612487182
1120,0.325988010872666
1120,0.320762975189566
1120,0.306137924997636
1120,0.330378553072296
1120,0.307300984945983
1120,0.290975025749474
1120,0.329906397044427
1120,0.297993587971526
1120,0.329891865889978
1120,0.325056082257554
1120,0.304339566656551
1120,0.281420145203053
1120,0.308088879611393
1120,0.294826021701795
1120,0.291841605202033
1120,0.318204701855738
1120,0.325269065791766
1120,0.272942314157672
1120,0.324886994028263
1120,0.28219031242041
1120,0.311063202326593
1120,0.308414101557441
1120,0.271939546482957
1120,0.308249741892715
1120,0.30097373246947
1120,0.30678170581874
1120,0.308835479555835
1120,0.307967605930396
1120,0.306736893085378
1120,0.306684755502165
1120,0.257914938522266
1120,0.312203258260641
1120,0.309014867022615
1120,0.330996438228863
1120,0.322701092413142
1120,0.310961274579102
1120,0.323292058177351
1120,0.306524513930846
1120,0.334005448490636
1120,0.297193411660641
1120,0.299173407768198
1120,0.283464095399556
1120,0.302614122781889
1120,0.319615311666242
1120,0.321769572625254
1120,0.294970993541506
1120,0.299744235873876
1120,0.332118872890774
1120,0.281996608600493
1120,0.294099350773523
1120,0.299213895633254
1120,0.304598018753711
1120,0.274196627648202
1120,0.321528608049664
1120,0.338424130335932
1120,0.279907146790007
1120,0.328582403188306
1120,0.327208888309028
1120,0.30582444520673
1200,0.326227319669472
1200,0.318143050724313
1200,0.30994351587209
1200,0.304348081726848
1200,0.317898182238682
1200,0.35003005182873
1200,0.310965745053928
1200,0.298764931457572
1200,0.285242327898164
1200,0.302561452937642
1200,0.317073169702295
1200,0.325149682516475
1200,0.290205168718024
1200,0.306162622759288
1200,0.317367195529113
1200,0.320343523375752
1200,0.301755376408299
1200,0.314306808794499
1200,0.280421977539943
1200,0.323868643903606
1200,0.340383592817682
1200,0.302496267212901
1200,0.333640755863457
1200,0.311007637646881
1200,0.318096344254034
1200,0.306563707334232
1200,0.331922119288682
1200,0.311742917140215
1200,0.305887650740598
1200,0.260542619205866
1200,0.297884962190122
1200,0.295349087790526
1200,0.294019891149432
1200,0.311831890764816
1200,0.322601462891421
1200,0.313480214530755
1200,0.298712630321708
1200,0.286375427974855
1200,0.2975205027362
1200,0.319960168627724
1200,0.306498801487063
1200,0.315743092045524
1200,0.292359641244799
1200,0.316463105838825
1200,0.29197865814599
1200,0.323858121926911
1200,0.311354649649502
1200,0.319986500884003
1200,0.299875717501263
1200,0.345641644564641
1200,0.302380019348257
1200,0.291110579392527
1200,0.315684310424525
1200,0.311684288569744
1200,0.276404542639557
1200,0.327855686194786
1200,0.297051839498596
1200,0.296938639168854
1200,0.283741698117691
1200,0.31576615984545
1200,0.309421058401695
1200,0.317631865611263
1200,0.321553561508701
1200,0.310874989018441
1200,0.320974545709146
1200,0.309991577907228
1200,0.227835764551653
1200,0.263719239795906
1200,0.340597447140942
1200,0.293005415444827
1200,0.326360505349235
1200,0.288326194916707
1200,0.324189749354062
1200,0.303324686300264
1200,0.29857736452067
1200,0.297337379115929
1200,0.289398790983166
1200,0.314898179861328
1200,0.261332169756359
1200,0.305746650728268
1200,0.316594878312876
1200,0.3198842951444
1200,0.322894549527018
1200,0.301810672102318
1200,0.307692720578479
1200,0.313213357740421
1200,0.31751243504889
1200,0.318045613962722
1200,0.322707724337098
1200,0.259380605977814
1200,0.304790768096613
1200,0.317115959186098
1200,0.326947163753873
1200,0.323127166354927
1200,0.328609550194602
1200,0.324658525108211
1200,0.329087949271598
1200,0.313058847166161
1200,0.276455469004301
1200,0.315014692481233
1280,0.300262334558647
1280,0.318250203347438
1280,0.3308520822321
1280,0.313495364396911
1280,0.26936301874206
1280,0.29270683495909
1280,0.295295894514683
1280,0.271971605277842
1280,0.323402752224739
1280,0.31902361769915
1280,0.3150508750426
1280,0.317705805045702
1280,0.303412646112802
1280,0.312449663613336
1280,0.303042761519525
1280,0.327089105475423
1280,0.305322043445451
1280,0.330132435917617
1280,0.271456471203133
1280,0.286523402417647
1280,0.309406442857793
1280,0.333197518410285
1280,0.303679205539638
1280,0.304629082665699
1280,0.299404484743676
1280,0.308017387053788
1280,0.295257627140538
1280,0.30253844135879
1280,0.301873754756954
1280,0.299648326109984
1280,0.288271294202694
1280,0.296176777332533
1280,0.280196163145622
1280,0.310830680785802
1280,0.333728853234088
1280,0.313605883098766
1280,0.331951048415242
1280,0.27108316839848
1280,0.252610060225218
1280,0.310978425028256
1280,0.296799392610364
1280,0.31850148730978
1280,0.289290496799763
1280,0.348312347499492
1280,0.322402244171005
1280,0.310632292329153
1280,0.326622438357888
1280,0.314148228048518
1280,0.333054390100373
1280,0.2861596487959
1280,0.319399890434483
1280,0.345107026976401
1280,0.29162696106373
1280,0.316354322910481
1280,0.317686967590638
1280,0.300768741287657
1280,0.303391638138853
1280,0.329543282420901
1280,0.299958815240496
1280,0.334711813738138
1280,0.284485395091489
1280,0.26514975363993
1280,0.336620932394758
1280,0.29501649186714
1280,0.31217562609131
1280,0.311349565240943
1280,0.327210646519372
1280,0.322260073613931
1280,0.28422271878981
1280,0.320036807936987
1280,0.305504270735389
1280,0.292384102456055
1280,0.283555540348711
1280,0.312256503768815
1280,0.330948427208424
1280,0.324910190180535
1280,0.304777429886477
1280,0.314772696716834
1280,0.318123929256404
1280,0.325654371848513
1280,0.275557042527884
1280,0.290114863731315
1280,0.329322433160357
1280,0.313097948757215
1280,0.293165530293846
1280,0.318449153392353
1280,0.299779191992765
1280,0.261313912790867
1280,0.305215014747772
1280,0.284534470790292
1280,0.297781846958898
1280,0.30432717887827
1280,0.308211171779142
1280,0.291658982572697
1280,0.303362427939295
1280,0.294223760155594
1280,0.316048585849608
1280,0.308097520245567
1280,0.285256288046586
1280,0.306552633276261
1360,0.304883065148096
1360,0.299792801722868
1360,0.340426817370824
1360,0.323786766500546
1360,0.324312626744112
1360,0.328762949697028
1360,0.299800281331383
1360,0.306332905490772
1360,0.323408971865492
1360,0.273512992535148
1360,0.288442261925062
1360,0.281823873514922
1360,0.332451128491545
1360,0.288011150541838
1360,0.330098964192085
1360,0.29737235072122
1360,0.285645203276018
1360,0.306526973716374
1360,0.324848944790522
1360,0.323968041589587
1360,0.26249551424486
1360,0.300823698529465
1360,0.304909635980252
1360,0.262475673999239
1360,0.318678911444006
1360,0.312064245500961
1360,0.237686526196331
1360,0.287145124737969
1360,0.321107029203235
1360,0.318043860694796
1360,0.336267640656865
1360,0.301900184693825
1360,0.307070243894232
1360,0.280250331467267
1360,0.319376658015147
1360,0.322682219218454
1360,0.314065933707749
1360,0.32455791970157
1360,0.318475369476991
1360,0.30548478305113
1360,0.304876680355407
1360,0.290769191462122
1360,0.320873637151084
1360,0.251527905091684
1360,0.332661601482457
1360,0.278479243159233
1360,0.294506010601062
1360,0.302125855972783
1360,0.280453100564263
1360,0.3325009892209
1360,0.310038290716129
1360,0.334861795449094
1360,0.289277199271882
1360,0.31297210519115
1360,0.302727470199608
1360,0.291396024605581
1360,0.310874908791453
1360,0.300409953827083
1360,0.310982343907505
1360,0.302358932852253
1360,0.325929223715762
1360,0.304806980331352
1360,0.261878307706339
1360,0.311480772915717
1360,0.336380179406899
1360,0.318548283854904
1360,0.31177915278196
1360,0.277788403741905
1360,0.307942389564214
1360,0.312779070056131
1360,0.330308346021015
1360,0.313328457157504
1360,0.287773076714248
1360,0.317333497301524
1360,0.309378403238948
1360,0.326849325059876
1360,0.269140261723356
1360,0.309276004475421
1360,0.346242203298418
1360,0.330065281799273
1360,0.314248700607157
1360,0.320390091809558
1360,0.313400690931819
1360,0.310867484614003
1360,0.314767905199569
1360,0.298095876504701
1360,0.317192336907034
1360,0.317877926594398
1360,0.297405075226245
1360,0.301388241428355
1360,0.321233649425172
1360,0.296907812178771
1360,0.303436586709788
1360,0.323829951198267
1360,0.289703684581258
1360,0.305678210709211
1360,0.30311318459791
1360,0.301299400106607
1360,0.324021030893286
1360,0.318964938843142
1440,0.29141602696909
1440,0.319421343213891
1440,0.276475398024914
1440,0.281529788364299
1440,0.328703685129036
1440,0.294386173829784
1440,0.340819715742883
1440,0.3111472992501
1440,0.305573498294423
1440,0.283547597429497
1440,0.311787123531869
1440,0.314342177385935
1440,0.307908680732533
1440,0.323823479694403
1440,0.291493191943584
1440,0.297920703072931
1440,0.344031712807314
1440,0.278479367393293
1440,0.319052700145783
1440,0.313121827623663
1440,0.300971614092295
1440,0.295918569066022
1440,0.296486478401692
1440,0.321926594776781
1440,0.313272578247307
1440,0.33201592932371
1440,0.314328401166242
1440,0.299282067979234
1440,0.279981876191876
1440,0.322132617851567
1440,0.323264867626461
1440,0.252039863493577
1440,0.284881227916184
1440,0.321186289437353
1440,0.290210958030401
1440,0.30269749307472
1440,0.297546931106222
1440,0.298920663977977
1440,0.339197362636413
1440,0.297489572741115
1440,0.333045708471304
1440,0.32919572459094
1440,0.293949753013971
1440,0.333196728011897
1440,0.285840987987823
1440,0.320176713481027
1440,0.313481268980042
1440,0.287880032874074
1440,0.302204166975203
1440,0.295706480565921
1440,0.322642245328951
1440,0.310507311824655
1440,0.31532531607921
1440,0.325811440822856
1440,0.304258713828852
1440,0.306315493490315
1440,0.315560547646004
1440,0.315558263889155
1440,0.298786968213981
1440,0.286905374769335
1440,0.319464012017358
1440,0.313334397863022
1440,0.300528694723278
1440,0.3215437696092
1440,0.286285360474751
1440,0.314248659424464
1440,0.303451868224778
1440,0.311193289950673
1440,0.296319430268005
1440,0.301089860401466
1440,0.292455560320053
1440,0.269482068935885
1440,0.293180007780825
1440,0.331645415069134
1440,0.326870996696752
1440,0.30878893925748
1440,0.302764750569961
1440,0.321578021992068
1440,0.319564072533004
1440,0.304840714037477
1440,0.30820947582779
1440,0.33233061152623
1440,0.283459715525203
1440,0.285134037516852
1440,0.294946451394488
1440,0.311399479515369
1440,0.304761659855344
1440,0.31175071267635
1440,0.286897962249148
1440,0.288809085775207
1440,0.318892586180631
1440,0.304119638225947
1440,0.306507155787697
1440,0.297039995925251
1440,0.297781244013135
1440,0.328436482912775
1440,0.327559965634633
1440,0.337110522892455
1440,0.308746708489426
1440,0.307458738219368
