20,-0.0358097702237837
20,0.170604728102935
20,0.140678066395258
20,0.187642779496781
20,0.0496411988017128
20,0.126726743359288
20,0.115262448589476
20,-0.0843582763486577
20,0.00520050885138068
20,-0.011330929012805
20,0.0208251284166948
20,0.120269815347555
20,-0.00391619986612126
20,0.10978614502082
20,0.122481183697116
20,0.1989094246371
20,0.0966601746071505
20,-0.118941618886118
20,0.0393705956217393
20,-0.0158940246255001
20,0.0843153902189462
20,0.116584155822982
20,-0.0837050881864005
20,0.135266148685849
20,0.100445174971002
20,0.121826497372178
20,0.115155454865909
20,0.151346612859461
20,0.0700673032565234
20,0.119827089830252
20,0.0954287775911473
20,0.114941687669331
20,0.136205404963921
20,0.0663939422901844
20,0.212419532935179
20,-0.0385498771402573
20,0.158371611171098
20,-0.0376140472825342
20,0.0524344043069448
20,0.0793659182413057
20,0.104048444455448
20,0.0175159838963171
20,0.138987656038631
20,0.0455394201488109
20,-0.16229516293191
20,0.169637690323693
20,0.141685912506194
20,0.113475315513584
20,0.101777232247037
20,0.0112134299529124
20,-0.081179103215339
20,0.0151365662978374
20,0.133327242083847
20,0.0783575681135075
20,0.0810931759961662
20,0.0653044718863362
20,0.153218230803279
20,-0.0522831320352635
20,0.194948107828067
20,0.09056476039901
20,0.234924767484408
20,0.166578053208295
20,0.0883085833161995
20,0.114661216789424
20,0.133845581861433
20,0.0372422822210691
20,0.0300523713906805
20,0.114094792835428
20,0.0299455666879865
20,-0.000906475671221454
20,-0.0730322721857186
20,0.168510590950349
20,0.133323563998562
20,0.0551128696448505
20,0.0559931430737094
20,0.0432656758956669
20,0.143410426145104
20,0.134892774051997
20,-0.0370094197276505
20,-0.0442978296216847
20,0.0825029226883305
20,-0.0145258438602107
20,0.0951822759043363
20,-0.00189458675100076
20,-0.0538091223937528
20,-0.0421740823692065
20,0.115465786809765
20,-0.0181729520753177
20,0.119613724776077
20,0.0498037623730464
20,-0.137712941180394
20,0.130520471803287
20,0.0514972653597944
20,0.0412377788599263
20,0.153406927444714
20,0.0459253378511524
20,0.181171067593164
20,0.12896426813964
20,-0.053293548011055
20,-0.0310970346722907
40,0.183555636007872
40,-0.00190188832798672
40,0.0884803252121493
40,0.0736400220406867
40,0.129215937586883
40,0.0826230177175738
40,0.152748091134472
40,0.115623182889763
40,0.014077253280488
40,0.0663039212641792
40,0.189296352101954
40,0.106985717391107
40,0.183941794239231
40,0.0891993462563816
40,0.0982951349478305
40,0.211067556241297
40,0.0638498982384269
40,0.0268883059135132
40,0.108268687757322
40,0.170154016268746
40,0.0802441625061295
40,0.0905061008665932
40,0.146533074559542
40,0.159446761083151
40,0.115642010205045
40,0.173542661144206
40,0.145738503489168
40,0.151907899949214
40,0.192919059607165
40,0.14272856778135
40,0.155719659937718
40,0.0241262904852292
40,0.0951301713136929
40,0.0897046434705656
40,0.110149481849567
40,0.182564945601811
40,0.18611901683103
40,0.0859778167387128
40,0.0757147046099223
40,0.145574919126368
40,0.130682180061234
40,0.0836118000660971
40,0.108424143037518
40,0.0834815700784905
40,-0.0601394532390731
40,0.0729967382503429
40,0.0746389570717309
40,0.0416219565413201
40,-0.000215117962782043
40,0.152417594140429
40,0.0423194673273513
40,0.147768745368248
40,0.13367417988796
40,0.0689418069757468
40,0.0728075193385756
40,-0.0495922351288802
40,0.14697934190389
40,0.0405355123561661
40,0.176396707496225
40,0.109431480531995
40,0.113241256479632
40,0.155621552216238
40,0.152050282956647
40,0.1393164865065
40,0.0448800866186669
40,0.133662691844841
40,0.0813364202635597
40,0.0534247374998177
40,0.00812990091051342
40,0.180763838409192
40,0.141782929883499
40,0.0942036941507329
40,0.0656218991352679
40,0.143423653989692
40,0.125073655942528
40,0.0405595417794698
40,0.114484010778939
40,0.197355758111969
40,0.0941463919237357
40,0.128947270875126
40,-0.0222999144405589
40,0.207952351351134
40,0.083537183673637
40,-0.00466685205614296
40,0.146494261012478
40,0.197101227579455
40,0.151663706541956
40,0.157693706332255
40,0.0658039885268762
40,0.196044508250199
40,0.10547631202398
40,0.158941592914703
40,0.0339321161809079
40,0.077225025490679
40,0.179310563430216
40,0.0297371148072859
40,0.163603920339292
40,0.146680635742444
40,0.171755707369361
40,0.0957281682443751
60,0.0628582718051195
60,0.102725732993343
60,0.139480071765385
60,0.114972947471094
60,0.162117179171473
60,0.027457637734829
60,0.229715995810858
60,0.171233936295834
60,0.198767654376464
60,0.0696206611602003
60,0.0675895103405956
60,0.219861210901381
60,0.12453742416996
60,0.096878535202985
60,0.228362335496479
60,0.215408556556907
60,0.234242462752182
60,0.186982896416907
60,0.141966024209672
60,0.150433349258617
60,0.130942841758418
60,-0.058374558052162
60,0.0668668084250649
60,0.164127098284442
60,0.12459027875654
60,0.150428079231233
60,0.0535982106426989
60,0.125634711248376
60,0.132680299087923
60,0.150219241220836
60,0.121504685756088
60,0.00561694701460797
60,0.162108479570271
60,0.166690409823522
60,0.170841144184315
60,0.160722042122155
60,0.0503193950614203
60,0.0785721587725236
60,0.121400258122559
60,0.177572191829333
60,0.164709899094068
60,0.118557416405476
60,0.162522502023448
60,0.136410545824743
60,0.154401669571265
60,0.0451572942551007
60,0.124861470159838
60,0.116064950766075
60,0.123056197586102
60,0.0139321242651736
60,0.213483302553103
60,-0.0298934329510965
60,0.0994686458892725
60,0.050440703889192
60,0.146815686890846
60,0.172376013100289
60,0.00390143069116507
60,0.173400337136754
60,-0.011973321235692
60,0.194314549404993
60,0.182399545493887
60,-0.0539448529742225
60,0.142956608708798
60,0.0944603268851227
60,0.140316479080189
60,0.0669530139928873
60,0.183820574994423
60,0.146671826499045
60,0.137798931173584
60,0.130282929167873
60,0.186085923486916
60,0.153615003357444
60,0.0273974645986108
60,0.128937780878941
60,0.0171091131186982
60,0.0834040853542261
60,-0.00247985132171676
60,0.0857903312436182
60,0.102965889332577
60,0.113194189705941
60,0.156194545962142
60,0.134015384769518
60,0.125392259720522
60,0.131868356295186
60,0.0686324381478833
60,0.0537637705035449
60,0.182873784135587
60,0.0172192947887545
60,0.01798234681847
60,0.113990552448313
60,0.0600137333041958
60,0.129120906389364
60,0.118910049579832
60,0.142591338949665
60,-0.00107920526110466
60,0.102299418729115
60,0.13985400877756
60,0.148050525418744
60,0.0713783894044159
60,0.10332104724047
80,0.17819136455734
80,0.211876352871845
80,0.128378791310009
80,0.0792717863873389
80,0.192087173108331
80,0.0395595533310517
80,0.0778062256037555
80,0.129935705590113
80,0.142837497291654
80,0.166147804648089
80,0.163878102257434
80,0.087668074405162
80,0.159648505209935
80,0.0690151545576923
80,0.180958831018181
80,0.134783744002834
80,0.18373790370803
80,0.167539855469005
80,0.171556757227684
80,0.159639445838664
80,0.18232247254198
80,0.186614959654615
80,0.0229978980170914
80,0.131471622176929
80,0.209168842542114
80,0.149162539565346
80,-0.0657527761228447
80,0.150987771502828
80,0.0984092926437439
80,0.1372905183839
80,-0.0143217110928169
80,0.17701672406282
80,0.139355240358055
80,0.136364738200221
80,0.129746523841088
80,0.167191617024407
80,0.165321407682646
80,0.206434946198461
80,0.171829902339504
80,0.111620135545769
80,0.143411011754339
80,0.102193019293208
80,0.163919188497585
80,0.181294774134266
80,0.225991847970505
80,0.0876282151732297
80,0.176500630331537
80,0.144219515574558
80,0.17538747021534
80,0.105104758442513
80,0.144662580916365
80,0.136366977015209
80,0.173501381490208
80,0.14962764272545
80,0.140681851613074
80,0.161601595437935
80,0.131867379982712
80,0.122866723108327
80,0.182411015005431
80,0.043646584487479
80,0.108722401170288
80,0.144710561018413
80,0.140950751518594
80,0.18954743130811
80,0.123318177621938
80,0.14079647003268
80,0.153225741819307
80,0.199261757916755
80,0.0734560887281203
80,0.122686147121196
80,0.178115852539096
80,0.0883955029153991
80,0.101064689684733
80,0.0446252454891061
80,0.145584121990761
80,0.094427730035804
80,0.100087137395958
80,-0.000197939173155558
80,0.0644973824876777
80,0.105025455189021
80,0.191673885759834
80,0.0948663381299695
80,0.174650065106835
80,0.134543265788374
80,-0.0863483599179045
80,0.0946259120018552
80,0.130451621734817
80,0.11252771126717
80,0.190501478288475
80,0.10738980282303
80,0.147339349862752
80,0.148796556939145
80,0.10581168091317
80,0.12100171915752
80,0.139647364746596
80,0.0611090697620884
80,-0.0014411450721073
80,0.112421953127126
80,0.143753805644728
80,0.177359709854485
100,0.165675194733644
100,0.128082374442131
100,0.169079470961426
100,0.19474094875175
100,0.110033462346095
100,0.0919393512588268
100,0.185467919210883
100,0.0805043038218072
100,0.186983727522887
100,0.133842419241189
100,0.122233722420363
100,0.164049404692837
100,0.133845893601282
100,0.144612554955707
100,0.110509553651293
100,0.149757715339565
100,0.166578869021275
100,0.109210685304563
100,0.187308340191615
100,0.15219490273009
100,0.11390063235608
100,0.114820365297137
100,0.0896203393452101
100,-0.0110595065453639
100,-0.0173123947311579
100,0.165495798921831
100,0.0660843472382997
100,0.136251489807016
100,0.143674515420087
100,-0.0363130191481117
100,0.143435607668178
100,0.160555658228153
100,0.151009588066868
100,0.12735456883133
100,0.154610614994204
100,0.0206931212984658
100,0.164502297563185
100,0.218262708340718
100,0.0886126937501063
100,0.124875644459593
100,0.115824440975946
100,0.14298316174752
100,0.184326264352546
100,0.18160267845686
100,0.0557233598283354
100,0.132770733726878
100,0.143814636732445
100,0.140688156411503
100,0.117895564967938
100,0.223716450898373
100,0.118221627088556
100,0.140089220253505
100,0.0898447942994407
100,0.0808088259080605
100,0.177513205619819
100,0.145403147924478
100,0.0890703415843989
100,0.219067727544163
100,0.16499531490313
100,0.178390748147181
100,0.166565440949128
100,0.0879179085901902
100,0.169121921354911
100,0.0823748481520207
100,0.126191299520372
100,0.173251869419016
100,0.136143764198782
100,0.169888733770734
100,0.0936979794630142
100,0.0663889475819643
100,0.132045512198445
100,0.102628479105677
100,0.157186775399903
100,0.168883299640192
100,0.12448295188944
100,0.120738625477425
100,0.021337783521433
100,0.177617128575461
100,0.198484546848818
100,0.205824110070595
100,0.180878626103615
100,0.0074859918640541
100,0.0686482024942989
100,0.183030680972129
100,0.155338526316444
100,0.100001380839888
100,0.178739779544999
100,0.127093892742668
100,0.186787029638586
100,0.133564286346377
100,0.188304285697077
100,0.106833464652737
100,0.121860136713426
100,0.0707447971597099
100,0.0788978258186229
100,0.180540190291894
100,0.105144894212043
100,0.17193430604289
100,0.148354281216238
100,0.117296666707338
120,0.151691564719465
120,0.139489610864898
120,0.107247081122791
120,0.181409997420366
120,0.100297551542746
120,0.165292781838669
120,0.154774417425129
120,0.165089280888606
120,0.174541657806934
120,0.141698232560332
120,0.188447262940594
120,0.136922481284466
120,0.127045094636183
120,0.180009211920639
120,0.130815068471692
120,0.135998427851124
120,0.194747005930421
120,0.163844431914431
120,0.0832521677113848
120,0.180098548472917
120,0.13802881471163
120,0.16252646520907
120,0.172254211920179
120,0.158702209782386
120,0.223929719554143
120,0.0979287157363175
120,0.150317065068245
120,0.22492762418617
120,0.185185228195965
120,0.213996036236151
120,0.165516308802118
120,0.140696878794409
120,0.140557333236432
120,0.220871297580217
120,0.183076444924384
120,0.208687773739617
120,0.0998668952218705
120,0.164424262674801
120,0.165427445222606
120,0.199500756331229
120,0.119014680186487
120,0.131080776250744
120,0.0940955527377745
120,0.0885402217072589
120,0.172966435597644
120,0.108086646856192
120,0.184897579377621
120,0.094469014682848
120,0.0794452348180913
120,0.120271986380377
120,0.177128616024221
120,0.21872624306451
120,0.15847741134666
120,0.1909395968693
120,0.148852562263446
120,0.18288502485056
120,0.143806352322368
120,0.159619576569004
120,0.213770527174851
120,0.210369653626372
120,0.191693424468568
120,0.218558601509906
120,0.113782538520652
120,0.109296898433222
120,0.1775930481583
120,0.170547610636774
120,0.181163366286334
120,0.0723733319929831
120,0.141248624261748
120,0.13219079606485
120,0.164384349725163
120,0.0952558655536316
120,0.151311249029921
120,0.202455813322262
120,0.184252900345667
120,0.115029852783003
120,0.0821894575046554
120,0.151998101832571
120,0.128957286740324
120,0.164513040960797
120,0.132452818299958
120,0.152757243674429
120,0.0106147348809371
120,0.17135359717107
120,0.17388008281517
120,0.00896939265886846
120,0.0550468653519443
120,0.0574205352383224
120,0.213799866837807
120,0.202612622656421
120,0.17332265816739
120,0.127675848987529
120,0.110425152097386
120,0.123113568215067
120,0.110530727876578
120,0.179789912850686
120,0.157294910956618
120,0.109185810243811
120,0.18785897682637
120,0.125196911057541
140,0.109763900403095
140,0.0624564504967091
140,0.172201319265374
140,0.189585934380464
140,0.200334128979958
140,0.164542503749213
140,0.155963208425574
140,0.168165026064861
140,0.229832080943754
140,0.201388776219121
140,0.185389922994865
140,0.182916710019421
140,0.194214123652843
140,0.155349516328372
140,0.167957636148945
140,0.222112706135556
140,0.126133324236838
140,0.159373673641428
140,0.151106120924672
140,0.19150710319146
140,0.193431090487558
140,0.0531943593753337
140,0.148248601951146
140,0.103362267850104
140,0.134908321215124
140,0.139370217961646
140,0.226984192612551
140,0.176431824529567
140,0.114902906817684
140,0.100735064877435
140,0.135596228626928
140,0.196536890422494
140,0.145040019094612
140,0.167473061885167
140,0.171404379489832
140,0.22004767639861
140,0.243587255643815
140,0.150373231344993
140,0.19713935861227
140,0.232524756530348
140,0.101644539593065
140,0.208511528870631
140,0.213858348183841
140,0.13093109979755
140,0.162056193853655
140,0.0993455559256146
140,0.175768828982105
140,0.124803685397395
140,0.214540058633396
140,0.221696539934115
140,0.186019989217042
140,0.205102638236197
140,0.228515976822293
140,0.211088674484945
140,0.194033502134317
140,0.209302393433074
140,0.182421857569749
140,0.16736844371767
140,0.221437386352846
140,0.156586432030232
140,0.199920805540928
140,0.178068623305121
140,0.223960775920024
140,0.0729842263538879
140,0.13817106797784
140,0.190294534435441
140,0.196374558059059
140,0.146536699101168
140,0.0766958985553502
140,0.162306552809622
140,0.187380764842478
140,0.185519614060449
140,0.125687818573213
140,0.194378788233685
140,0.104347038644393
140,0.156960223104268
140,0.176096746622993
140,0.136715377609877
140,0.178453501462729
140,0.0989220541277542
140,0.154380685964755
140,0.0487779024722165
140,0.178819972410997
140,0.151302771008426
140,0.200523550675235
140,0.168121695849817
140,0.12777223755399
140,0.119879151209887
140,0.14694805819952
140,0.229295092764306
140,0.162811956508343
140,0.147606183721606
140,0.153791072183081
140,0.129429938740985
140,0.137563847089022
140,0.204378583807274
140,0.180946124561155
140,0.0787339456263076
140,0.226116957134758
140,0.177178003975537
160,0.0823955126790672
160,0.195252570755514
160,0.130714349962018
160,0.205794201937416
160,0.179758359310546
160,0.122094048771761
160,0.132904894193903
160,0.138133037382335
160,0.184462569713528
160,0.235013476766296
160,0.208744342561869
160,0.192044779396497
160,0.0974141610463652
160,0.0781442770025475
160,0.0980926130418462
160,0.0296738814857513
160,0.115496862897905
160,0.11571604911439
160,0.161809705630904
160,0.159919128649836
160,0.271785949571506
160,0.183158864230041
160,0.095523359962615
160,0.123290277603173
160,0.233242165072381
160,0.143546697513489
160,0.163681104228376
160,0.154560991916636
160,0.10351418677955
160,0.140476370825779
160,0.208592320576953
160,0.170235855484635
160,0.178445782998193
160,0.125189111722118
160,0.224062755706108
160,0.19229610323122
160,0.192771769844358
160,0.195151368112243
160,0.190132509362267
160,0.153725285553132
160,0.123703457164757
160,0.18219852742851
160,0.114673054709487
160,0.0443381249559
160,0.181360031063893
160,0.167688697609242
160,0.224607309916125
160,0.193086681120675
160,0.151777626038532
160,0.183751904063171
160,0.113973054496086
160,0.162965793807011
160,0.171892609331135
160,0.186058038605324
160,0.155588578344399
160,0.211174040864698
160,0.181530965560496
160,0.165521613129498
160,0.204904521397045
160,0.220199819483896
160,0.16963250610085
160,0.176423953102967
160,0.172089010616727
160,0.1956291117079
160,0.180195304310184
160,0.107970223132984
160,0.182407039305351
160,0.161605154090601
160,0.147536645314379
160,0.0946894945553809
160,0.213581866766455
160,0.151498939457694
160,0.112164506201847
160,0.169913699570679
160,0.170518672591207
160,0.170745818412314
160,0.131371739594524
160,0.185513604125805
160,0.178087516406789
160,0.169984644797311
160,0.194682639812323
160,0.154412056355171
160,0.162021321979301
160,0.141139826571853
160,0.156093055459646
160,0.193723643764662
160,0.134894882706282
160,0.173725278647293
160,0.189277372449997
160,0.169991099829772
160,0.197238249208684
160,0.153381839652087
160,0.231874003348563
160,0.131374443356261
160,0.105821248600827
160,0.20267269151412
160,0.169125446224491
160,0.255695792684051
160,0.0961596966059677
160,0.211717210281289
180,0.239648436025806
180,0.141589124318812
180,0.0815325667472704
180,0.223813073726842
180,0.190894308667275
180,0.210388646444466
180,0.183137012595045
180,0.190186063849108
180,0.0691168133805399
180,0.229680635052918
180,0.22450011799586
180,0.187900580490474
180,0.2032123049072
180,0.173056200482591
180,0.224684945731517
180,0.154125898189854
180,0.121238526096681
180,0.173981039248646
180,0.228234919833973
180,0.180865621392685
180,0.208894081135751
180,0.1071680234506
180,0.22009406842714
180,0.0672415227879821
180,0.122359330122247
180,0.180624657692257
180,0.179062570635895
180,0.145056869827371
180,0.156423714339206
180,0.151691811800154
180,0.12294199708387
180,0.234368153896567
180,0.230838191185691
180,0.199636987444111
180,0.169896462233699
180,0.203909814590978
180,0.184056946434265
180,0.193498132025481
180,0.199023627440605
180,0.172619223608331
180,0.226039111644361
180,0.10820579256526
180,0.150491399649429
180,0.167383567936926
180,0.111410647980917
180,0.209137440782307
180,0.135847644863201
180,0.199461069952203
180,0.193438515902163
180,0.218478479135452
180,0.220720995892501
180,0.130748663590148
180,0.215936417221795
180,0.177098168154468
180,0.255417265264134
180,0.133690650119691
180,0.152654894160434
180,0.180911955706629
180,0.131499546407176
180,0.186904730147217
180,0.162973168479606
180,0.226018452703765
180,0.144462490964154
180,0.213796238101406
180,0.129180779364955
180,0.171285981512183
180,0.139373411901488
180,0.14871684286416
180,0.174800370686501
180,0.175814975210647
180,0.181829213050578
180,0.12047233023276
180,0.181850988420611
180,0.144124602472406
180,0.147379697992846
180,0.123019791904366
180,0.123328347431855
180,0.141435249817807
180,0.206346499110008
180,0.219960172381303
180,0.169775479604619
180,0.190761652018066
180,0.192746878380203
180,0.187932381748044
180,0.169725064979574
180,0.178379643758217
180,0.1140354838868
180,0.136947550872546
180,0.146365266192687
180,0.213010485961738
180,0.0997360662527143
180,0.113050361011348
180,0.117316018611781
180,0.213810139999207
180,0.076165608161946
180,0.175309251740819
180,0.173480743927565
180,0.190218337697681
180,0.13998467789023
180,0.188654996843004
200,0.161714540739235
200,0.175585300414661
200,0.146307197999573
200,0.124915547361842
200,0.146102974836425
200,0.154939906509252
200,0.186428338663843
200,0.155091643763429
200,0.20408727704876
200,0.133971676053141
200,0.190334954520793
200,0.202652229224407
200,0.194513764667285
200,0.175573464787415
200,0.167816841731256
200,0.206856709613514
200,0.205918784843146
200,0.180451206012456
200,0.225416820580107
200,0.146020714634032
200,0.187107738340218
200,0.192425872249252
200,0.21941675951988
200,0.20443633605056
200,0.152023032408009
200,0.179365487441527
200,0.208129962873345
200,0.131976440500501
200,0.192161160418018
200,0.224282869113742
200,0.153033999052731
200,0.17314250104031
200,0.182980953036065
200,0.129979547894937
200,0.149811105193815
200,0.175390875050238
200,0.205567980766835
200,0.190813943953245
200,0.16252234927469
200,0.169667198102072
200,0.21797567828193
200,0.125900273781322
200,0.209502832479192
200,0.154306198030732
200,0.20024601918148
200,0.212666178064917
200,0.20201178057179
200,0.194581172415623
200,0.18264709861043
200,0.21315696052755
200,0.182684443247412
200,0.213096083170482
200,0.228113398405057
200,0.136569195275749
200,0.194108005500409
200,0.228981005231901
200,0.180957198320717
200,0.193010340452975
200,0.175183207839019
200,0.204546290289409
200,0.224852896520623
200,0.191658260787792
200,0.141023479394044
200,0.165009173914157
200,0.102249496183573
200,0.225836316174479
200,0.163254344137096
200,0.133250358157455
200,0.16792345317461
200,0.205970883449232
200,0.129812652682671
200,0.136675437349331
200,0.098307610624519
200,0.125483731823673
200,0.204555580048179
200,0.161553262655878
200,0.242680299240357
200,0.104909737054445
200,0.190954736461402
200,0.214102872784112
200,0.117718503270362
200,0.138962686782925
200,0.154050995587326
200,0.173524275759985
200,0.211676790888481
200,0.174207855672888
200,0.210447732998749
200,0.149226974790565
200,0.194712265567573
200,0.13942380297383
200,0.170049835344864
200,0.13299451851035
200,0.129518864013973
200,0.112534499693582
200,0.142923912525991
200,0.124534242095968
200,0.243261069293213
200,0.208476491743624
200,0.22040308498638
200,0.190990167632103
220,0.161979207314384
220,0.176902015158169
220,0.140784109245243
220,0.199095529494234
220,0.208513640256269
220,0.217941191785967
220,0.204598340902716
220,0.108945740598767
220,0.170850353415507
220,0.109603612790669
220,0.177548276708415
220,0.190755235930323
220,0.15119037694074
220,0.0708622711912986
220,0.118847536758868
220,0.156297200937255
220,0.209215194432409
220,0.194363689458488
220,0.148214555477715
220,0.189883384873256
220,0.115899396134929
220,0.210100264582567
220,0.126651258969479
220,0.150139938834496
220,0.124671352404063
220,0.0181144389468055
220,0.207387548386707
220,0.18535590845632
220,0.182767005280995
220,0.126986336932904
220,0.201055406551767
220,0.193736431674598
220,0.144442888675496
220,0.176752231188062
220,0.217353529657204
220,0.23361629688217
220,0.203622419343154
220,0.169207565692095
220,0.201539035885057
220,0.150314788117704
220,0.0884483680487571
220,0.246847009106555
220,0.124383725543679
220,0.140584726444614
220,0.179931872800749
220,0.149585767304946
220,0.200081196764508
220,0.13991454952366
220,0.16574760175366
220,0.236851943079938
220,0.19063806108764
220,0.172181022781449
220,0.176281155908466
220,0.171962479360927
220,0.186707646383569
220,0.155914230238871
220,0.201545361330475
220,0.204826951365343
220,0.193666680538595
220,0.17655450320693
220,0.17195909865517
220,0.174085532108531
220,0.102551878646486
220,0.197125224101732
220,0.213229609946422
220,0.126580688804792
220,0.177794939502499
220,0.179542071776369
220,0.132498136461368
220,0.207783189238132
220,0.145256975286996
220,0.174213042746208
220,0.156864685822624
220,0.211321666615427
220,0.182348115298474
220,0.159718716838897
220,0.159576439363054
220,0.144058854746421
220,0.168093855339701
220,0.133935302909584
220,0.169140395437715
220,0.214421419441308
220,0.138203056933277
220,0.207954635038093
220,0.123549414034814
220,0.157779445150205
220,0.167837289753017
220,0.15934345424679
220,0.156484239768126
220,0.215199499505911
220,0.154042542625622
220,0.179677995298674
220,0.121263286909585
220,0.207152075053564
220,0.156120302117883
220,0.167660696176769
220,0.197340963669409
220,0.190204119653193
220,0.181623156136279
220,0.191771510684611
240,0.159932770298982
240,0.177526760556239
240,0.191685401687016
240,0.230484542318829
240,0.0851971691949061
240,0.163807784101003
240,0.152793404833584
240,0.17164423563369
240,0.161038649220407
240,0.17912595518045
240,0.210963298251239
240,0.153164545710689
240,0.140188846633234
240,0.214724899150423
240,0.184306492103506
240,0.148989747648252
240,0.181543137291541
240,0.166369096164266
240,0.185615740709708
240,0.169046299627957
240,0.201721804563372
240,0.177913780340066
240,0.19885162602751
240,0.195730344441371
240,0.137214734916926
240,0.226852708351628
240,0.214176805177431
240,0.150957111734782
240,0.205209776536482
240,0.183104209818926
240,0.222585296532066
240,0.192074195455396
240,0.17424190458507
240,0.20631567639282
240,0.233005527996237
240,0.191422920271314
240,0.165924365154894
240,0.208004032162286
240,0.188633256548269
240,0.218704422649494
240,0.153184209148762
240,0.155241686930986
240,0.190929365447012
240,0.114780360065729
240,0.193809020242567
240,0.215636924145267
240,0.135185338405639
240,0.169494021216717
240,0.165673347393661
240,0.217173244763128
240,0.213428966720135
240,0.22351598849662
240,0.182753777795449
240,0.141573369244881
240,0.121691513994134
240,0.165713593289605
240,0.132857340611553
240,0.214928764520934
240,0.179694356763882
240,0.170622727095939
240,0.147841370062309
240,0.113831554540884
240,0.212075507225557
240,0.173795894211905
240,0.206752950177827
240,0.213790565746758
240,0.195728126961765
240,0.162872600467084
240,0.130650687375404
240,0.12077496276854
240,0.18830564845396
240,0.208416321670706
240,0.220650219574783
240,0.15089061518334
240,0.177834581968898
240,0.198692965572904
240,0.192199910393042
240,0.180947812665178
240,0.126267187953149
240,0.161655909135931
240,0.175974706293731
240,0.211985273596021
240,0.207092131008388
240,0.19054068861802
240,0.230910585607371
240,0.184756121719203
240,0.117013560296154
240,0.145790270761195
240,0.225343208181904
240,0.180228784821777
240,0.219881182336754
240,0.0915963992537187
240,0.0884130189947913
240,0.169479873111414
240,0.194435928626885
240,0.18102258849308
240,0.184205278066615
240,0.189940856604964
240,0.231412016709123
240,0.171435959496989
260,0.180293960342801
260,0.152838247992143
260,0.163193272099899
260,0.177679542162086
260,0.161704514060066
260,0.211229467751239
260,0.131064423464174
260,0.151683131571136
260,0.142192688343184
260,0.222736166679349
260,0.232622752460556
260,0.221436711862406
260,0.217198974601607
260,0.198226432847886
260,0.263240390417897
260,0.148499342582535
260,0.232877162485965
260,0.204884212746671
260,0.17284984568453
260,0.0671882915030761
260,0.189986652087258
260,0.162622056735454
260,0.145563626366659
260,0.199093354906734
260,0.175967006284093
260,0.219535971660665
260,0.180545296610315
260,0.192055936762767
260,0.215754298651856
260,0.182924614322531
260,0.215769358014498
260,0.234557158047488
260,0.219479942479324
260,0.215453723388477
260,0.177876511177672
260,0.184604013773336
260,0.171992028857516
260,0.195141281345257
260,0.140214459881655
260,0.208848624370157
260,0.18763739068864
260,0.191523792183874
260,0.163494931302665
260,0.186268565555811
260,0.170860623043754
260,0.174643576662056
260,0.191612325494553
260,0.151050276890573
260,0.153029874488916
260,0.15462455826926
260,0.144565841908494
260,0.153544223853185
260,0.114497180408462
260,0.182097133721073
260,0.0824847755987853
260,0.25177286282672
260,0.194371524773925
260,0.237038136940765
260,0.220055875303911
260,0.159056336656486
260,0.23279797216623
260,0.250423659300861
260,0.219305135189276
260,0.162383999628078
260,0.200053612436309
260,0.207223484247183
260,0.175813269949612
260,0.185035181441252
260,0.166184198329901
260,0.218831076397175
260,0.151738562485514
260,0.143238827881013
260,0.174361841921849
260,0.224829173407758
260,0.248563872338033
260,0.171497259216407
260,0.206352662308421
260,0.240640774080854
260,0.167535986507223
260,0.142891888797223
260,0.152452540189399
260,0.185423327826097
260,0.209204036062942
260,0.181739918865213
260,0.17371699181147
260,0.218518409120489
260,0.236193415965966
260,0.22887820104274
260,0.205428164212945
260,0.168717125156399
260,0.209010763237701
260,0.21811725348554
260,0.165048307100509
260,0.165776300493006
260,0.140132603746368
260,0.24867438273103
260,0.232796204845125
260,0.254012384477003
260,0.222424669741334
260,0.125993257033195
280,0.205638939852586
280,0.206211268347733
280,0.162497363623861
280,0.20203556930594
280,0.201149677977758
280,0.212301437450774
280,0.179328829675258
280,0.226350969593193
280,0.206422651901897
280,0.188863685989726
280,0.156683473182021
280,0.183882256168261
280,0.184395197770581
280,0.175388665198489
280,0.221808367062958
280,0.18336069988529
280,0.207254287644207
280,0.197278695087778
280,0.151997272663273
280,0.166563235663356
280,0.211842587063782
280,0.230613531829164
280,0.205055752843018
280,0.172461341158769
280,0.178753854129612
280,0.182341644718471
280,0.182803170220304
280,0.229951727365588
280,0.216192009880901
280,0.179287272934537
280,0.204170460449646
280,0.170067080685581
280,0.178858539117486
280,0.159417462304562
280,0.149953313341323
280,0.212238491025407
280,0.188238598163144
280,0.11912909767907
280,0.124914010765832
280,0.172899778983367
280,0.199592414316109
280,0.207817012508518
280,0.212417280792041
280,0.223239184179831
280,0.235801528839238
280,0.229546385512324
280,0.174220998599939
280,0.17334377636836
280,0.145906867389778
280,0.170506961534193
280,0.19741872130453
280,0.19836951088555
280,0.145553827801497
280,0.17483297548156
280,0.220990866595101
280,0.196512464465583
280,0.197994132852422
280,0.205754698937262
280,0.152945520818515
280,0.18958349018933
280,0.215171265577543
280,0.225142591452272
280,0.206301826630575
280,0.18878269996217
280,0.250165004318158
280,0.0906881733267332
280,0.183624056261675
280,0.189676458554768
280,0.153977998675654
280,0.149168036706858
280,0.189713352547368
280,0.175486441863128
280,0.17889099505807
280,0.196359078722806
280,0.179704614423954
280,0.193394217837323
280,0.247272886384542
280,0.199496600617592
280,0.205317637530369
280,0.179273295358313
280,0.222019158155094
280,0.170252276450505
280,0.166154236497925
280,0.216584300729234
280,0.154733373687906
280,0.211976080982422
280,0.167842653538498
280,0.194708041801582
280,0.168422862984547
280,0.231367358044733
280,0.190916705931121
280,0.198633411388579
280,0.195171304973433
280,0.0960578530100969
280,0.231379459634914
280,0.168204627970628
280,0.247703382346814
280,0.19992802524116
280,0.137211125489046
280,0.216335220313945
300,0.222045557590976
300,0.183753368095433
300,0.166381634349485
300,0.203484317506255
300,0.151121643625862
300,0.254087053983212
300,0.171211819445721
300,0.190767769578127
300,0.192890498316006
300,0.201575889087855
300,0.228505885375266
300,0.196198784822445
300,0.147236324392265
300,0.19311284673911
300,0.143382780317309
300,0.157477564333541
300,0.165479402464981
300,0.21536950421232
300,0.225101046847263
300,0.170590115437585
300,0.188849567858239
300,0.257096969746221
300,0.136137895304213
300,0.204728980945566
300,0.232436252731347
300,0.175123412486997
300,0.214649050031796
300,0.189258051412312
300,0.181742961064676
300,0.217537806445526
300,0.209282573106548
300,0.198400702157482
300,0.241924873970555
300,0.125572795903864
300,0.16283529991399
300,0.13308175825109
300,0.137240239098699
300,0.215596936842911
300,0.223990115499898
300,0.204362071911235
300,0.184073407933578
300,0.212452454123141
300,0.207408250448406
300,0.220586194689874
300,0.189074005664041
300,0.149049009361852
300,0.231455667286482
300,0.158161518542672
300,0.119164024492531
300,0.207083728322154
300,0.171378668957269
300,0.193842918854243
300,0.134348734494098
300,0.189351332239576
300,0.214871820243545
300,0.194859702369386
300,0.18687428701387
300,0.191534837942705
300,0.244422220989356
300,0.19030924074862
300,0.16062072405644
300,0.12417379292986
300,0.132332391763262
300,0.17071044572061
300,0.148867014568748
300,0.21314726032106
300,0.13803568060799
300,0.148812124046079
300,0.209464612563689
300,0.19293768801518
300,0.239200274032692
300,0.136283585892632
300,0.18180707810231
300,0.187251750641809
300,0.181683381150116
300,0.127628757246698
300,0.174049945720889
300,0.176177471492837
300,0.202974538379234
300,0.18378368475347
300,0.202949431529749
300,0.112862831016021
300,0.178633176057105
300,0.12324551626566
300,0.188737448993268
300,0.213211475505695
300,0.137853610976101
300,0.210986312128468
300,0.19927251045301
300,0.20345858210916
300,0.177785351159615
300,0.170988668688278
300,0.192815044316624
300,0.181803913592642
300,0.204277969156808
300,0.231205428642095
300,0.170014359432999
300,0.197941449371057
300,0.157089982222968
300,0.202706217182097
320,0.18244727738335
320,0.156609479972632
320,0.227524628625979
320,0.191982953169876
320,0.201993625857373
320,0.21123042152991
320,0.154612397556467
320,0.153038280173298
320,0.198701681910885
320,0.220033407169563
320,0.208187018360267
320,0.220370898643315
320,0.219868035702432
320,0.182028029737358
320,0.227805594704611
320,0.202014746643932
320,0.206072227955208
320,0.200020731634653
320,0.208522903801494
320,0.160826655342426
320,0.202151881010397
320,0.195862690309552
320,0.12948636170482
320,0.198908967191543
320,0.22313649271806
320,0.170318832099759
320,0.186936817609832
320,0.148065441832842
320,0.227316565861593
320,0.185325717037481
320,0.196923957945201
320,0.171266683206277
320,0.257077754068171
320,0.190670706529836
320,0.174272149194717
320,0.197800468454455
320,0.20078102906298
320,0.20083690254944
320,0.177642740368879
320,0.171493135756056
320,0.150271585949007
320,0.220860632719559
320,0.210186696265127
320,0.204115558675566
320,0.194389853035491
320,0.190397785314562
320,0.197701225896831
320,0.140268804273948
320,0.135356242513597
320,0.173807056773324
320,0.196660230046935
320,0.233116584956391
320,0.176569230537603
320,0.1714252636701
320,0.164102270872136
320,0.146693839429065
320,0.174006748491127
320,0.157223116656718
320,0.184911909968538
320,0.181213632812431
320,0.208501440040993
320,0.199225786974157
320,0.156918648047451
320,0.187684363850518
320,0.166495751131425
320,0.189170313414454
320,0.22610824445314
320,0.168091067953053
320,0.21184322136105
320,0.177241309497661
320,0.162722082789544
320,0.207804854773486
320,0.196618344079567
320,0.156958566838841
320,0.169188802190586
320,0.224165106089522
320,0.159848545345969
320,0.175588432976039
320,0.143665439028733
320,0.206242067889367
320,0.21484746987782
320,0.217472818082302
320,0.174159680338847
320,0.237370361793399
320,0.157080252894784
320,0.176809087492643
320,0.189892020179934
320,0.185987283246802
320,0.147345310319207
320,0.244434828160331
320,0.221477443721046
320,0.197108654545729
320,0.217584645418606
320,0.164716203677144
320,0.181141814652509
320,0.200382312819944
320,0.172811254392739
320,0.193956441506999
320,0.164797413204123
320,0.169468404800651
400,0.179329084572368
400,0.16528139242057
400,0.193179985598122
400,0.180388070491218
400,0.227682344836401
400,0.148820001314084
400,0.216583875034478
400,0.181491027715443
400,0.190949147576684
400,0.185560003832157
400,0.147710972712455
400,0.203187040921246
400,0.199758168410335
400,0.197242956700323
400,0.171345755150864
400,0.20414011199712
400,0.214739375044869
400,0.222889836058854
400,0.190508612155053
400,0.204940997289894
400,0.165054295675209
400,0.226881535103153
400,0.199696591370575
400,0.214631827455521
400,0.18361350070346
400,0.197597792402466
400,0.211482945401953
400,0.197073070365038
400,0.220466610291561
400,0.194203816531944
400,0.1554154765389
400,0.205883434132469
400,0.216666922296851
400,0.208128132320934
400,0.195646398052095
400,0.200963877066268
400,0.220381087618252
400,0.157023400864262
400,0.195744964069296
400,0.171288611072816
400,0.175466730534935
400,0.203269649133483
400,0.195396348895733
400,0.221253092249769
400,0.190262282857764
400,0.222045162144242
400,0.180751313359675
400,0.191834788921604
400,0.186042999676055
400,0.208577203251272
400,0.237068754062765
400,0.18483088073178
400,0.256224221404499
400,0.206603132259827
400,0.20795229556427
400,0.208355405631462
400,0.220610274495261
400,0.189771838928292
400,0.148969484695052
400,0.209602300463883
400,0.259833799652631
400,0.238019655986692
400,0.125798854962957
400,0.195922885662838
400,0.213097162823302
400,0.20112588312795
400,0.216892695469227
400,0.201500165088103
400,0.146439816314382
400,0.178500809378356
400,0.195826407752129
400,0.243102969342116
400,0.212195937907757
400,0.216655435865901
400,0.204514033190332
400,0.205945626036065
400,0.192721689666732
400,0.200916614628133
400,0.223428259983404
400,0.253075521918864
400,0.186312411672233
400,0.137663867820413
400,0.167720119508751
400,0.250226260942137
400,0.172807828951356
400,0.161603436324365
400,0.195163295438945
400,0.218695697578832
400,0.190481177443596
400,0.16941235241384
400,0.182733106926528
400,0.184313426840344
400,0.243097455622072
400,0.189328144885576
400,0.178890120623668
400,0.141732561054094
400,0.184438648731532
400,0.231475069803269
400,0.158608560453847
400,0.224716054234791
480,0.201542116418607
480,0.173095769736017
480,0.245320384187903
480,0.225715046116986
480,0.212796365745911
480,0.172513890617247
480,0.236331328527209
480,0.211130000495474
480,0.1810104519129
480,0.180906019163623
480,0.229796011568701
480,0.251677392100306
480,0.240411156266402
480,0.209731600456382
480,0.196647167744722
480,0.213097258067443
480,0.22156761488396
480,0.231734476819202
480,0.194314478441305
480,0.230281164529339
480,0.213912942516244
480,0.191667629713394
480,0.16517668081646
480,0.239712633746255
480,0.19325198451841
480,0.188605026888222
480,0.213865753996057
480,0.152387380789627
480,0.19682935082039
480,0.162756954912607
480,0.21065463453748
480,0.206929511552701
480,0.249989649257085
480,0.183129111133405
480,0.201052072655065
480,0.204503540523559
480,0.216603815461746
480,0.201116978897143
480,0.219750150058429
480,0.217408886297115
480,0.214371812608191
480,0.207521940073464
480,0.230302928215326
480,0.196159539918675
480,0.227455924875874
480,0.220381199320977
480,0.17381582344547
480,0.198530785630412
480,0.262523954383666
480,0.21778337309038
480,0.203156121198385
480,0.225432533749651
480,0.24159973329301
480,0.232834088845717
480,0.205630740380707
480,0.216593691043499
480,0.20053877691719
480,0.212863602392163
480,0.214540556400576
480,0.168254262369367
480,0.196678886791525
480,0.209555865667204
480,0.171530627107348
480,0.183371893720554
480,0.196014593994682
480,0.193248224371398
480,0.231695940725367
480,0.197240509160423
480,0.181192628144947
480,0.202414466246909
480,0.199802874559654
480,0.207105813078096
480,0.186063295594314
480,0.21934269699188
480,0.21916827459391
480,0.221262078619083
480,0.144965783966379
480,0.19893702029325
480,0.205634293053537
480,0.219371840933945
480,0.213716814063606
480,0.251241034557027
480,0.189570584048806
480,0.214910329095727
480,0.17325707321965
480,0.206463666140211
480,0.149661317806881
480,0.19551732980009
480,0.211358149212912
480,0.176500244971711
480,0.160984874276669
480,0.154593278503613
480,0.242119869697842
480,0.18690279831324
480,0.24524503931782
480,0.198859153527559
480,0.197529948698563
480,0.170695897788339
480,0.159399579356534
480,0.240541776908757
560,0.123504767368938
560,0.223120968842325
560,0.185059349591106
560,0.222854573960537
560,0.189968648727719
560,0.207314059451763
560,0.171212975264965
560,0.204812110148548
560,0.204556476639146
560,0.224917180195756
560,0.224657233488442
560,0.220525831630086
560,0.178265783875089
560,0.2156693793896
560,0.176598768963926
560,0.213478472266453
560,0.232963743794738
560,0.178019532582347
560,0.229819611799692
560,0.206240121685619
560,0.2228282189486
560,0.215112205530313
560,0.189917086622674
560,0.168567425362021
560,0.210993323467455
560,0.181965405273473
560,0.202238628341483
560,0.233452948973602
560,0.20855981100559
560,0.188311451117489
560,0.234296317492446
560,0.226962273486378
560,0.189912156034141
560,0.246064048006368
560,0.202040281552849
560,0.208614357170425
560,0.228618395446824
560,0.228144964803034
560,0.189501675233032
560,0.229088536989246
560,0.238178193017271
560,0.192574026897601
560,0.232471643459275
560,0.203914374626924
560,0.223609048599353
560,0.2013636692274
560,0.240168549077034
560,0.210532775815274
560,0.176725064917681
560,0.202643864011998
560,0.21279289820254
560,0.208015999638617
560,0.187509634733307
560,0.231104785665109
560,0.238558028823883
560,0.224304500323735
560,0.22384915300876
560,0.203628911069921
560,0.207145366729194
560,0.22007940964894
560,0.222053428047209
560,0.215850181108486
560,0.204142702679063
560,0.230543965036801
560,0.204997900648518
560,0.176910801621667
560,0.203520871162109
560,0.188132459396471
560,0.199417497852992
560,0.220003706758702
560,0.220704624558813
560,0.209437322737564
560,0.185010922664818
560,0.221063320807343
560,0.209558214590193
560,0.211623866681648
560,0.207460179325943
560,0.229230937058786
560,0.181572419001308
560,0.196359535144085
560,0.212267132405718
560,0.155798636005864
560,0.173761553393276
560,0.211223965573045
560,0.22380734524481
560,0.243611429845422
560,0.185840523344464
560,0.216503024187173
560,0.199140026799569
560,0.196238847449943
560,0.190835948766064
560,0.170588249936973
560,0.219232174501142
560,0.220306038415094
560,0.182140811363474
560,0.176877019330241
560,0.207300439761812
560,0.222305265510863
560,0.200159020150068
560,0.200190093654675
640,0.218062591021238
640,0.223702220774584
640,0.171700257337771
640,0.208599588960122
640,0.194142140779754
640,0.243748591361059
640,0.251082067583142
640,0.197437949901302
640,0.252797081066799
640,0.202036379661462
640,0.224218336216264
640,0.249938105983072
640,0.176684890375991
640,0.216741144922313
640,0.260392816907984
640,0.243568452963351
640,0.190370298380128
640,0.262080110471428
640,0.260358903812242
640,0.194124412203318
640,0.199555492600606
640,0.218114594855537
640,0.200210423186527
640,0.174597095111964
640,0.192729262325366
640,0.199705991659021
640,0.230197477840627
640,0.214101980985409
640,0.186327767214229
640,0.196496044878233
640,0.190085524113645
640,0.208921234426867
640,0.188049585136302
640,0.199107233459928
640,0.242229051553041
640,0.220758850114076
640,0.215086732187508
640,0.194883892998256
640,0.194105128477678
640,0.205141642816913
640,0.19484989933512
640,0.239874036286958
640,0.201042680754801
640,0.220165290198414
640,0.20317728489017
640,0.214082419501402
640,0.236480549300461
640,0.206825876770255
640,0.21832218147367
640,0.229240670618471
640,0.23442145762085
640,0.213905137973199
640,0.168380702338325
640,0.211906507133451
640,0.213393738223724
640,0.175898118829481
640,0.235696678618565
640,0.199363081308471
640,0.211643855863718
640,0.206114238174375
640,0.215045317318731
640,0.173168925477676
640,0.194977818421893
640,0.236348830598204
640,0.24668345528968
640,0.260982426542675
640,0.202295730464172
640,0.126738912797091
640,0.20716802280475
640,0.21470534765224
640,0.193728279560461
640,0.214064588267881
640,0.17984158769621
640,0.244509404415537
640,0.228954857091974
640,0.211336196702897
640,0.189668070022684
640,0.216021062013437
640,0.192323260846743
640,0.2285610213457
640,0.193755358617969
640,0.193734920603221
640,0.169662678029213
640,0.183851172258336
640,0.187553600961418
640,0.217646344817353
640,0.194489024418988
640,0.213246209693749
640,0.233299218596973
640,0.223563967903069
640,0.172749827306983
640,0.19457630437598
640,0.175184579404686
640,0.233639000868523
640,0.208292353027713
640,0.228072192334469
640,0.240219763055229
640,0.173966963744224
640,0.234946653542236
640,0.228729137376361
720,0.217227321395589
720,0.198082632171993
720,0.198598033298619
720,0.212112841167223
720,0.230034096521502
720,0.203644178639599
720,0.207330265631564
720,0.230811423272239
720,0.187984647735415
720,0.238523926934189
720,0.233556692800597
720,0.241212140210888
720,0.201381512677367
720,0.222108944420904
720,0.191365879575193
720,0.229922558365664
720,0.216861562094212
720,0.184214611312645
720,0.179747052443052
720,0.228984292194316
720,0.181631393967731
720,0.213836502310098
720,0.23361407348137
720,0.239376714022756
720,0.193484074424073
720,0.19564800239577
720,0.210873761772909
720,0.166503921921319
720,0.245363576798387
720,0.17369796466535
720,0.211388003660575
720,0.22569911064192
720,0.183203042703398
720,0.212369146273352
720,0.234408751140497
720,0.171086296567173
720,0.202840485324944
720,0.247256137054494
720,0.192130947279949
720,0.184444229157564
720,0.179072844843737
720,0.238781844773983
720,0.197519898213316
720,0.222435212936257
720,0.204063572996074
720,0.195636715974505
720,0.189080175011133
720,0.180136610128213
720,0.191492864379142
720,0.204803901560707
720,0.172835038286361
720,0.21477772899557
720,0.199450322304586
720,0.213080461358577
720,0.196960706910663
720,0.204075128882503
720,0.207569365687766
720,0.20643898411154
720,0.195912105721367
720,0.18987327620507
720,0.243510029214204
720,0.198311929756837
720,0.204397545353077
720,0.177604128818014
720,0.199625227557515
720,0.199013539606262
720,0.225837909221393
720,0.237955944076746
720,0.164761303491692
720,0.242489334400908
720,0.217438958057691
720,0.144225774206644
720,0.200766888900177
720,0.194736843817584
720,0.247444926000409
720,0.212070651303845
720,0.173315630482519
720,0.195860608429412
720,0.212886705399221
720,0.231762080504736
720,0.26123981815733
720,0.218320611157168
720,0.249631634179574
720,0.191650885719824
720,0.183107486189596
720,0.206048087156971
720,0.217443481163207
720,0.224216470175932
720,0.219619741586962
720,0.211862120243446
720,0.169207085756747
720,0.177273319721083
720,0.205318258642072
720,0.217437903025846
720,0.214162338063096
720,0.204002079192263
720,0.25134490663141
720,0.190098944004855
720,0.163387247448218
720,0.190385130605356
800,0.217667394998528
800,0.186236924312118
800,0.194535513592821
800,0.147038148889449
800,0.242102408560963
800,0.191914348130338
800,0.210358568618609
800,0.216400397721394
800,0.194186250712163
800,0.231649589623527
800,0.25196786566131
800,0.226103819356016
800,0.21373470398432
800,0.196979184923985
800,0.202445313669106
800,0.182001654191525
800,0.199648387050209
800,0.16972800901443
800,0.197479370934948
800,0.212320142543362
800,0.223994886563305
800,0.231096340245934
800,0.21505502620787
800,0.221160717472675
800,0.208719617394507
800,0.214056622518293
800,0.215272159274484
800,0.235790516770261
800,0.230831052143581
800,0.209177823512777
800,0.188646255410623
800,0.259234366862968
800,0.201705872095219
800,0.163262119432079
800,0.225823053704615
800,0.206722463258287
800,0.190760410416916
800,0.209600082701129
800,0.176251619564225
800,0.221833993450171
800,0.266728783004013
800,0.23119935274478
800,0.225461925650396
800,0.23946996679679
800,0.213390368206227
800,0.175870043852434
800,0.219287634103495
800,0.211337466131358
800,0.205028772392651
800,0.204069648349112
800,0.207828757044693
800,0.224590437821272
800,0.207878154216843
800,0.201652201975277
800,0.24583593498414
800,0.232644328720162
800,0.214352652966917
800,0.221634682291496
800,0.216055685736165
800,0.194347368845964
800,0.206533062285775
800,0.205059046087113
800,0.191152479736102
800,0.174380137415054
800,0.216124158221989
800,0.231649569105764
800,0.239995735617057
800,0.206466220105707
800,0.27193906589252
800,0.195508021021591
800,0.213595062223322
800,0.203508641761758
800,0.208861097107393
800,0.230683750440903
800,0.162495717267253
800,0.183236419695799
800,0.248733755545961
800,0.202403606851413
800,0.215294867910832
800,0.204788910773471
800,0.209489726902014
800,0.216887347607291
800,0.221660074532942
800,0.241212672531314
800,0.215164020764429
800,0.191265238244362
800,0.239171465832944
800,0.220742383538856
800,0.230405544328301
800,0.215262328147491
800,0.189497032722522
800,0.213047772613914
800,0.19971509894372
800,0.21751142947629
800,0.22056101551189
800,0.203683412600181
800,0.243003644050128
800,0.209765531253814
800,0.177436058150801
800,0.256679079009529
880,0.207510285275836
880,0.232220876367266
880,0.248778510202957
880,0.21269670825489
880,0.198215675740646
880,0.227249128634488
880,0.180674494675244
880,0.229787415234389
880,0.217019970073092
880,0.233290806214371
880,0.191638552486657
880,0.226932909120386
880,0.196593550171261
880,0.213128254282819
880,0.200517422053751
880,0.245151028233041
880,0.224449788773493
880,0.184956054941471
880,0.24052325586714
880,0.224417641822233
880,0.176105338103504
880,0.198057934594026
880,0.240391458402007
880,0.22513969200757
880,0.199355322481886
880,0.249036704580004
880,0.222890728496334
880,0.228502912908024
880,0.236354100141072
880,0.219201401621428
880,0.191005327461832
880,0.228076004517331
880,0.215905842234662
880,0.212122742549795
880,0.200198117885223
880,0.175860527625186
880,0.206982314406882
880,0.219321878372233
880,0.200281946967715
880,0.234599716322978
880,0.221794574129394
880,0.226493813503382
880,0.257848191260101
880,0.22764024401691
880,0.208348040173441
880,0.246142463896535
880,0.222293028818523
880,0.183846991164728
880,0.215667652926568
880,0.221285610894516
880,0.180145558920247
880,0.199517973627399
880,0.203658785727152
880,0.247379117660565
880,0.204425326726936
880,0.222326636757529
880,0.239967643913205
880,0.203963519673296
880,0.243547609133684
880,0.255795634871688
880,0.25270055136097
880,0.229900491285981
880,0.161145274519348
880,0.229963887942359
880,0.170573704199751
880,0.208246035993778
880,0.256395729454916
880,0.197397453976507
880,0.177373523499721
880,0.187434223766304
880,0.237014538980526
880,0.24288829884638
880,0.217096379998263
880,0.234877237874824
880,0.201175310505997
880,0.221778003404519
880,0.187482421974177
880,0.223308300710618
880,0.175749454700002
880,0.194698997928206
880,0.233642065660597
880,0.236210340830931
880,0.174963878665477
880,0.208110329329135
880,0.215088635088473
880,0.221708926700449
880,0.208430869283779
880,0.175239429017427
880,0.219667308664723
880,0.229618723831681
880,0.225889330180307
880,0.243715230360543
880,0.227798226235759
880,0.233795196288543
880,0.208673201933643
880,0.206790127935431
880,0.198544723978497
880,0.243006367332507
880,0.211644796592468
880,0.223052707615971
960,0.217820752664355
960,0.212501122726861
960,0.23393577410768
960,0.222451370650772
960,0.206342209186292
960,0.210042363118501
960,0.208744981025648
960,0.179261125744279
960,0.225902145512579
960,0.231239062021692
960,0.218195333871399
960,0.199719047613614
960,0.209025851300508
960,0.210621370882294
960,0.20955637883275
960,0.203602520134592
960,0.244049555656574
960,0.22222131754426
960,0.232483898345055
960,0.219829106159151
960,0.197183825410288
960,0.216887413708642
960,0.187320728739575
960,0.207729567247892
960,0.189162924396632
960,0.250224517865494
960,0.242247998446382
960,0.225056181093843
960,0.211914362849807
960,0.170419202443393
960,0.250418188989799
960,0.162716069139222
960,0.181358282268473
960,0.237689593134019
960,0.201006082722566
960,0.242076026550453
960,0.256783358712051
960,0.194882173544559
960,0.155411731679884
960,0.174344439062887
960,0.244535525935996
960,0.234478088212904
960,0.199305471131973
960,0.218583412339905
960,0.196889274589935
960,0.195815518408275
960,0.236498488964495
960,0.214371649551515
960,0.225581048398714
960,0.25810790378637
960,0.223626907564562
960,0.207317842334712
960,0.197740564476038
960,0.207116381986115
960,0.217120767331365
960,0.24176240064412
960,0.190339228450493
960,0.195812422906618
960,0.207501822693586
960,0.215231285837984
960,0.20435291039401
960,0.203832256714436
960,0.206985619433563
960,0.233384260640043
960,0.230000953785685
960,0.224919607077376
960,0.217729902517973
960,0.206861964183281
960,0.248829234077604
960,0.223567889750506
960,0.211827401707618
960,0.221070491231961
960,0.205060329682936
960,0.23228286910232
960,0.219364419146471
960,0.250949687766762
960,0.218000419909916
960,0.238617191264591
960,0.185137559289187
960,0.219658743334583
960,0.242801854592479
960,0.154371861951475
960,0.21247028478461
960,0.241452411373125
960,0.201364606124182
960,0.229238906904596
960,0.189467834866467
960,0.203431681097043
960,0.212745481952089
960,0.223324924950222
960,0.197162488385794
960,0.232541452391067
960,0.249143809475364
960,0.205714422075407
960,0.148712862958039
960,0.215406527874471
960,0.216473970598979
960,0.221027892003022
960,0.18178338133372
960,0.166693698139134
1040,0.230011427745421
1040,0.206287525968209
1040,0.210641308773379
1040,0.215140905986398
1040,0.24295251292557
1040,0.209475431759713
1040,0.203998646956947
1040,0.209054248234428
1040,0.25417259227949
1040,0.208137351317185
1040,0.236060407034373
1040,0.211032163537347
1040,0.220388850629697
1040,0.200269321903385
1040,0.210742065775449
1040,0.205624449280871
1040,0.224619414687567
1040,0.222297987601318
1040,0.225459766346022
1040,0.199370922705371
1040,0.182489901758807
1040,0.205267272724496
1040,0.200070118644738
1040,0.220935410392011
1040,0.210393079339549
1040,0.2314833083877
1040,0.197264923587449
1040,0.220501397470595
1040,0.213237281455904
1040,0.193891170944675
1040,0.229588047421546
1040,0.224534229308099
1040,0.202129142577875
1040,0.210306422956465
1040,0.196410373085489
1040,0.2413753438754
1040,0.227913311265151
1040,0.233348660876997
1040,0.235459454124462
1040,0.20507413459554
1040,0.222988989667022
1040,0.227816265312046
1040,0.227281571712452
1040,0.207940093252512
1040,0.196885300308777
1040,0.187574028398031
1040,0.198072436673115
1040,0.195500375560557
1040,0.207633439901726
1040,0.210354159023882
1040,0.227947769797468
1040,0.221587723598205
1040,0.218296835604362
1040,0.207674425899158
1040,0.165839106742374
1040,0.200437741781853
1040,0.202029047797324
1040,0.188929403707681
1040,0.203603755048149
1040,0.208359013097875
1040,0.207127215289834
1040,0.200187370626534
1040,0.213370283866475
1040,0.192306860430919
1040,0.163412409817043
1040,0.216008180239892
1040,0.217429084164025
1040,0.200175869346473
1040,0.22452751446695
1040,0.210134386126775
1040,0.222650955426016
1040,0.185257450255135
1040,0.22864538255183
1040,0.209775938380455
1040,0.217086656704173
1040,0.152796254471116
1040,0.223222058460057
1040,0.257365960105687
1040,0.220290473621925
1040,0.187837783461885
1040,0.221250531591094
1040,0.206516739460243
1040,0.209259456627387
1040,0.226334372856567
1040,0.202350261584035
1040,0.197996807575063
1040,0.197204904906571
1040,0.248211837358611
1040,0.193389396662474
1040,0.201365969621449
1040,0.199774424269151
1040,0.22816185947636
1040,0.189113015340599
1040,0.211204669047155
1040,0.220068158676893
1040,0.210733534046911
1040,0.182937127575898
1040,0.222503806730012
1040,0.205428804521196
1040,0.220816797531119
1120,0.194956732162815
1120,0.198477806950201
1120,0.242751444251834
1120,0.21199396945839
1120,0.202567736639791
1120,0.245843981714242
1120,0.214283600926429
1120,0.207085083038293
1120,0.191223427532895
1120,0.212180258304178
1120,0.20539858331902
1120,0.218165132912589
1120,0.201855689441234
1120,0.206838053458058
1120,0.198901046186334
1120,0.237507299725162
1120,0.179592955991525
1120,0.193774960859829
1120,0.199953266211881
1120,0.198957070195246
1120,0.239261907040708
1120,0.198280136523365
1120,0.20406119122867
1120,0.204004145836122
1120,0.192527545276312
1120,0.204454722454379
1120,0.175309948641592
1120,0.224195652183093
1120,0.229314538309252
1120,0.238995949507175
1120,0.197563084982197
1120,0.235218940345917
1120,0.224652113981989
1120,0.180179602564042
1120,0.223998442781317
1120,0.221196855241773
1120,0.205093010440734
1120,0.170976831875406
1120,0.19891650536617
1120,0.222844227719922
1120,0.208404404688088
1120,0.199037036533263
1120,0.23185717690047
1120,0.20534348073047
1120,0.190393743173347
1120,0.227452102157455
1120,0.21891048709264
1120,0.20909704301087
1120,0.22925691006729
1120,0.211614106943121
1120,0.248871596826
1120,0.239122357527526
1120,0.239013449549935
1120,0.230588917383869
1120,0.209127434088171
1120,0.233890822659845
1120,0.223954850325893
1120,0.198299872958371
1120,0.253487852494884
1120,0.212476902743401
1120,0.176559340004905
1120,0.192955165222233
1120,0.215086690625241
1120,0.247405065594941
1120,0.242728416019733
1120,0.186214839256164
1120,0.225367796940652
1120,0.233865280668637
1120,0.189184932777869
1120,0.213892008916768
1120,0.222397067376372
1120,0.213958493700324
1120,0.198455904720487
1120,0.237711993017086
1120,0.171843033053598
1120,0.195186296773327
1120,0.206034976534082
1120,0.245173140917249
1120,0.237661706553255
1120,0.239877467374762
1120,0.245094936936734
1120,0.219758870302823
1120,0.217148489667475
1120,0.212865429535282
1120,0.245476432800478
1120,0.226214676941672
1120,0.210127824840066
1120,0.197869176012711
1120,0.200882124524799
1120,0.154945935690567
1120,0.227030972676935
1120,0.219930680743098
1120,0.242095308025331
1120,0.224789239635326
1120,0.189430542062904
1120,0.212372984254966
1120,0.233916757757341
1120,0.217244450695062
1120,0.247221288641569
1120,0.208781190803187
1200,0.204404531917964
1200,0.158281363542845
1200,0.234392114912171
1200,0.230273635105867
1200,0.209960528283659
1200,0.233489593417458
1200,0.238738999104727
1200,0.257986201257218
1200,0.204449834489098
1200,0.246967233573951
1200,0.216390503230712
1200,0.213599439384988
1200,0.210653989136842
1200,0.223015110089593
1200,0.229150630346914
1200,0.247496051431675
1200,0.207979746840556
1200,0.218854329378855
1200,0.218118116394538
1200,0.238833622099429
1200,0.211168392688459
1200,0.217260453986479
1200,0.187573765045181
1200,0.204524257556333
1200,0.179783668460833
1200,0.216220046786668
1200,0.19598686795871
1200,0.252177460260996
1200,0.208531931665623
1200,0.218345541421148
1200,0.221919180262794
1200,0.21022893759129
1200,0.226835343728671
1200,0.227146247968637
1200,0.22387736220218
1200,0.234414648040105
1200,0.224673980326646
1200,0.233547830151746
1200,0.231095322096272
1200,0.234346264739055
1200,0.223077145116419
1200,0.242499751666924
1200,0.226078668381717
1200,0.196782834005276
1200,0.235887592457466
1200,0.212115913600731
1200,0.209706270751275
1200,0.191595027017337
1200,0.200419245408195
1200,0.21738592782976
1200,0.213309533531785
1200,0.209037257211335
1200,0.201708458859991
1200,0.201463883930893
1200,0.188311216833259
1200,0.198679829357843
1200,0.225033295787658
1200,0.217476116607511
1200,0.247904735248222
1200,0.186866077327265
1200,0.200113843830307
1200,0.223208769815095
1200,0.214258096539409
1200,0.180347789233088
1200,0.221572170052962
1200,0.218920691541333
1200,0.21537701692782
1200,0.239210295285847
1200,0.175559795657781
1200,0.229418677667466
1200,0.234125980520837
1200,0.229573493819353
1200,0.200222133279241
1200,0.225372666771236
1200,0.21826568716717
1200,0.212600103796614
1200,0.204228404749873
1200,0.25618432329499
1200,0.194413521576399
1200,0.202249014527631
1200,0.242855369277357
1200,0.199235176310617
1200,0.260575201428093
1200,0.226857013503619
1200,0.207375846709482
1200,0.210775928270066
1200,0.209852122632093
1200,0.222160005779195
1200,0.193080095873042
1200,0.197751530977259
1200,0.200803078069463
1200,0.208933085260094
1200,0.176312280888351
1200,0.252679846347269
1200,0.195123759313427
1200,0.248349263762996
1200,0.212643162419334
1200,0.216688489125185
1200,0.230212469866555
1200,0.256143103040779
1280,0.218853263921593
1280,0.231766321713353
1280,0.215001340662949
1280,0.23438584299465
1280,0.197842923146317
1280,0.184741820971545
1280,0.218091409001169
1280,0.226179691547683
1280,0.253876316366031
1280,0.197294904656281
1280,0.20476883298308
1280,0.241383077060204
1280,0.250070974435586
1280,0.203774331672094
1280,0.186534745654809
1280,0.190430892432197
1280,0.209674469140366
1280,0.21431980206074
1280,0.23412159533701
1280,0.205355609686075
1280,0.209148945339058
1280,0.219151973320585
1280,0.225196725921062
1280,0.240366643202298
1280,0.231659325885025
1280,0.211195594534484
1280,0.20053714527462
1280,0.235197250501412
1280,0.208594652356714
1280,0.199994662248504
1280,0.233834873030113
1280,0.201129173617569
1280,0.235214659318752
1280,0.196308993613195
1280,0.210437663100676
1280,0.229741893978415
1280,0.185069528376789
1280,0.202902217550221
1280,0.222556143507097
1280,0.206810491425886
1280,0.210580112628838
1280,0.259530371340213
1280,0.23717237352155
1280,0.253971345320927
1280,0.247270724555994
1280,0.200914233995742
1280,0.204011517206329
1280,0.182091832642131
1280,0.209346322721125
1280,0.210277870326622
1280,0.227486744969825
1280,0.235155407836006
1280,0.24559173034441
1280,0.198425241269177
1280,0.224782137661139
1280,0.205599839082251
1280,0.201417893086811
1280,0.191442242477528
1280,0.187224835684175
1280,0.213059207095265
1280,0.23947643987997
1280,0.19879939322005
1280,0.199367673647579
1280,0.210553091559839
1280,0.199194957368911
1280,0.211470231196591
1280,0.241739642096197
1280,0.192483688692574
1280,0.223584136576322
1280,0.205265834919601
1280,0.229982011420458
1280,0.214389206608391
1280,0.231301244034387
1280,0.20046899823584
1280,0.196819875940509
1280,0.230064882521932
1280,0.221663765097492
1280,0.197894802128888
1280,0.194535988996308
1280,0.207206224891224
1280,0.200161700866394
1280,0.194484738002998
1280,0.218872620770716
1280,0.217058427527052
1280,0.214520916891095
1280,0.212982331881688
1280,0.229832148012981
1280,0.217235747117673
1280,0.214133792750205
1280,0.212529745451452
1280,0.227151685766043
1280,0.177620263775884
1280,0.21609981601148
1280,0.201353907198422
1280,0.193750161785694
1280,0.211335642281612
1280,0.204991943320975
1280,0.194999238485115
1280,0.207100707146393
1280,0.25199195546231
1360,0.206234624775714
1360,0.219419603389836
1360,0.225008925395925
1360,0.193133442506142
1360,0.176399235361269
1360,0.219693431977335
1360,0.23177391422921
1360,0.21986495143628
1360,0.249972081885773
1360,0.204446260050431
1360,0.191597727782216
1360,0.211056869882957
1360,0.211859070986685
1360,0.207208609965821
1360,0.228710367695699
1360,0.250563322692427
1360,0.22881648385759
1360,0.245430014219745
1360,0.193399582362282
1360,0.249577223154738
1360,0.203937493394097
1360,0.206219754075721
1360,0.198168111712579
1360,0.223497888909574
1360,0.233065579878579
1360,0.178474783751888
1360,0.171781174311143
1360,0.161466844625292
1360,0.23077526301823
1360,0.21137600413427
1360,0.22024508322286
1360,0.214058139129154
1360,0.225427168065344
1360,0.220242256740197
1360,0.213110537868681
1360,0.215933332178045
1360,0.221444922016409
1360,0.166455831095034
1360,0.201108291325349
1360,0.215500389062943
1360,0.217918914190931
1360,0.221591547175888
1360,0.206356775749926
1360,0.214529426082645
1360,0.217160150475725
1360,0.205068040951858
1360,0.210426956285755
1360,0.205422097346363
1360,0.239810131362504
1360,0.180650788619309
1360,0.250671504682944
1360,0.187693877373701
1360,0.206393350939309
1360,0.206106796317464
1360,0.221691045530895
1360,0.229813585985576
1360,0.238356696952619
1360,0.187289129840712
1360,0.220124665348101
1360,0.209692578597326
1360,0.205836208022979
1360,0.199641025690803
1360,0.223716730570028
1360,0.201184712561483
1360,0.216516002641282
1360,0.24692541452836
1360,0.244614078843937
1360,0.216788161112481
1360,0.225723958284754
1360,0.233472604676864
1360,0.199777271100367
1360,0.202302679206697
1360,0.197211607416865
1360,0.192763749389946
1360,0.258862920332854
1360,0.236390623812134
1360,0.201399039642162
1360,0.23797548692409
1360,0.196678733214201
1360,0.24243334752979
1360,0.26676777889216
1360,0.223968928672713
1360,0.21897709476585
1360,0.207620832165145
1360,0.202531997286824
1360,0.2214793732272
1360,0.189434204578487
1360,0.226952387821072
1360,0.201766595156526
1360,0.224536426386033
1360,0.213164909370043
1360,0.223467508835845
1360,0.178964053432767
1360,0.218590819979344
1360,0.222881821436939
1360,0.210426231267378
1360,0.238971875352427
1360,0.219293478910135
1360,0.219844048568454
1360,0.247947859500753
1440,0.212985992409745
1440,0.212284281286023
1440,0.234702390130918
1440,0.20025099168511
1440,0.216809037948278
1440,0.215759219360068
1440,0.195073788401848
1440,0.249647674439833
1440,0.223228148159012
1440,0.189269957805688
1440,0.250436418042203
1440,0.219587291504636
1440,0.225446403036702
1440,0.247903305851278
1440,0.243686772466432
1440,0.212903653815018
1440,0.235988088367716
1440,0.204890074229073
1440,0.196457938697906
1440,0.220393769723385
1440,0.221764934699623
1440,0.253517263977602
1440,0.234369707427465
1440,0.229386340910234
1440,0.196841725855414
1440,0.232811134335305
1440,0.203662759836028
1440,0.238170262345406
1440,0.183167045628835
1440,0.188473596263417
1440,0.214733401749454
1440,0.20442212689495
1440,0.245704376763158
1440,0.244544335592807
1440,0.224755383816198
1440,0.192928523044566
1440,0.187689576833979
1440,0.233914478281959
1440,0.210961998029054
1440,0.205293553280921
1440,0.199355251833368
1440,0.235491891862058
1440,0.17385814177972
1440,0.16130872954364
1440,0.225612969865077
1440,0.210846745483571
1440,0.213928844773015
1440,0.182615238469433
1440,0.212247669659964
1440,0.223744014492867
1440,0.237995709244452
1440,0.210430489031027
1440,0.209114046735478
1440,0.203293826352084
1440,0.218293832965784
1440,0.192813879768214
1440,0.243056999300578
1440,0.227896864114418
1440,0.233864840884983
1440,0.216052621225425
1440,0.23884668862438
1440,0.22107442699602
1440,0.187830774868521
1440,0.257058065765853
1440,0.183177191341409
1440,0.208249301680177
1440,0.211233392831958
1440,0.226562130782555
1440,0.223464123854984
1440,0.208692727448208
1440,0.217722617873565
1440,0.222214846527179
1440,0.213144808124733
1440,0.205933452015545
1440,0.243327559555576
1440,0.232488823673437
1440,0.216646648487953
1440,0.191634077385028
1440,0.193045718146475
1440,0.184684876533374
1440,0.188884100540674
1440,0.198040902025079
1440,0.195334535294866
1440,0.211238825309033
1440,0.234720337514842
1440,0.188545300984461
1440,0.211999088828443
1440,0.196427530477439
1440,0.225635181460534
1440,0.198612318662456
1440,0.228876599745766
1440,0.193688032643751
1440,0.203768229192865
1440,0.235231990970199
1440,0.236933434443549
1440,0.243578463989967
1440,0.25316624630346
1440,0.186940559874992
1440,0.240616060343047
1440,0.225195423367745
