20,0.166185966612229
20,0.0888435095487611
20,0.170389044446206
20,0.226603343227207
20,0.178910829121423
20,0.103891977058928
20,0.242364123425991
20,0.082151619310601
20,0.10612471963575
20,0.163942075628188
20,0.208807713371138
20,0.163956928891461
20,0.0948017940903648
20,0.200640623086358
20,0.0415522217014813
20,0.250755345598518
20,0.269787938301011
20,0.223166964818567
20,0.234416876009232
20,0.121450787123334
20,0.208070780645749
20,0.122391283006359
20,0.0604320548824151
20,0.179715195833301
20,0.201353071876954
20,0.0841938828424076
20,0.284189658962423
20,0.0944608416243622
20,0.0969810096953047
20,0.103631707287828
20,0.258357044987943
20,0.176651777818481
20,0.262838262551849
20,0.253132560450365
20,-0.0720315243354931
20,-0.0729538774511772
20,0.175006811564641
20,0.256633474350375
20,0.110204499558864
20,0.0493994469350445
20,0.224729374354688
20,0.163707829835651
20,0.0638794052182449
20,0.09046908927148
20,0.123212944361248
20,0.192325547350852
20,-0.0105873582053106
20,0.233061684575499
20,0.173673206583252
20,-0.0150337658642489
20,0.19015909385593
20,0.219000192774623
20,0.240454291328738
20,0.255705977427333
20,0.221455926700376
20,0.244383029259984
20,0.232230847385257
20,0.154813787199964
20,0.0679237220639845
20,0.208888524336907
20,-0.117534878813755
20,0.0439205874159932
20,0.174828396974188
20,0.246661656470349
20,0.253048477971754
20,0.176515036671397
20,0.220430199039887
20,0.0863584114506337
20,-0.0203968239313866
20,0.13469389043501
20,-0.0203172065480995
20,-0.00687028784094063
20,0.163575803610321
20,0.236829589454248
20,0.224657804503458
20,0.243977036454869
20,0.0279521962410901
20,0.101984389415682
20,0.143857467707955
20,0.218480613730842
20,0.172355689211208
20,0.213459149856387
20,0.144756883237179
20,0.164412794515203
20,0.190571074296562
20,0.179958979724556
20,0.215897719308345
20,0.154804499728651
20,0.0121588721811831
20,0.0633549777578865
20,0.150691233593159
20,0.236788865935087
20,0.0640482292327663
20,0.135718204138383
20,0.255112091243056
20,0.142056922770695
20,0.167077361604053
20,0.21425844295555
20,0.0665533341295527
20,0.120701371935693
40,0.11725147644673
40,0.173888511294274
40,0.21559692839122
40,0.145147255463434
40,0.20745342223502
40,0.212604767388412
40,0.209928440343305
40,0.233692758906466
40,0.213212466556877
40,0.0479730091202482
40,0.205877607312998
40,0.122289972500492
40,0.0653598624994542
40,0.211365637977267
40,0.181532780017469
40,0.188552074451193
40,0.113142654291207
40,0.169999824822999
40,0.180951159499883
40,0.197085883096872
40,0.268783369316952
40,0.138091909860868
40,0.204041161596698
40,0.174147297371959
40,0.200335344619569
40,0.193454652803751
40,0.238547232985097
40,0.146766966629739
40,0.172754899211983
40,0.0535830817663515
40,0.190469704319854
40,0.271790203385096
40,0.223699915796352
40,0.106935722326177
40,0.19107096920133
40,0.167326672423743
40,0.220575015972411
40,0.259813497224053
40,0.0781046666076214
40,0.110651634709364
40,0.211084976180851
40,0.253287318156437
40,0.165215651436106
40,0.164562494713415
40,0.187003071820011
40,0.25091880931999
40,0.15019845333567
40,0.183873112957372
40,0.24333135987921
40,0.264986596121414
40,0.123166067936742
40,0.215314772806036
40,0.21695280765371
40,0.138611049371968
40,0.117945169821423
40,0.222340824627927
40,0.164164652210367
40,0.212653795965604
40,0.170412172303775
40,0.185714233658709
40,0.0989577054039126
40,0.213064508050629
40,0.0931756267099359
40,0.214836050538235
40,0.224453058602668
40,-0.0223906312822348
40,0.070302748833415
40,0.223186751602188
40,0.187626997812496
40,0.0432090210010642
40,0.204407803460425
40,0.151027512130823
40,0.185859279364481
40,0.179776359292918
40,0.0454237555597337
40,0.262481730317348
40,0.160814563673142
40,0.159649127676317
40,0.122904087880412
40,0.229722449359022
40,0.202188634076686
40,-0.00252537555284928
40,0.157764412247106
40,0.140034006102327
40,0.252075440700022
40,0.13337430528677
40,0.202372234334998
40,0.254725556968704
40,0.175912193021714
40,0.111916786101403
40,0.0805745898661811
40,0.0723660431751074
40,0.148342003645687
40,0.157543760343758
40,0.187836669510036
40,0.0902152217264371
40,0.0594361498944849
40,0.180182114999492
40,0.129756893215479
40,0.232444585915248
60,0.155441906689382
60,0.247883546405229
60,0.226856130305395
60,0.14075830029316
60,0.184214632096859
60,0.233611761573211
60,0.214085218777922
60,0.244865244328663
60,0.119333637642908
60,0.247908787263556
60,0.228357489797674
60,0.139744462993324
60,0.152533428419306
60,0.17515005964792
60,0.0421524087914448
60,0.301904973229298
60,0.101679690265522
60,0.22525524504999
60,0.181451456791035
60,0.096728525268923
60,0.165114196737157
60,0.164736829323623
60,0.157115301751047
60,0.189019424966281
60,0.209441309655552
60,0.160053959900011
60,0.19462495960913
60,0.182656561229809
60,0.129147279755794
60,0.000858720513890911
60,0.166216759059809
60,0.215828322343294
60,0.154567563774632
60,0.179195131464063
60,0.230948201660282
60,0.2844221747835
60,0.190348765534747
60,0.208281902090618
60,0.217151719496338
60,0.241343746041396
60,0.225339759703832
60,0.165559467888233
60,0.12942289233873
60,0.100495840936683
60,0.249618624770566
60,0.202311948656839
60,0.203165003740613
60,0.218676348465905
60,0.0628296444201514
60,0.186098820854079
60,0.13108346330009
60,0.218606488422246
60,0.150629627560868
60,0.152829089399874
60,0.0570881396457367
60,0.193978173520438
60,0.222154322003618
60,0.240801279934824
60,0.0958499705903989
60,0.212974915613989
60,0.197676283458167
60,0.12582884189983
60,0.121796887334845
60,0.237357363775942
60,0.252663616244022
60,0.255406394415322
60,0.0875201987429359
60,0.0247024396186717
60,0.207698688348739
60,0.177535705323272
60,0.198759050215708
60,0.165125740528066
60,0.134183245255368
60,0.232335958508115
60,0.156329965237529
60,0.205571679397073
60,0.155733682587819
60,0.23300855533929
60,0.255850871114526
60,0.207042694863313
60,0.189534845653696
60,0.169264216001705
60,0.0460365282855423
60,0.200815984908966
60,0.112800831412184
60,0.164157460600928
60,0.0963819838547119
60,0.162222269899932
60,0.113189829211425
60,0.232532044693925
60,0.157204445526053
60,0.146113562489712
60,0.166761816826718
60,0.193271618166906
60,0.116398176502655
60,0.153565669906307
60,0.213083031563018
60,0.137616606333293
60,0.158136716370878
60,0.186685025200984
80,0.147524511150185
80,0.2005949831849
80,0.168721391515369
80,0.192756024980154
80,0.194824107325542
80,0.230421422800553
80,0.229801115278619
80,0.159641088887539
80,0.107914493280526
80,0.137510453947295
80,0.13920993700292
80,0.154700777853614
80,0.194136560198837
80,0.23272513556866
80,0.215277857519361
80,0.173186669033019
80,0.146351105049362
80,0.289380651029544
80,0.209284176532931
80,0.220864637269
80,0.180572841825178
80,0.104099605614968
80,0.250759169933409
80,0.190880478329053
80,0.197909873287046
80,0.123032683749841
80,0.106134439846333
80,0.226374772117782
80,0.193676518996922
80,0.187504058860774
80,0.178536793917115
80,0.216994275234119
80,0.275147676189269
80,0.173589745915969
80,0.206019432595437
80,0.239235268072753
80,0.209880033506619
80,0.220684193948331
80,0.199608429750494
80,0.243075817824286
80,0.119987427929844
80,0.240887276634222
80,0.041830871884624
80,0.0833916248815487
80,0.109707977140986
80,0.100841663641552
80,0.136293442777262
80,0.198277162363866
80,0.123750114742095
80,0.127317253191283
80,0.126023972821768
80,0.228293333745983
80,0.180157644867901
80,0.19407150074887
80,0.158178247296401
80,0.226314769295212
80,0.263923977001147
80,0.185195707847758
80,0.167156151607856
80,0.195120758699335
80,0.183962107365111
80,0.221760221056799
80,0.2130469131451
80,0.121220031676995
80,0.222290851369029
80,0.244331112315159
80,0.147538498988194
80,0.193810364371371
80,0.226188273169962
80,0.144286456202942
80,0.174175719199386
80,0.202097809808818
80,0.224287787018843
80,0.0113218812532142
80,0.188569022115921
80,0.182180648784115
80,0.195609282646184
80,0.229639479809794
80,0.165484465313354
80,0.223099523899128
80,0.187815332868164
80,0.200006139238278
80,0.197408684445145
80,0.245176504147308
80,0.167123902068148
80,0.165185710381349
80,0.227278122525601
80,0.231031496532547
80,0.223869473740033
80,0.203337721427648
80,0.221044237503035
80,0.212414720722552
80,0.157484326788392
80,0.256521134514354
80,0.211722277097109
80,0.12917625295469
80,0.222742803992928
80,0.196099976726197
80,0.161116874357229
80,0.114069112621859
100,0.177300352417697
100,0.181893524720406
100,0.224491723920191
100,0.186722934658906
100,0.196712909844013
100,0.209747499961316
100,0.176408467675651
100,0.204545026734459
100,0.231278402278408
100,0.16138515861644
100,0.165848823198468
100,0.180293965561656
100,0.183159184918003
100,0.200741564064595
100,0.267489351699514
100,0.215725772977185
100,0.151596376728713
100,0.244128699018953
100,0.214686571965425
100,0.156071670852766
100,0.17799526677619
100,0.132569120873647
100,0.230177358172937
100,0.197327512544115
100,0.199552210050509
100,0.227532032474612
100,0.23302919142668
100,0.135120445826848
100,0.251215574804618
100,0.201977696730665
100,0.21541341742511
100,0.183029039923697
100,0.166439366908927
100,0.253158241572883
100,0.168574294657299
100,0.263639575410418
100,0.190381341970858
100,0.177344842220721
100,0.219464527273181
100,0.14036988480728
100,0.129677830689854
100,0.203406073331181
100,0.215052630995142
100,0.155657788343122
100,0.243274637113252
100,0.280191737940345
100,0.138146133006421
100,0.185429209349784
100,0.25491685661862
100,0.190187929413736
100,0.1593671444272
100,0.207331592471754
100,0.184268251930585
100,0.251301981546241
100,0.230161779317427
100,0.182228950352356
100,0.242149964597409
100,0.252858758098009
100,0.210956126475946
100,0.229049895782945
100,0.275410605775144
100,0.216929340441405
100,0.206499079325986
100,0.230776323591026
100,0.193844944237637
100,0.176502903180238
100,0.225035251596834
100,0.187012831192572
100,0.193443700650691
100,0.20612722401193
100,0.236974939519598
100,0.204080999876768
100,0.221686563652154
100,0.270407061330958
100,0.174584561737488
100,0.195948048569559
100,0.160673548325557
100,0.250772881375083
100,0.181995766000348
100,0.159040217861233
100,0.21278570575702
100,0.291748191327218
100,0.199571949297831
100,0.168432169255584
100,0.20468767198868
100,0.246724957508275
100,0.22028776915564
100,0.227542319481007
100,0.133560208233362
100,0.209563380761518
100,0.182106970532924
100,0.212883964369638
100,0.186344175860333
100,0.242287605734466
100,0.206526013656669
100,0.238056171281611
100,0.174282363364509
100,0.193485110930211
100,0.212054498854809
100,0.260719041624047
120,0.215558999427097
120,0.212199967695172
120,0.30077899232361
120,0.209310446228021
120,0.275356523087302
120,0.236524436190926
120,0.248158647713173
120,0.248173088666984
120,0.173609423645158
120,0.219212520837211
120,0.219075307312982
120,0.204027987593847
120,0.226886235159289
120,0.190028493621758
120,0.250383163202984
120,0.188908863271011
120,0.217071138379317
120,0.223875731028078
120,0.288828595719656
120,0.221215506079245
120,0.231457384751895
120,0.207207728721101
120,0.280633290604926
120,0.207222247404385
120,0.249743335487497
120,0.231123380071307
120,0.17129968408498
120,0.280746503131959
120,0.207218576491131
120,0.188942670349354
120,0.312410697502203
120,0.251828435557294
120,0.195660587355813
120,0.178886933520157
120,0.243116983292578
120,0.140915855818313
120,0.237794069867731
120,0.214027735683022
120,0.182454246746512
120,0.170985804835028
120,0.245394223526111
120,0.208949054012011
120,0.274678739129149
120,0.253401645352175
120,0.280007306406971
120,0.203963684152069
120,0.193246640626159
120,0.248860407060343
120,0.211523926224471
120,0.194039882423498
120,0.242377135489269
120,0.141824795239732
120,0.202295293597967
120,0.176851585523366
120,0.225196644704804
120,0.289477943035835
120,0.202742163420299
120,0.295031523113395
120,0.195377028778585
120,0.283055926514909
120,0.193398570044648
120,0.177751923120786
120,0.216497484362071
120,0.239139736107908
120,0.251982315331467
120,0.209649315327771
120,0.223682310304799
120,0.213303120105767
120,0.166883570479317
120,0.192327536975301
120,0.276330317296701
120,0.222121152734758
120,0.0797816562742345
120,0.107805602811032
120,0.235344754210981
120,0.181441277136745
120,0.179701045178592
120,0.21285967001375
120,0.166031510585063
120,0.224900467512189
120,0.230571519846033
120,0.242836085072722
120,0.210279189407069
120,0.242571973952459
120,0.266576849679982
120,0.151181973347522
120,0.181155971475183
120,0.253671211048451
120,0.175717836567624
120,0.242711185527347
120,0.162098523060769
120,0.191261774020402
120,0.233283441848922
120,0.226228384182117
120,0.202983206887731
120,0.158150782495106
120,0.151851388930803
120,0.225065135909878
120,0.278680685647573
120,0.192308812917777
140,0.239478870602649
140,0.236043833693862
140,0.213776783838772
140,0.22049023316501
140,0.246549764119853
140,0.222439508274817
140,0.265876325588857
140,0.253911284993537
140,0.237424361694264
140,0.237192255227585
140,0.194423007182953
140,0.198298540131668
140,0.211247718164592
140,0.220245100634422
140,0.194574764429471
140,0.210323535141353
140,0.210177422599118
140,0.185912509287636
140,0.285584616518642
140,0.114059448746287
140,0.207255308802243
140,0.238477391419157
140,0.221036329237879
140,0.215074559395093
140,0.238815470387755
140,0.263322564492817
140,0.130723890284927
140,0.261148756671866
140,0.229105442963898
140,0.236278317066492
140,0.239122961075826
140,0.216473618762271
140,0.289573083705667
140,0.205862804565082
140,0.201467474892609
140,0.182414448439143
140,0.220398171921164
140,0.212576600566263
140,0.205164239054105
140,0.242655609357037
140,0.228233280964751
140,0.277252678967945
140,0.249602590519586
140,0.286165369155899
140,0.219005325171579
140,0.243961385121992
140,0.276920222336451
140,0.196242059563551
140,0.157318503267521
140,0.213087906058777
140,0.157337832041631
140,0.242594903863386
140,0.282637190753252
140,0.233940480962595
140,0.235727376191931
140,0.22908643354751
140,0.155631742590663
140,0.156742314657388
140,0.200867192909971
140,0.24970799815248
140,0.241133667835862
140,0.246201887496098
140,0.235777423481938
140,0.242293853407473
140,0.240329838983368
140,0.191146428891068
140,0.269808407949913
140,0.140369284541888
140,0.173234386552403
140,0.218412425245068
140,0.225354466089376
140,0.210645263723874
140,0.196136813875252
140,0.218577109928225
140,0.224581970131646
140,0.122992976625613
140,0.203708839273216
140,0.14636597391401
140,0.251344017077218
140,0.284750345241726
140,0.259588442952305
140,0.258912457751472
140,0.241252777412818
140,0.20233453436119
140,0.19439111502529
140,0.228273352249461
140,0.210887934859704
140,0.273378907991908
140,0.225088730273668
140,0.211299976123794
140,0.22749026610464
140,0.305291254767574
140,0.252004405296007
140,0.229793324174313
140,0.198228659426869
140,0.227926454693479
140,0.236324626606181
140,0.250629229398542
140,0.217875087715793
140,0.183298304115279
160,0.29156727960996
160,0.217926617758907
160,0.170722292372789
160,0.162727277334826
160,0.264934823460969
160,0.154855888518957
160,0.183549202739543
160,0.246990854304446
160,0.234163671450854
160,0.276174482943606
160,0.183428183304716
160,0.232059989795262
160,0.088545533964066
160,0.252290030795825
160,0.225257278934888
160,0.258158983614846
160,0.141818335653301
160,0.272382556706539
160,0.173261328073062
160,0.182032154023988
160,0.209293990257694
160,0.190585541597742
160,0.236641624194077
160,0.2409537594468
160,0.22457779931631
160,0.190895810693615
160,0.325531610108936
160,0.268206050486771
160,0.170555705223237
160,0.248270003326094
160,0.225421983311525
160,0.256471744787107
160,0.240817824798615
160,0.17761216489679
160,0.221193377080964
160,0.185157474147511
160,0.18006970678464
160,0.229069192557631
160,0.233065185318807
160,0.222319692513565
160,0.137110320610968
160,0.264960476450483
160,0.220438677355797
160,0.262777282012737
160,0.22286110805198
160,0.286377759974817
160,0.228124410838362
160,0.200368050693053
160,0.195721308980713
160,0.190411038673969
160,0.206961869071721
160,0.226202213358341
160,0.272612497891303
160,0.255704476497278
160,0.193932907659438
160,0.253015185620858
160,0.181542313495483
160,0.261110375182224
160,0.221508549081155
160,0.237763541562428
160,0.160304433882587
160,0.223448803133963
160,0.230859662641538
160,0.242658015618942
160,0.243818914440365
160,0.272594873892946
160,0.159754944541613
160,0.307184725312899
160,0.290873418122164
160,0.263981773943756
160,0.2567494203315
160,0.237495672584622
160,0.221825765996685
160,0.290675882304858
160,0.205671291652876
160,0.20079867106301
160,0.243935857839665
160,0.244776617369365
160,0.283897396204784
160,0.209486550718924
160,0.255279488327328
160,0.254041717720884
160,0.233257300398771
160,0.20996930515212
160,0.139158243004797
160,0.194003927429715
160,0.274829831073636
160,0.278511847522138
160,0.219298510398528
160,0.114441439418116
160,0.238227859610789
160,0.258570908150089
160,0.273466862807217
160,0.271129543799376
160,0.260996664474385
160,0.270238330953344
160,0.27308209827983
160,0.193216410253944
160,0.275375507232764
160,0.252087152676895
180,0.264584553371372
180,0.233354700481252
180,0.262873859734861
180,0.226473868836132
180,0.2376075214187
180,0.265786307926373
180,0.172267090435458
180,0.225414576156629
180,0.21648422682966
180,0.12337873102996
180,0.208071551773324
180,0.185056650108997
180,0.262777526726475
180,0.194170373618391
180,0.297519582647748
180,0.226326264524489
180,0.26853924898417
180,0.304228044798933
180,0.23004581764287
180,0.251247625349879
180,0.259205597663234
180,0.262600217181079
180,0.268614587686721
180,0.210795005218694
180,0.255084109068963
180,0.208687804809589
180,0.262832083258758
180,0.206313062053009
180,0.211936342401109
180,0.223970390839862
180,0.234775775885291
180,0.257284441471991
180,0.176496863799199
180,0.208806095504139
180,0.274119648404915
180,0.254174244893148
180,0.236621286453148
180,0.257073882326253
180,0.268627347758274
180,0.204723091439084
180,0.235613349202193
180,0.213258471268188
180,0.280608060474477
180,0.255282428356059
180,0.223856339937796
180,0.18287651406965
180,0.259471390344526
180,0.220901201255721
180,0.246526507385484
180,0.185971109851288
180,0.170984641512335
180,0.189947377275598
180,0.225775862205328
180,0.256842583338857
180,0.285506538173361
180,0.258710062241172
180,0.235647911621023
180,0.192245690582203
180,0.25618484075358
180,0.214363591389424
180,0.245534067438268
180,0.257359505971199
180,0.264391638738203
180,0.201231387571268
180,0.224985067978868
180,0.216112036366782
180,0.287356558084899
180,0.280597732634743
180,0.245150181140205
180,0.152576952990206
180,0.259395845047443
180,0.251152476810756
180,0.242082965669275
180,0.232717745433975
180,0.299813158835047
180,0.239711594382245
180,0.243548442794475
180,0.224499823542967
180,0.210492967389007
180,0.195635548610393
180,0.247085453312197
180,0.237275828802607
180,0.196607412751011
180,0.266606509665058
180,0.27389923858962
180,0.20817076575517
180,0.250403034536541
180,0.164937802499261
180,0.234548642657405
180,0.218319693905894
180,0.258476680955265
180,0.211859085247489
180,0.265777467987745
180,0.265283532357936
180,0.292938252351738
180,0.202547236610837
180,0.183886902028658
180,0.225734980800141
180,0.293533710201801
180,0.201041099356299
200,0.249358171497793
200,0.225709131299494
200,0.25420890207476
200,0.227622388676164
200,0.275413348492198
200,0.294500833028565
200,0.300867243935044
200,0.231599391882495
200,0.199148552776892
200,0.157507745053451
200,0.284173565341168
200,0.187754600593364
200,0.237150222152613
200,0.233640349411545
200,0.305402667632263
200,0.228717733739222
200,0.270356388746764
200,0.248214108601424
200,0.248642960664105
200,0.308712124925498
200,0.25102481568778
200,0.207782936679756
200,0.189919151509872
200,0.218727117082107
200,0.217497199886298
200,0.208849308496196
200,0.267226257184003
200,0.204959238205051
200,0.178616186537116
200,0.15899856935162
200,0.186188709405932
200,0.236360697232106
200,0.242439634292502
200,0.203114127958582
200,0.257554798515203
200,0.239442565286127
200,0.311336009481065
200,0.203093776618591
200,0.23883696030441
200,0.281319909714842
200,0.210807557052517
200,0.249520865771606
200,0.250140907405806
200,0.285887751960021
200,0.242704137156625
200,0.236512643852469
200,0.223815594809735
200,0.26636157634367
200,0.203391741352036
200,0.285622009701845
200,0.184681544800147
200,0.211910071144754
200,0.24640906417839
200,0.237966035997986
200,0.246149939419855
200,0.239136175901758
200,0.326213021087192
200,0.241399363007559
200,0.26322677747238
200,0.295266793683078
200,0.239740521987381
200,0.212729877479848
200,0.173794648501193
200,0.217447901995273
200,0.265874942350815
200,0.202992447154846
200,0.273413795676397
200,0.249991571770026
200,0.263079669441577
200,0.230253979601183
200,0.280728213171867
200,0.137328518163234
200,0.315292389109163
200,0.243755583313312
200,0.19065099025289
200,0.294491119280135
200,0.242243354055453
200,0.257308539299986
200,0.266966871261648
200,0.266719553442479
200,0.243972268945763
200,0.221050879839414
200,0.243463754282649
200,0.28735556387976
200,0.22874984031355
200,0.227789937719707
200,0.235676884934671
200,0.203976738269933
200,0.297138418202937
200,0.242953325578796
200,0.208541096199681
200,0.201715732318899
200,0.191516679771585
200,0.260569711713254
200,0.258921833024067
200,0.243783631287178
200,0.232102951956793
200,0.23612179918512
200,0.24975518866796
200,0.253528839791137
220,0.19955732546207
220,0.208149326317391
220,0.225283601825828
220,0.267617972474595
220,0.234929698231891
220,0.221872750853566
220,0.185177434216708
220,0.225688308223589
220,0.26049797613883
220,0.103205628929818
220,0.253288693898082
220,0.231860783924202
220,0.26319036292546
220,0.290834283928917
220,0.224059521497364
220,0.228148299785502
220,0.240288551279302
220,0.163211132085661
220,0.245999435073068
220,0.256809166086643
220,0.268025090848136
220,0.199496444714854
220,0.254435237149194
220,0.22611389287382
220,0.210251326157929
220,0.266009384073514
220,0.130192966409382
220,0.199950766427687
220,0.272707083109223
220,0.231667431262526
220,0.264868037938576
220,0.251992294091364
220,0.217489350677731
220,0.208989066916784
220,0.206866526412843
220,0.311930086728333
220,0.228818651133096
220,0.172683682235789
220,0.243747298238407
220,0.268219289904466
220,0.252993330099022
220,0.212089589393066
220,0.247850889688929
220,0.264664264257994
220,0.280057995279061
220,0.245231150471952
220,0.170563947082046
220,0.195818745440694
220,0.221202870981816
220,0.24871725707489
220,0.23396841059633
220,0.235356194820202
220,0.258504277516825
220,0.26687110537046
220,0.231524314767576
220,0.284736930086192
220,0.236901819917245
220,0.27755445216435
220,0.221899695163
220,0.212094068197502
220,0.244847535434866
220,0.270151200048807
220,0.268929976395586
220,0.289359994030159
220,0.228386449639733
220,0.282527803481848
220,0.230283680959902
220,0.286377762711284
220,0.288633116086085
220,0.278902573007652
220,0.269491085484954
220,0.239379086682903
220,0.265871574532108
220,0.24292511278543
220,0.277344056771153
220,0.211708806073805
220,0.158287519524048
220,0.242587096634021
220,0.241256131645837
220,0.24505435356166
220,0.271818848099229
220,0.26487874743947
220,0.212174992384853
220,0.252346615293363
220,0.186229724376917
220,0.267555227971503
220,0.289257450469745
220,0.254389218747006
220,0.186090463841854
220,0.226232993295583
220,0.265464698284234
220,0.294353131575015
220,0.235841138643804
220,0.26468084565875
220,0.237390528641503
220,0.294769435184438
220,0.271769886700272
220,0.251413131038786
220,0.293721382111651
220,0.278575622817976
240,0.27152579578772
240,0.272377991926353
240,0.288170085816188
240,0.171513902202279
240,0.194658243916719
240,0.197429762252915
240,0.311002126999145
240,0.2268535649255
240,0.220883105232985
240,0.297607359232972
240,0.247103808439574
240,0.24962892717062
240,0.260229677422861
240,0.221834755358579
240,0.249436903698462
240,0.22939654117417
240,0.230049279433968
240,0.247681907769564
240,0.297639314258449
240,0.247190261086548
240,0.277339405452454
240,0.140620799954491
240,0.217644788429043
240,0.247410429948201
240,0.333500095560855
240,0.218218834829612
240,0.257808348044226
240,0.277179733100571
240,0.225915714806091
240,0.244532528111805
240,0.266160546065398
240,0.297431823563348
240,0.313425109079794
240,0.215009561440879
240,0.226371094335832
240,0.289403136891115
240,0.238534020338724
240,0.282069734919645
240,0.284867480296182
240,0.253823642867561
240,0.239376846918938
240,0.237081046807971
240,0.242749999020799
240,0.258904525514417
240,0.170887626191938
240,0.213523039404366
240,0.263106742794141
240,0.273225117130252
240,0.321453363342897
240,0.27686353841369
240,0.282417757074586
240,0.233262620949695
240,0.266780022958719
240,0.249885934617315
240,0.199566908999127
240,0.265154597052499
240,0.286560643559892
240,0.258162007297021
240,0.220263875010864
240,0.31669684564254
240,0.239238425963546
240,0.272058735239323
240,0.275854890746609
240,0.231689769964533
240,0.266980039863649
240,0.249828546682413
240,0.216493953983327
240,0.279542776380791
240,0.288944532017573
240,0.228632068288181
240,0.249278430587787
240,0.234927357542421
240,0.245134690830315
240,0.2382434734143
240,0.230057369256975
240,0.214815084365988
240,0.25309737068101
240,0.226324367407958
240,0.269997040650658
240,0.265112323878009
240,0.206316268672304
240,0.23995287685196
240,0.236059096320678
240,0.249571014983016
240,0.256233105790988
240,0.264456287956289
240,0.223629651073661
240,0.251266334943398
240,0.25225936876365
240,0.279279821663102
240,0.236788365063294
240,0.248803720704113
240,0.190841438106871
240,0.150621871586775
240,0.214178294370268
240,0.242057843469668
240,0.205315564126443
240,0.207789785918433
240,0.118080646718892
240,0.20416043226461
260,0.217496547241509
260,0.286331727980638
260,0.253417870857768
260,0.274686398801392
260,0.203172241956422
260,0.309538227539453
260,0.221147050386767
260,0.286016540154372
260,0.237888168110131
260,0.260981802978112
260,0.280440534434937
260,0.213506081229334
260,0.238046811853851
260,0.161313168611924
260,0.211736944386516
260,0.228804259411801
260,0.267243809157204
260,0.211739262291851
260,0.28353738063158
260,0.241676823175556
260,0.198712129425798
260,0.227640120923305
260,0.221988507374831
260,0.284022137814141
260,0.288063366029756
260,0.240025974797932
260,0.295554157854673
260,0.283341680321485
260,0.317999535632017
260,0.239276549635011
260,0.262045039494114
260,0.212763120324049
260,0.19315913241742
260,0.23114661521622
260,0.271825309550137
260,0.239547534679836
260,0.266372203120745
260,0.251352743149855
260,0.246002714126585
260,0.180211701287242
260,0.233442920963973
260,0.247036151030069
260,0.249803022322734
260,0.248252584505061
260,0.237510392938491
260,0.264801005512
260,0.170353515445527
260,0.25299509497656
260,0.276826135227209
260,0.261206024590597
260,0.22636543431764
260,0.302189987439097
260,0.181078970018755
260,0.220429662315795
260,0.264229179590954
260,0.285731703492033
260,0.243137697512912
260,0.186036810631022
260,0.271137340506312
260,0.277564040144955
260,0.245238906700988
260,0.241952933719043
260,0.254608215814211
260,0.195644448663968
260,0.269175222942312
260,0.165197435865289
260,0.241182733236724
260,0.28116538040662
260,0.141556101252997
260,0.25662684856089
260,0.204218843603946
260,0.236514382305572
260,0.277196019985906
260,0.272023582370867
260,0.220503888490981
260,0.257781096952678
260,0.234564820494359
260,0.286515470308118
260,0.252037229693204
260,0.227304061152546
260,0.269711829139928
260,0.249135563666708
260,0.237054873769918
260,0.28809947219997
260,0.253194664467761
260,0.230552609841217
260,0.301950929465881
260,0.163068870112562
260,0.230520160724846
260,0.274213756009482
260,0.253170781174184
260,0.280797310744358
260,0.269747021388784
260,0.256774419809904
260,0.221745195824547
260,0.208904995312415
260,0.237596756663141
260,0.265390474279318
260,0.229752922111994
260,0.249553236460196
280,0.267080837547747
280,0.224946865483118
280,0.243363088042617
280,0.232426874359369
280,0.277806253926863
280,0.251841375190198
280,0.277083455873255
280,0.232711359742221
280,0.274075536385459
280,0.241127830939124
280,0.254458078423645
280,0.232867436306683
280,0.230617055681729
280,0.288917322906605
280,0.26594227550624
280,0.245484484699405
280,0.259621007207042
280,0.206864163824785
280,0.295197064357596
280,0.284643720974448
280,0.209368515736036
280,0.253648000876261
280,0.274460635653011
280,0.301302092527998
280,0.288480069775355
280,0.189715610048626
280,0.242258229565171
280,0.258960097685858
280,0.241952177139003
280,0.263570877185647
280,0.211177174310235
280,0.268126318195906
280,0.228530713213589
280,0.265328688535288
280,0.276663334379058
280,0.270950078160246
280,0.273003193290941
280,0.295325408797515
280,0.261171023708198
280,0.284664326484671
280,0.218245461548946
280,0.220311830286867
280,0.235244323282762
280,0.309795111563241
280,0.261211184216298
280,0.22685268542138
280,0.249038327179569
280,0.254551719650902
280,0.213933117816619
280,0.262055508847525
280,0.19491164464074
280,0.287278298226802
280,0.279696085053285
280,0.278557408003985
280,0.265964957664642
280,0.26565392688922
280,0.294848394955985
280,0.187695765565747
280,0.255856816653158
280,0.234329359458176
280,0.29831200761255
280,0.230841109987506
280,0.271957614080501
280,0.250745595991749
280,0.217466406040093
280,0.270888143911218
280,0.233748161626977
280,0.229997670207106
280,0.323022995010863
280,0.262533514496109
280,0.257205817584953
280,0.225980888034766
280,0.220027700441859
280,0.326622106716271
280,0.17844521115201
280,0.247815184650451
280,0.271802956566698
280,0.20435236719731
280,0.269852823049673
280,0.242887790331428
280,0.254624165392962
280,0.287728754789214
280,0.224159060306484
280,0.219372632349098
280,0.276144375612297
280,0.23846398770448
280,0.277000403753645
280,0.288414959619717
280,0.293604800379774
280,0.229723078593448
280,0.266083172029318
280,0.228740923961925
280,0.289622127107551
280,0.270123255396262
280,0.290054269790123
280,0.317417869802688
280,0.274028581942727
280,0.200341880726504
280,0.28858868488721
280,0.238943625992183
300,0.233089183491285
300,0.248231502686606
300,0.23775522113261
300,0.279832014395017
300,0.252785316468805
300,0.269346404210888
300,0.244778689570315
300,0.270035004950871
300,0.279464975245646
300,0.242351162600269
300,0.227653804168907
300,0.272328471248011
300,0.297677546461961
300,0.313525188691396
300,0.22147447045313
300,0.238228838019514
300,0.239566980370329
300,0.248263373793093
300,0.215435676661512
300,0.31342337133659
300,0.257335558369511
300,0.252367080815033
300,0.278853679834572
300,0.260938787801654
300,0.224747304562376
300,0.247032282471303
300,0.260793179499088
300,0.217722642233681
300,0.275351455443915
300,0.249948582275235
300,0.295914723004686
300,0.297834441209447
300,0.243953647667484
300,0.261029904407676
300,0.23679486945279
300,0.205643697833472
300,0.215286815015393
300,0.249849694425491
300,0.216587326835547
300,0.277069986658023
300,0.262550686927617
300,0.293504255601527
300,0.28305305156524
300,0.214568001954054
300,0.261047299932072
300,0.230006884666368
300,0.253056051589033
300,0.224772603802404
300,0.260622446982279
300,0.206391648124721
300,0.301018572839182
300,0.241435365183312
300,0.216747742473317
300,0.264071967569835
300,0.277822727670676
300,0.212297035373679
300,0.249504842309121
300,0.254654588698271
300,0.229729033463377
300,0.270062109564825
300,0.268228692226195
300,0.208405240731497
300,0.272036037659583
300,0.300381501275487
300,0.226735710483469
300,0.237933472749969
300,0.272228354243001
300,0.285856136896663
300,0.31535586201124
300,0.237156985099345
300,0.228703421484192
300,0.242653560144179
300,0.269848283608974
300,0.241620636129475
300,0.247300503811685
300,0.223670647368131
300,0.232153235214044
300,0.227839857707775
300,0.262530268149449
300,0.27266542321859
300,0.267574116761711
300,0.277098206512426
300,0.20190613600115
300,0.257420299813854
300,0.294175948385127
300,0.271944380235217
300,0.205403186415018
300,0.248098531394936
300,0.278617609321571
300,0.25417527971504
300,0.227444358261688
300,0.233551194615457
300,0.23800648236597
300,0.259102138169585
300,0.225087894029574
300,0.241995040396295
300,0.208518625892264
300,0.27678898624788
300,0.295506681663527
300,0.213036520219828
320,0.287974681081717
320,0.243655619874242
320,0.247212999218514
320,0.292979530109183
320,0.278220183958442
320,0.236084096911124
320,0.255761223268839
320,0.199215859733344
320,0.283970322578419
320,0.225886586793644
320,0.189263470923623
320,0.235690148066753
320,0.27229149094528
320,0.296268899079216
320,0.233081132178204
320,0.254657549404148
320,0.270823076076649
320,0.284146187291089
320,0.273312763685117
320,0.241812303606062
320,0.227126183253567
320,0.285230345780524
320,0.310758691507056
320,0.283243339684937
320,0.254531202575132
320,0.245428803102869
320,0.273005489660194
320,0.175034521975521
320,0.255320491386895
320,0.290240836120676
320,0.283919231907748
320,0.199448279756887
320,0.194176171156982
320,0.275487583091316
320,0.239199920077468
320,0.283876060863425
320,0.253743822693568
320,0.226285342236539
320,0.240495532043259
320,0.259560412851032
320,0.253664343312588
320,0.276854587309482
320,0.308819779037777
320,0.280555789285046
320,0.21453968203842
320,0.185989816777247
320,0.269078204897321
320,0.269397258738965
320,0.24894657049151
320,0.243571200798981
320,0.267461689401568
320,0.271013244915005
320,0.293597967454759
320,0.329871381884318
320,0.277063431559521
320,0.1931385895841
320,0.243097079810698
320,0.285412388784426
320,0.221316340162776
320,0.194834600647775
320,0.21858392023071
320,0.274264466931296
320,0.230998484669093
320,0.256545847030051
320,0.293619549946649
320,0.231270456320964
320,0.302947834227337
320,0.246750447536276
320,0.249980945310288
320,0.240726608341688
320,0.247586634046393
320,0.230028213299452
320,0.234126230761605
320,0.251694958825869
320,0.199683379685566
320,0.265999188563108
320,0.270479007457591
320,0.235319658632189
320,0.270680502254629
320,0.195032437740652
320,0.278660199284551
320,0.26009689043231
320,0.269981875116051
320,0.231885467192269
320,0.25138902341307
320,0.233025536967212
320,0.221689840988889
320,0.263262146616552
320,0.274290977155084
320,0.291552061643135
320,0.252517591874171
320,0.262089643785307
320,0.269746599524935
320,0.263790230187865
320,0.239413536193966
320,0.211899766634379
320,0.235699470632403
320,0.218664970417512
320,0.236829833631199
320,0.246443753872905
400,0.288985317861418
400,0.243093998125265
400,0.270183337783674
400,0.247159950633155
400,0.313639649570504
400,0.291348065464278
400,0.253204801193384
400,0.279923116291888
400,0.285034499014655
400,0.247065856477775
400,0.281546417494527
400,0.296915284855887
400,0.212398088952881
400,0.268572981729773
400,0.294191113010181
400,0.292432875152424
400,0.261390442280386
400,0.285664134225748
400,0.237262509040812
400,0.273866851017678
400,0.238360844266036
400,0.225693781236924
400,0.258599130605922
400,0.277644968075625
400,0.281611011418706
400,0.252537962866751
400,0.265714052113283
400,0.243785190489141
400,0.261300548846269
400,0.276721917816844
400,0.283160767911267
400,0.251615283864523
400,0.271514790840507
400,0.250585991883667
400,0.278563187184095
400,0.235820794770767
400,0.312326667309298
400,0.287756232174074
400,0.266766355722766
400,0.277194860091736
400,0.282279422911725
400,0.249684031840908
400,0.246927261003703
400,0.248390040934951
400,0.30289604956798
400,0.279224931806812
400,0.273295068691129
400,0.263177606036573
400,0.284288263032135
400,0.264237529660451
400,0.231767017818553
400,0.278133960027258
400,0.31364090703624
400,0.263468173456716
400,0.247386154711567
400,0.267984097008573
400,0.261821435173151
400,0.242202619785925
400,0.219058563686976
400,0.242467523890241
400,0.211738196540387
400,0.249830121435396
400,0.279642490396539
400,0.304811315461905
400,0.290705318381925
400,0.234424709305219
400,0.252465408794571
400,0.308368207896087
400,0.216165107323121
400,0.257277244631256
400,0.264078655623104
400,0.316960303952831
400,0.239459875646498
400,0.237740517093096
400,0.309071468745087
400,0.240564864001165
400,0.280583364618282
400,0.273258094662038
400,0.210599074202927
400,0.193323457542813
400,0.27730049200143
400,0.293323917119026
400,0.268997573339827
400,0.222439092057966
400,0.238254594577529
400,0.268060725767224
400,0.295176949436948
400,0.314761893994189
400,0.322954388654472
400,0.26533292018204
400,0.247239982090698
400,0.262311105104933
400,0.22699856549833
400,0.265653023999176
400,0.251375112134985
400,0.280461286139623
400,0.249972531433695
400,0.27723805208046
400,0.223682632953836
400,0.293230429118251
480,0.25591191026296
480,0.247623210501772
480,0.277157850750466
480,0.269370131641847
480,0.264716114357935
480,0.271454038052643
480,0.298298578251894
480,0.252608172836437
480,0.239714032467254
480,0.271138387950951
480,0.260726714518614
480,0.284838260118301
480,0.262569349441801
480,0.302999799131795
480,0.230297077049722
480,0.237411441743998
480,0.298436985095448
480,0.288267070458102
480,0.264690599347176
480,0.242705928195533
480,0.253833482025277
480,0.261914850997909
480,0.281164405447817
480,0.242828123346709
480,0.269824489572765
480,0.227377146646558
480,0.25987250711212
480,0.286228010129367
480,0.230862357843714
480,0.281722796572073
480,0.247368706686514
480,0.249471592735131
480,0.265732736764919
480,0.30537213097563
480,0.310827565759408
480,0.247298576034025
480,0.231726217010424
480,0.28242926065358
480,0.255816492114066
480,0.221608747760958
480,0.282193656950327
480,0.266975751853782
480,0.293892568571556
480,0.266754394785703
480,0.284969276543456
480,0.269378413420951
480,0.288928791539885
480,0.305390971709338
480,0.262590368562542
480,0.271901674539365
480,0.274681194831005
480,0.286575011185667
480,0.266283196155037
480,0.242685937897349
480,0.297612382662928
480,0.273636867631212
480,0.277990792431665
480,0.295270519893277
480,0.305017607149051
480,0.300878383638046
480,0.262915310056758
480,0.244857498499809
480,0.302672539641675
480,0.23960140855903
480,0.29475536339158
480,0.30253411048441
480,0.246492296671701
480,0.287542432669384
480,0.246674966697813
480,0.304226231032941
480,0.256077793266294
480,0.249625156410627
480,0.279305923756289
480,0.279427271007165
480,0.265543169945373
480,0.250788257887617
480,0.26845291266475
480,0.269759687767057
480,0.251284855530145
480,0.316752560753599
480,0.287328047090123
480,0.296413449692025
480,0.295698975869742
480,0.297909544022642
480,0.231057231504099
480,0.280133152440244
480,0.29061220350507
480,0.249691291129062
480,0.285598150721624
480,0.311196001286838
480,0.294341887750832
480,0.268458775698065
480,0.251263665794538
480,0.291361095799395
480,0.299530608290694
480,0.210308436386312
480,0.310015957646307
480,0.297660535904663
480,0.225551831464468
480,0.258167419961094
560,0.289788529485141
560,0.265320227787708
560,0.286925768942385
560,0.253296002482436
560,0.253218321174144
560,0.282248836156869
560,0.255318912621145
560,0.299327302484045
560,0.288568436898831
560,0.28094824612357
560,0.257510876296353
560,0.280011334705141
560,0.286587598995475
560,0.257598088439937
560,0.257582436742601
560,0.293306143094407
560,0.300177410277131
560,0.267491719553671
560,0.255043711561169
560,0.271080252461534
560,0.29357731233844
560,0.327826281622853
560,0.273599107600764
560,0.276676998644575
560,0.294505146369548
560,0.243154079443146
560,0.297689703747117
560,0.290429374830198
560,0.225288483932021
560,0.279159730427025
560,0.291032693619671
560,0.290010254756551
560,0.283468464687387
560,0.287040043108747
560,0.285575439280848
560,0.281314915393213
560,0.28918511193406
560,0.252946996436464
560,0.273854808506298
560,0.265601248216565
560,0.282960506204937
560,0.256923405379734
560,0.303211873377308
560,0.242227731649363
560,0.251829370853507
560,0.209399335611636
560,0.25033899487926
560,0.268555845455613
560,0.281128123350175
560,0.256455936534944
560,0.228389418938271
560,0.301904144502063
560,0.255074138626396
560,0.264354299865996
560,0.264777221993106
560,0.303285840372607
560,0.280924897408199
560,0.265674298822445
560,0.293517144039654
560,0.251257236937116
560,0.252642985760088
560,0.281956326155321
560,0.291859494826859
560,0.265878499447036
560,0.278387118185707
560,0.275907981672526
560,0.283436625149318
560,0.335617164728589
560,0.264509798399949
560,0.275940910373038
560,0.281333113688038
560,0.291595773464975
560,0.252586084141085
560,0.245166068927497
560,0.247744305868817
560,0.260300717767373
560,0.222125454765814
560,0.329889491515272
560,0.240760604541343
560,0.223936815338665
560,0.328699473619767
560,0.227823109783388
560,0.257628292504579
560,0.251258828309846
560,0.284568127356035
560,0.269144183505012
560,0.286237571578741
560,0.262353515779612
560,0.268001564226285
560,0.310074939641283
560,0.233914091469729
560,0.29832922805692
560,0.265498516288426
560,0.275028906756228
560,0.224756684401823
560,0.290040681544303
560,0.283263301208607
560,0.243445530820561
560,0.281132117719447
560,0.264633073326944
640,0.285056692069539
640,0.293126312283969
640,0.277338339059726
640,0.301690816569119
640,0.279879537507867
640,0.269532471465919
640,0.301494087290818
640,0.247122804771081
640,0.31413530478283
640,0.296118856500121
640,0.283003167094456
640,0.282167354704695
640,0.243387321744342
640,0.290629381251732
640,0.305810622951255
640,0.280922268909271
640,0.299486604762729
640,0.273190982813827
640,0.266392567164632
640,0.275141693770419
640,0.275503887914858
640,0.280573568295537
640,0.276137599577966
640,0.282796917536762
640,0.279627553107804
640,0.297606014772548
640,0.292248441805754
640,0.244288253036642
640,0.262094596927908
640,0.213671997864931
640,0.242180468868461
640,0.270983554907529
640,0.286244722488807
640,0.307396986451042
640,0.314592103347818
640,0.268603375238846
640,0.266116458115079
640,0.272530696290203
640,0.299394529844959
640,0.289443611818005
640,0.216090837037702
640,0.287337823992287
640,0.240995072066802
640,0.265231561236594
640,0.290490589566566
640,0.249205590456268
640,0.292119835179565
640,0.2646156313963
640,0.272616436239574
640,0.262975368499694
640,0.292056037995546
640,0.277411331087941
640,0.264050922793528
640,0.260298457184494
640,0.253921684070395
640,0.267432909608963
640,0.273902752009695
640,0.247654089240706
640,0.279274346073937
640,0.24895449181711
640,0.300182607607683
640,0.277417405022686
640,0.233470304958665
640,0.243984179659866
640,0.239658020649731
640,0.267681513993293
640,0.266476182056521
640,0.28895515493438
640,0.263101574550321
640,0.220272844068963
640,0.272727556497667
640,0.280644150708661
640,0.283311763006972
640,0.307396795363625
640,0.302858175907169
640,0.269900738796462
640,0.293607360923628
640,0.279011956730876
640,0.249963790040401
640,0.305353296605263
640,0.273135841708294
640,0.237463129945086
640,0.238953020414236
640,0.264525089308549
640,0.269744404912759
640,0.29791540444972
640,0.243559461491935
640,0.287992660647442
640,0.287714935261511
640,0.315631131847214
640,0.256821212481741
640,0.239060311224059
640,0.320606065536435
640,0.296169771057087
640,0.296066122720658
640,0.259939369844012
640,0.304853343417588
640,0.288507761589858
640,0.308415324984348
640,0.289450379109555
720,0.292115648439157
720,0.323388497507187
720,0.274425259810001
720,0.297444316211851
720,0.269116393417418
720,0.276577341232777
720,0.260444903094182
720,0.303821567676431
720,0.265539563406376
720,0.27572730954579
720,0.230280546936661
720,0.299719833445126
720,0.301513674845848
720,0.300463329799064
720,0.294015817014556
720,0.255915947439331
720,0.288943847074528
720,0.287299539839702
720,0.28229913652425
720,0.285686913766674
720,0.304639704723365
720,0.253211451601207
720,0.269700298114253
720,0.300710736995367
720,0.274024060356354
720,0.268276198933526
720,0.282513005907072
720,0.301698704441125
720,0.298279677847261
720,0.233410719651384
720,0.254811769989831
720,0.284717464734218
720,0.264875798408745
720,0.289113759411698
720,0.278519828961074
720,0.251927115735775
720,0.305030368945745
720,0.256128096011546
720,0.281990036917369
720,0.305968364902728
720,0.282254348978879
720,0.300872869449346
720,0.244783418145887
720,0.293158791765759
720,0.264180303720886
720,0.271976850765792
720,0.249827672231228
720,0.251395773154315
720,0.275163691450558
720,0.275038872017585
720,0.271723269942176
720,0.311516394211576
720,0.272287409073605
720,0.245014405837004
720,0.234994280642458
720,0.273424472038313
720,0.246000876829095
720,0.280731785867577
720,0.295470598233076
720,0.280783270051904
720,0.247985909153504
720,0.287266626041667
720,0.284256040234912
720,0.248459386343573
720,0.29344039155987
720,0.307267392505767
720,0.284047175917117
720,0.275856496123033
720,0.268493696709229
720,0.260966465464691
720,0.291844522043826
720,0.282965804713935
720,0.269636857854392
720,0.30562505606761
720,0.28066025489172
720,0.270730279510463
720,0.274468302455598
720,0.271386133480824
720,0.246231118961499
720,0.260737706445063
720,0.24744063101253
720,0.272141467340704
720,0.286011001964485
720,0.298412329665298
720,0.294847200229489
720,0.257492921396509
720,0.280720483520945
720,0.329481483246895
720,0.255128064219816
720,0.316132000297788
720,0.286361525981623
720,0.327945994768937
720,0.257722158249214
720,0.280984260528113
720,0.28309708968517
720,0.257709791851893
720,0.295129892078325
720,0.274298758926575
720,0.290841014742509
720,0.277615949002067
800,0.28284848681192
800,0.250739335666204
800,0.290900316165882
800,0.29834523374497
800,0.255670353882391
800,0.281705017186434
800,0.28999039757741
800,0.293373713849266
800,0.254878778024349
800,0.293938088709524
800,0.325709168756758
800,0.274669527965661
800,0.2557080356889
800,0.24136910772742
800,0.278289233992877
800,0.284152750157029
800,0.283540708144978
800,0.286550950040369
800,0.294051703249579
800,0.265890961109085
800,0.238394911317265
800,0.270269287977528
800,0.255862566327929
800,0.293206831283184
800,0.247221154074006
800,0.271521778677077
800,0.302484145494543
800,0.248724416851033
800,0.24089863209448
800,0.266826939206966
800,0.253756056865821
800,0.261666998366738
800,0.28344311044109
800,0.262372379478203
800,0.240504247828211
800,0.294302003978094
800,0.27463093127924
800,0.274689046562182
800,0.273070604375914
800,0.277654643765032
800,0.290754838051407
800,0.300009942416858
800,0.296940373137906
800,0.253176003590462
800,0.22576834625365
800,0.269989064689204
800,0.28547369573982
800,0.289554513458072
800,0.289223854106751
800,0.292056863009665
800,0.281321762965414
800,0.287177303575354
800,0.281785807491356
800,0.302950906409263
800,0.273743795588598
800,0.294425137129397
800,0.296308327658835
800,0.272784706216062
800,0.312131950889578
800,0.272085004534687
800,0.261214547141047
800,0.293611262510859
800,0.272901937987817
800,0.268060718633676
800,0.28087200653713
800,0.311831869456947
800,0.322395653756764
800,0.267301799958824
800,0.265124582784705
800,0.283885101099209
800,0.260925831314438
800,0.302268583315256
800,0.285141350262046
800,0.27222823536965
800,0.28726598269639
800,0.284508313089047
800,0.296528834203216
800,0.297626999876284
800,0.290324645481338
800,0.276286164645497
800,0.292987526214857
800,0.247200534970913
800,0.279439541247074
800,0.281322923047662
800,0.306133205515732
800,0.28593110702111
800,0.29615143075174
800,0.259287411577526
800,0.274248594678328
800,0.297221200043186
800,0.303684983329406
800,0.276783867505958
800,0.269809638120214
800,0.278090908580719
800,0.274288475257627
800,0.28400876110657
800,0.296672271179751
800,0.27697505433652
800,0.260068089794144
800,0.310196162148401
880,0.260540939386839
880,0.263214525855201
880,0.293867016974285
880,0.27372709767077
880,0.26483132250295
880,0.285160829054521
880,0.270567546661294
880,0.301049429615321
880,0.270894068811474
880,0.293321768160984
880,0.301404843626326
880,0.268115521489439
880,0.264083187428689
880,0.289402832789577
880,0.284435367807795
880,0.279721103950713
880,0.242570802912596
880,0.304750824848421
880,0.272060638922458
880,0.274454409954994
880,0.233214223425404
880,0.284579702216001
880,0.254462759332245
880,0.276089020870881
880,0.219782562984941
880,0.261134314620805
880,0.289460389509083
880,0.273895019748439
880,0.285891870131763
880,0.294161684118669
880,0.295632539206203
880,0.275106933238737
880,0.258222457080401
880,0.281002981893395
880,0.281776986478075
880,0.287985441937741
880,0.266215417649159
880,0.28740871181387
880,0.274109434809422
880,0.259947076220025
880,0.267931665893174
880,0.318214505791573
880,0.271429220236796
880,0.274192175997364
880,0.284636522236618
880,0.240917609451282
880,0.283587445086954
880,0.280132643452983
880,0.261643981679669
880,0.285084071176212
880,0.269999171014227
880,0.284739783909547
880,0.283946044173232
880,0.264080544372762
880,0.300310282893372
880,0.264198674182459
880,0.272289611742169
880,0.295899428955133
880,0.315135954585177
880,0.313549100435889
880,0.305574802519336
880,0.29411655939972
880,0.25392731331079
880,0.273568308555459
880,0.257104475060974
880,0.298239264309492
880,0.26888966679944
880,0.314745683000673
880,0.243445396448261
880,0.282125884571115
880,0.30338698808135
880,0.291461502318915
880,0.300783685978107
880,0.237395971118208
880,0.252000356041777
880,0.282157227686804
880,0.228718629484212
880,0.306312366361905
880,0.247762188196963
880,0.299197352870026
880,0.261930125548803
880,0.299549459348258
880,0.302497162118815
880,0.28017282029303
880,0.314693350713345
880,0.250962548989703
880,0.287885634155348
880,0.284296990479703
880,0.266469781381826
880,0.288953641170692
880,0.278740725779144
880,0.276193728756894
880,0.275494703715343
880,0.282417679860304
880,0.250715476360172
880,0.282099057123725
880,0.236966700267141
880,0.297856617933915
880,0.243284877480465
880,0.279224642898896
960,0.31968596765244
960,0.239195409625646
960,0.287309711964126
960,0.281623921161399
960,0.241247678239387
960,0.25954891181408
960,0.293597125217482
960,0.264911001203221
960,0.247946673023489
960,0.250848552886169
960,0.272095767672647
960,0.266292670194297
960,0.283540849337883
960,0.287314271706409
960,0.300327878422598
960,0.260041071126128
960,0.286718866639766
960,0.291757650813226
960,0.254324374363486
960,0.25808012548952
960,0.300024036384224
960,0.296265217303687
960,0.302073451267721
960,0.272482733301608
960,0.2883150405779
960,0.302650355540697
960,0.270178269936576
960,0.273490519746889
960,0.255482762616427
960,0.262425247688231
960,0.307351392061673
960,0.307830782685536
960,0.277440959182624
960,0.265439396016114
960,0.280556428704703
960,0.266718666849843
960,0.284406940786914
960,0.285883263130638
960,0.265235673472211
960,0.259401238594791
960,0.265728393918502
960,0.314468549948669
960,0.254710196217108
960,0.291680980291491
960,0.275993949814645
960,0.260277782596911
960,0.287159649083676
960,0.243050795099272
960,0.232842966404822
960,0.301254328574382
960,0.307036028826104
960,0.299286898842675
960,0.252851111594796
960,0.257690146668867
960,0.278276458203681
960,0.300753059592039
960,0.292789025153388
960,0.254618566630826
960,0.269268871757999
960,0.262692274036654
960,0.313224930728838
960,0.260930104888846
960,0.3308463886909
960,0.285413983733367
960,0.278582625568027
960,0.318869909340521
960,0.295593571987988
960,0.262649713291347
960,0.264607080347536
960,0.273940017624847
960,0.295726502007859
960,0.287636593712925
960,0.282675119898972
960,0.282511549828421
960,0.24826399524622
960,0.284683617824348
960,0.271272306511383
960,0.274044889458937
960,0.323213261045165
960,0.285460943225137
960,0.264264334140879
960,0.311689392417909
960,0.246905332603711
960,0.299852705928883
960,0.286563336347563
960,0.29252173369781
960,0.253489876782395
960,0.268034557468
960,0.29393120042916
960,0.258486255745704
960,0.249690472937554
960,0.281932529352429
960,0.290697039682832
960,0.301391679119887
960,0.259517484506686
960,0.243297877975061
960,0.280008539724963
960,0.283679719087895
960,0.250157146380499
960,0.277663582469958
1040,0.289284514667796
1040,0.287689098637868
1040,0.285103961966495
1040,0.295655621218895
1040,0.271876374373889
1040,0.320731991278555
1040,0.285890382349702
1040,0.289088980387073
1040,0.301214741938306
1040,0.254456629804972
1040,0.251578291750982
1040,0.25574666298232
1040,0.246802676663442
1040,0.271602145181409
1040,0.289796780350138
1040,0.281940228288506
1040,0.285882496675553
1040,0.27754453459562
1040,0.264044518851751
1040,0.280897503214069
1040,0.253010759280097
1040,0.25803570948417
1040,0.283331482229744
1040,0.306399266151501
1040,0.306582379483076
1040,0.290247443136962
1040,0.28005890579526
1040,0.249505779237975
1040,0.298865772266915
1040,0.271016655467804
1040,0.284051955532463
1040,0.257063248994542
1040,0.263421325472469
1040,0.269462538221452
1040,0.268810318835024
1040,0.293868015019683
1040,0.303687166938797
1040,0.265502762717468
1040,0.309872759869124
1040,0.263421048409911
1040,0.263098426512241
1040,0.302714312868902
1040,0.322560127274413
1040,0.25847123668519
1040,0.254323107122681
1040,0.286136524901142
1040,0.257448928300393
1040,0.26700290497074
1040,0.294870471837623
1040,0.274043559912183
1040,0.302813432359077
1040,0.29582561692752
1040,0.289076638591393
1040,0.279374170758553
1040,0.297158283704732
1040,0.265465656355708
1040,0.298075560980606
1040,0.299245511493562
1040,0.220219790583939
1040,0.284741157090589
1040,0.242536685405841
1040,0.299490302111294
1040,0.323455742845916
1040,0.275096396151249
1040,0.270559614324602
1040,0.290965975871945
1040,0.307509408307564
1040,0.288460501928368
1040,0.313980126554067
1040,0.231279743428593
1040,0.294012009038068
1040,0.285897171361565
1040,0.258709337836673
1040,0.261076954690079
1040,0.254133130690239
1040,0.28427539862664
1040,0.288063030512094
1040,0.293972129833988
1040,0.314136536981178
1040,0.269295092935475
1040,0.29784770470092
1040,0.270297926155763
1040,0.291767362249931
1040,0.316189143308184
1040,0.290223569218987
1040,0.260340276120285
1040,0.282142226134013
1040,0.265264852338014
1040,0.277978772302771
1040,0.265748874069269
1040,0.263051118012958
1040,0.277745517953852
1040,0.267678637792354
1040,0.313559690615872
1040,0.261410010347461
1040,0.252899544916337
1040,0.28417684205364
1040,0.303645059917728
1040,0.311217623061911
1040,0.290307709999491
1120,0.262524211354498
1120,0.304935906018659
1120,0.294350968488912
1120,0.315541275647836
1120,0.256685632060902
1120,0.265263905148088
1120,0.260301415139346
1120,0.311968684812754
1120,0.249354133490332
1120,0.279186947655579
1120,0.270901494884918
1120,0.291291313789035
1120,0.286123783023704
1120,0.298135860033977
1120,0.280851429903208
1120,0.281856499326465
1120,0.271800841265821
1120,0.266088679157289
1120,0.25039140371676
1120,0.287140266460246
1120,0.287540041407839
1120,0.247740232420948
1120,0.284685171586292
1120,0.294062753116226
1120,0.272813472028698
1120,0.27195289138694
1120,0.268106395921448
1120,0.304396417971219
1120,0.263936914915886
1120,0.250516930652478
1120,0.245557642033642
1120,0.305898541344131
1120,0.301709428409901
1120,0.26988548530968
1120,0.303763363336091
1120,0.269554076821691
1120,0.296310941926561
1120,0.275495718488475
1120,0.294911147418998
1120,0.295980553367517
1120,0.284514463609637
1120,0.286327734741558
1120,0.269894662954142
1120,0.265904880081446
1120,0.27071906729914
1120,0.262642565376823
1120,0.282686216305545
1120,0.259030455480968
1120,0.251555442613254
1120,0.293027909583381
1120,0.285526227691132
1120,0.292321800397839
1120,0.299100561927314
1120,0.286656948068187
1120,0.28383786091527
1120,0.253123594493152
1120,0.255679551430471
1120,0.302532561847674
1120,0.280036296576836
1120,0.270765203040082
1120,0.286827715309281
1120,0.281989049503089
1120,0.309794134245422
1120,0.272207095358274
1120,0.278667262790804
1120,0.268955950921877
1120,0.271910089218432
1120,0.266560630261286
1120,0.287340897400472
1120,0.279234945059759
1120,0.296638944916863
1120,0.246247979353946
1120,0.256637818105798
1120,0.282404487808719
1120,0.246652427059134
1120,0.272180638290078
1120,0.254838814286675
1120,0.266516043564659
1120,0.293352950971921
1120,0.279950742483134
1120,0.300588295613756
1120,0.299498883742664
1120,0.291909104180603
1120,0.246424046659482
1120,0.276029630622319
1120,0.278486491418034
1120,0.27018222182976
1120,0.284723515619419
1120,0.271326275055337
1120,0.283719946467121
1120,0.266066900052056
1120,0.260002373220816
1120,0.297813866126875
1120,0.266219872850703
1120,0.254588403227358
1120,0.291904684916135
1120,0.287162801112852
1120,0.318119972583152
1120,0.271447201803121
1120,0.265949357409867
1200,0.293382525828602
1200,0.275698714622363
1200,0.294558958824224
1200,0.24710907940851
1200,0.273749040257173
1200,0.306884607223666
1200,0.275559335693859
1200,0.247604696341265
1200,0.295510218955741
1200,0.243380864359207
1200,0.27016423770091
1200,0.293714406630662
1200,0.256438405208061
1200,0.25663775981643
1200,0.278625545595818
1200,0.264786942559768
1200,0.319675441476238
1200,0.282363710737909
1200,0.261000986251731
1200,0.26888321789026
1200,0.282408751584334
1200,0.281016523913587
1200,0.301665401615522
1200,0.288900875560839
1200,0.288408516862995
1200,0.264595631157628
1200,0.271623464833688
1200,0.28756123723806
1200,0.285248554937318
1200,0.281335247314983
1200,0.275324833626774
1200,0.281790712696871
1200,0.285140368836573
1200,0.249836350592267
1200,0.312674673935499
1200,0.270895063240775
1200,0.278402534089985
1200,0.31222922410454
1200,0.29677611751922
1200,0.267982375792168
1200,0.295971917418778
1200,0.304744800385441
1200,0.300576928006043
1200,0.270031873918913
1200,0.30447114794238
1200,0.296099335620027
1200,0.236417082942018
1200,0.289009306695705
1200,0.26019061355438
1200,0.274365454766872
1200,0.275610878786201
1200,0.258762529147679
1200,0.271745502775854
1200,0.305216706887651
1200,0.271686790309259
1200,0.275541934802241
1200,0.305315378148146
1200,0.291390103411634
1200,0.235040522886917
1200,0.292676460548074
1200,0.258296926494455
1200,0.29509514970493
1200,0.270341673547529
1200,0.315665645126986
1200,0.280481245085039
1200,0.282575979337586
1200,0.278077229546321
1200,0.243480028510272
1200,0.281617972077415
1200,0.263403426128201
1200,0.276420742956965
1200,0.28387857302569
1200,0.285260535114364
1200,0.313073975639689
1200,0.265459520254454
1200,0.293910675820119
1200,0.294937890650148
1200,0.286487415954837
1200,0.258276181142936
1200,0.279434175084673
1200,0.31318596119819
1200,0.245458731673472
1200,0.239001175631451
1200,0.271676623323752
1200,0.29225908838639
1200,0.292976321301228
1200,0.282734125744259
1200,0.270179375086963
1200,0.269235485102282
1200,0.294052925168327
1200,0.269121477992445
1200,0.283345320007881
1200,0.266595275803168
1200,0.282757696012604
1200,0.275996336351942
1200,0.266399644427002
1200,0.308104650412655
1200,0.279147656781796
1200,0.262672544426104
1200,0.273582432985094
1280,0.272863627045983
1280,0.289462444061146
1280,0.284226057935536
1280,0.288548503793453
1280,0.270943501782504
1280,0.264540160255943
1280,0.272990247151596
1280,0.266903893455891
1280,0.280291107391292
1280,0.290428144208957
1280,0.298492938579297
1280,0.243861498121979
1280,0.273152338508851
1280,0.293214023716295
1280,0.26097867546336
1280,0.258500150405274
1280,0.277236829263358
1280,0.294555758848456
1280,0.276746882452607
1280,0.279408843134
1280,0.278406652429907
1280,0.270045615988264
1280,0.27326000925224
1280,0.258487580262341
1280,0.270353199796107
1280,0.295812333311249
1280,0.265834464127467
1280,0.283516970859669
1280,0.296685187517494
1280,0.282259501491006
1280,0.270786424937029
1280,0.268858692225487
1280,0.311728045070316
1280,0.279985896148519
1280,0.282363340821462
1280,0.259470374647823
1280,0.293001071612658
1280,0.273602523604642
1280,0.286999593719033
1280,0.286024576093843
1280,0.293927884726065
1280,0.268016897002817
1280,0.259188290093596
1280,0.292560637065078
1280,0.298107367943801
1280,0.286324136555941
1280,0.27777062299655
1280,0.290521531204748
1280,0.293042604376389
1280,0.287681683972228
1280,0.312712192248299
1280,0.280465692079808
1280,0.285470466590386
1280,0.264029031555587
1280,0.257140377878415
1280,0.268087833945782
1280,0.262930382639689
1280,0.258775112572787
1280,0.313039714277032
1280,0.251908461293334
1280,0.263480156490499
1280,0.274546195914389
1280,0.297307080076856
1280,0.25854136355521
1280,0.279307061667735
1280,0.274249518211528
1280,0.27294773652869
1280,0.286601465350972
1280,0.29211389726021
1280,0.275100698918855
1280,0.256795576537371
1280,0.279510136112976
1280,0.292270593745459
1280,0.297667550266387
1280,0.271904575258708
1280,0.304388620133577
1280,0.281116570620692
1280,0.252014574856629
1280,0.259484823986629
1280,0.304363335514911
1280,0.272159297368204
1280,0.295402216344872
1280,0.28221724938797
1280,0.293711391165863
1280,0.255906771671235
1280,0.288652171173851
1280,0.28057065515084
1280,0.265912396650533
1280,0.281971269960932
1280,0.253537102188481
1280,0.287778996805901
1280,0.281780614158727
1280,0.286093856596223
1280,0.315342001641374
1280,0.264907034224583
1280,0.304351636134513
1280,0.264083962753048
1280,0.288570410507589
1280,0.307642352642561
1280,0.294519708678433
1360,0.293806367204108
1360,0.277212137679234
1360,0.265828220652149
1360,0.283881536524733
1360,0.289916958384751
1360,0.273367493689832
1360,0.243848236968352
1360,0.251271474834096
1360,0.279530503188798
1360,0.272089349864415
1360,0.29564023018246
1360,0.283866834714462
1360,0.252760437309562
1360,0.305393831153057
1360,0.256633990303797
1360,0.278866538349327
1360,0.280365287837592
1360,0.248970193902181
1360,0.272970656730359
1360,0.260663813830685
1360,0.294742783911785
1360,0.282159453359811
1360,0.267607975274613
1360,0.281534248117512
1360,0.307012349727387
1360,0.288317207942055
1360,0.270879304478854
1360,0.271590668541785
1360,0.263884961668338
1360,0.252409985941464
1360,0.275048676256963
1360,0.27194015505384
1360,0.281741824171137
1360,0.269822594729608
1360,0.321114236552848
1360,0.278424463278193
1360,0.302197508702388
1360,0.270541634476703
1360,0.269692433131472
1360,0.273596126756518
1360,0.280791576720429
1360,0.264876794119575
1360,0.275868035866191
1360,0.297807476633995
1360,0.266900359556361
1360,0.279386797926665
1360,0.264613059124879
1360,0.312390780052224
1360,0.282128935856136
1360,0.269499571461656
1360,0.286945255848747
1360,0.290380259168456
1360,0.278600221044207
1360,0.28011116816698
1360,0.292276740792827
1360,0.245885583599317
1360,0.279958021507204
1360,0.255766761829962
1360,0.286148822189425
1360,0.273858505989674
1360,0.253279022793593
1360,0.286390930705795
1360,0.255480159860689
1360,0.322820095451406
1360,0.281794935716277
1360,0.292283127703541
1360,0.273181683842916
1360,0.275157897425619
1360,0.246122313722266
1360,0.296283477433584
1360,0.260871760195823
1360,0.280537396961855
1360,0.287310938442575
1360,0.274324832946866
1360,0.271720536251443
1360,0.261912970971196
1360,0.283228837205762
1360,0.282422270378342
1360,0.303128212350918
1360,0.299908683313427
1360,0.293304427154212
1360,0.27136553776308
1360,0.262551537182835
1360,0.291640253448088
1360,0.264628905472692
1360,0.243158125400129
1360,0.26421001754947
1360,0.236860930278118
1360,0.271009882904912
1360,0.239363852466407
1360,0.30524217443943
1360,0.28128273689009
1360,0.264930609119783
1360,0.272807128064643
1360,0.283326323683703
1360,0.258875697604561
1360,0.267371477066653
1360,0.240538931294312
1360,0.257421717771126
1360,0.309461556018192
1440,0.262216449827447
1440,0.264137889727159
1440,0.275046162281333
1440,0.278600569358592
1440,0.281822341177677
1440,0.267066358325274
1440,0.278413010574709
1440,0.256924568581321
1440,0.268008400450015
1440,0.241947294614916
1440,0.301705575091705
1440,0.251877629610642
1440,0.283082968932119
1440,0.302817934316916
1440,0.256413077005795
1440,0.292336201926444
1440,0.269485049971333
1440,0.271338448326724
1440,0.299905241791337
1440,0.2888171632931
1440,0.284769319786687
1440,0.275348783373257
1440,0.24459156744737
1440,0.275127840796805
1440,0.274979343624384
1440,0.254750996856757
1440,0.283860787248942
1440,0.283981536310606
1440,0.294443776308693
1440,0.297319920816846
1440,0.275841120633684
1440,0.232576107904826
1440,0.222276318039272
1440,0.253605916497092
1440,0.263227259868417
1440,0.247046219843163
1440,0.283733930496019
1440,0.277280348259476
1440,0.264494231567464
1440,0.281288369885167
1440,0.292073540483067
1440,0.303988309475591
1440,0.301749493273322
1440,0.273088619663833
1440,0.281611206855216
1440,0.275235007601333
1440,0.269762937329152
1440,0.280285421837949
1440,0.300372847726979
1440,0.273373203186886
1440,0.281911941963782
1440,0.291335227873774
1440,0.29683394715728
1440,0.266385027976366
1440,0.299226564622981
1440,0.292031439249102
1440,0.264351391567334
1440,0.261602808756886
1440,0.286455033328882
1440,0.270137555516128
1440,0.26705026840489
1440,0.279544396310119
1440,0.262639895829727
1440,0.265963962571946
1440,0.298246966011706
1440,0.255406468448015
1440,0.28333574593064
1440,0.263571851518744
1440,0.251178854718462
1440,0.279342555776956
1440,0.268933333986713
1440,0.269735452383855
1440,0.292639611487115
1440,0.281766712785366
1440,0.272202255593292
1440,0.274403681544832
1440,0.295291436760835
1440,0.279876963311036
1440,0.264295412841521
1440,0.276538523696746
1440,0.290381725643067
1440,0.273093147709987
1440,0.307623450824883
1440,0.286800506984815
1440,0.282585128108811
1440,0.274633796797401
1440,0.282445702135758
1440,0.272398557784047
1440,0.260300626400024
1440,0.2781577541089
1440,0.271686212210527
1440,0.298538272807652
1440,0.271369078363498
1440,0.292493984024791
1440,0.261765521085463
1440,0.249109462302307
1440,0.254910039030946
1440,0.299696769667454
1440,0.310068771102924
1440,0.281154133185353
